User_id,food_id,country_id,calories,protein_g,fat_g,carbs_g,goal_id,time_id,suitability_score,,
1,308,13,60,3,1,11,2,1,0,,
1,392,13,180,12,14,2,2,1,0,,
1,366,13,190,3,6,35,2,1,0,,436
1,44,13,150,12,10,1,2,1,0,,
1,137,13,60,1,1,12,2,1,0,,
1,103,13,100,2,8,6,2,1,0,,
1,393,13,80,2,3,12,2,1,0,,
1,205,13,90,6,2,13,2,1,0,,
1,182,13,250,18,18,4,2,1,0,,
1,282,13,43,0.5,0.1,11,2,1,0,,
1,276,13,200,8,8,26,2,2,0,,
1,345,13,80,2,0.5,18,2,2,0,,
1,160,13,165,12,11,6,2,2,0,,
1,397,13,90,12,3,5,2,2,0,,
1,87,13,185,20,10,4,2,2,1,,
1,391,13,150,22,6,4,2,2,1,,
1,304,13,170,18,10,5,2,2,0,,
1,367,13,60,3,4,4,2,2,0,,
1,358,13,130,3,0.3,28,2,2,0,,
1,217,13,140,18,6,4,2,2,0,,
1,238,13,180,11,12,9,2,3,0,,
1,67,13,200,19,12,8,2,3,1,,
1,359,13,110,22,2,1,2,3,1,,
1,275,13,190,10,8,22,2,3,0,,
1,279,13,175,14,11,6,2,3,0,,
1,24,13,155,18,8,3,2,3,0,,
1,183,13,100,21,2,1,2,3,1,,
1,151,13,120,8,4,14,2,3,0,,
1,433,13,140,4,9,10,2,3,0,,
1,117,13,210,18,14,4,2,3,0,,
2,196,9,165,8,11,12,3,1,0,,
2,98,9,190,6,10,22,3,1,0,,
2,293,9,230,9,14,20,3,1,0,,
2,251,9,200,10,7,25,3,1,0,,
2,145,9,55,1,0.5,13,3,1,0,,
2,331,9,140,10,11,2,3,1,0,,
2,306,9,120,7,3,16,3,1,0,,
2,241,9,43,0.5,0.1,11,3,1,0,,
2,262,9,90,6,6,4,3,1,0,,
2,265,9,110,4,2,18,3,1,0,,
2,383,9,200,14,9,16,3,2,1,,
2,77,9,185,12,10,14,3,2,1,,
2,294,9,105,9,3,11,3,2,0,,
2,83,9,220,16,12,13,3,2,1,,
2,131,9,95,15,2,5,3,2,1,,
2,187,9,160,14,6,14,3,2,1,,
2,38,9,90,6,1,16,3,2,0,,
2,191,9,120,2,10,8,3,2,0,,
2,125,9,140,20,6,5,3,2,1,,
2,169,9,150,4,6,25,3,2,0,,
2,292,9,240,22,16,0,3,3,1,,
2,72,9,270,12,16,22,3,3,1,,
2,99,9,170,8,11,10,3,3,0,,
2,66,9,210,26,12,0,3,3,0,,
2,399,9,110,6,6,9,3,3,0,,
2,17,9,120,24,3,0,3,3,1,,
2,25,9,200,22,12,2,3,3,1,,
2,190,9,70,2,4,8,3,3,0,,
2,405,9,180,15,8,14,3,3,1,,
2,225,9,100,7,2,15,3,3,0,,
3,196,9,165,8,11,12,2,1,0,,
3,98,9,190,6,10,22,2,1,0,,
3,293,9,230,9,14,20,2,1,0,,
3,251,9,200,10,7,25,2,1,0,,
3,145,9,55,1,0.5,13,2,1,0,,
3,331,9,140,10,11,2,2,1,0,,
3,306,9,120,7,3,16,2,1,0,,
3,241,9,43,0.5,0.1,11,2,1,0,,
3,262,9,90,6,6,4,2,1,0,,
3,265,9,110,4,2,18,2,1,0,,
3,383,9,200,14,9,16,2,2,0,,
3,77,9,185,12,10,14,2,2,0,,
3,294,9,105,9,3,11,2,2,0,,
3,83,9,220,16,12,13,2,2,0,,
3,131,9,95,15,2,5,2,2,0,,
3,187,9,160,14,6,14,2,2,0,,
3,38,9,90,6,1,16,2,2,0,,
3,191,9,120,2,10,8,2,2,0,,
3,125,9,140,20,6,5,2,2,1,,
3,169,9,150,4,6,25,2,2,0,,
3,292,9,240,22,16,0,2,3,1,,
3,72,9,270,12,16,22,2,3,0,,
3,99,9,170,8,11,10,2,3,0,,
3,66,9,210,26,12,0,2,3,1,,
3,399,9,110,6,6,9,2,3,0,,
3,17,9,120,24,3,0,2,3,1,,
3,25,9,200,22,12,2,2,3,1,,
3,190,9,70,2,4,8,2,3,0,,
3,405,9,180,15,8,14,2,3,0,,
3,225,9,100,7,2,15,2,3,0,,
4,176,7,230,21,15,0,2,1,1,,
4,246,7,35,3,1,4,2,1,0,,
4,260,7,210,18,11,14,2,1,0,,
4,386,7,150,10,10,4,2,1,0,,
4,52,7,130,3,0.3,28,2,1,0,,
4,364,7,80,8,4,2,2,1,0,,
4,287,7,20,1,0.1,4,2,1,0,,
4,162,7,1,0.1,0,0,2,1,0,,
4,273,7,170,5,1,35,2,1,0,,
4,116,7,35,6,0.5,5,2,1,0,,
4,323,7,145,7,2,24,2,2,0,,
4,402,7,105,23,0.5,0,2,2,1,,
4,300,7,160,6,7,20,2,2,0,,
4,416,7,220,3,14,22,2,2,0,,
4,104,7,115,5,1,22,2,2,0,,
4,94,7,160,20,8,1,2,2,1,,
4,70,7,90,7,6,2,2,2,0,,
4,118,7,122,11,5,10,2,2,0,,
4,324,7,190,21,9,6,2,2,1,,
4,34,7,130,22,4,1,2,2,1,,
4,92,7,175,20,7,8,2,3,1,,
4,26,7,195,12,10,18,2,3,0,,
4,407,7,285,22,18,10,2,3,1,,
4,51,7,45,3,2,4,2,3,0,,
4,29,7,140,18,6,2,2,3,0,,
4,245,7,160,20,7,5,2,3,1,,
4,370,7,100,18,2,2,2,3,0,,
4,102,7,30,4,0.5,2,2,3,0,,
4,266,7,90,7,3,8,2,3,0,,
4,202,7,150,9,7,14,2,3,0,,
5,264,10,120,5,4,18,2,1,0,,
5,48,10,155,13,11,1,2,1,0,,
5,427,10,260,6,12,35,2,1,0,,
5,121,10,52,11,0.2,0.7,2,1,0,,
5,435,10,70,4,2,10,2,1,0,,
5,68,10,140,6,5,18,2,1,0,,
5,142,10,80,1,0.5,18,2,1,0,,
5,255,10,160,9,4,22,2,1,0,,
5,218,10,45,3,2,4,2,1,0,,
5,248,10,600,20,50,20,2,1,1,,
5,82,10,150,19,7,2,2,2,1,,
5,112,10,105,7,3,13,2,2,0,,
5,249,10,85,3,5,10,2,2,0,,
5,93,10,140,26,3,0,2,2,1,,
5,170,10,110,20,3,0,2,2,1,,
5,226,10,75,5,1,12,2,2,0,,
5,59,10,110,3,1,23,2,2,0,,
5,69,10,210,22,12,2,2,2,1,,
5,277,10,150,9,11,4,2,2,0,,
5,395,10,60,2,3,7,2,2,0,,
5,259,10,180,20,10,2,2,3,1,,
5,23,10,150,19,7,0,2,3,1,,
5,80,10,130,12,5,12,2,3,0,,
5,267,10,90,2,6,8,2,3,0,,
5,357,10,120,22,2,4,2,3,1,,
5,239,10,160,10,10,8,2,3,0,,
5,31,10,200,25,11,0,2,3,1,,
5,305,10,120,8,1,20,2,3,0,,
5,296,10,50,1,2,8,2,3,0,,
5,428,10,260,9,1,55,2,3,0,,
6,310,6,150,9,10,8,1,1,1,,
6,139,6,50,1,0.3,12,1,1,1,,
6,424,6,380,8,12,60,1,1,0,,
6,158,6,130,11,8,6,1,1,1,,
6,47,6,140,11,10,1,1,1,1,,
6,133,6,250,7,9,36,1,1,0,,
6,60,6,180,4,6,28,1,1,0,,
6,16,6,60,1,0.2,15,1,1,1,,
6,289,6,340,6,17,40,1,1,0,,
6,124,6,30,2,1,3,1,1,1,,
6,65,6,170,9,14,3,1,2,0,,
6,244,6,60,3,1,10,1,2,1,,
6,256,6,140,4,5,21,1,2,1,,
6,283,6,150,7,3,24,1,2,1,,
6,166,6,100,18,2,2,1,2,1,,
6,400,6,160,15,8,10,1,2,0,,
6,426,6,220,10,8,28,1,2,0,,
6,223,6,180,12,2,30,1,2,0,,
6,333,6,160,14,4,18,1,2,0,,
6,317,6,75,2,5,7,1,2,1,,
6,165,6,120,23,3,0,1,3,1,,
6,274,6,180,22,10,3,1,3,0,,
6,85,6,175,21,9,4,1,3,0,,
6,410,6,200,24,10,5,1,3,0,,
6,20,6,130,22,4,0,1,3,1,,
6,58,6,150,25,4,2,1,3,1,,
6,378,6,110,6,5,12,1,3,1,,
6,398,6,105,22,1,2,1,3,1,,
6,33,6,210,26,12,0,1,3,0,,
6,414,6,160,8,7,18,1,3,0,,
7,278,12,180,5,8,24,3,1,0,,
7,351,12,160,6,10,12,3,1,0,,
7,140,12,45,1,0.1,10,3,1,0,,
7,234,12,210,12,15,8,3,1,1,,
7,46,12,200,18,14,1,3,1,1,,
7,157,12,120,8,4,14,3,1,0,,
7,431,12,260,8,10,34,3,1,0,,
7,179,12,60,1,0.2,15,3,1,0,,
7,123,12,360,6,18,45,3,1,0,,
7,101,12,340,4,20,38,3,1,0,,
7,332,12,165,10,5,22,3,2,0,,
7,149,12,50,1,3,5,3,2,0,,
7,172,12,110,22,2,0,3,2,1,,
7,230,12,120,8,4,15,3,2,0,,
7,201,12,310,32,20,0,3,2,0,,
7,321,12,180,5,12,14,3,2,0,,
7,189,12,100,18,2,2,3,2,1,,
7,95,12,140,7,6,15,3,2,0,,
7,326,12,95,3,6,9,3,2,0,,
7,288,12,85,2,5,9,3,2,0,,
7,147,12,140,20,7,2,3,3,1,,
7,315,12,165,31,4,0,3,3,0,,
7,20,12,130,22,4,0,3,3,1,,
7,181,12,170,26,7,0,3,3,0,,
7,350,12,210,18,12,8,3,3,1,,
7,376,12,110,5,8,6,3,3,0,,
7,163,12,25,2,0.1,4,3,3,0,,
7,14,12,105,22,1,2,3,3,1,,
7,36,12,220,28,12,0,3,3,0,,
7,334,12,150,20,6,4,3,3,1,,
8,155,4,115,9,4,12,2,1,0,,
8,349,4,240,7,15,20,2,1,0,,
8,42,4,180,10,15,2,2,1,0,,
8,429,4,310,10,3,62,2,1,0,,
8,130,4,190,13,15,1,2,1,0,,
8,138,4,74,1,0.3,19,2,1,0,,
8,385,4,280,9,18,22,2,1,0,,
8,109,4,25,1,0.2,5,2,1,0,,
8,18,4,130,4,3,22,2,1,0,,
8,152,4,42,0.8,0.1,11,2,1,0,,
8,153,4,110,4,9,5,2,2,0,,
8,90,4,160,24,6,1,2,2,1,,
8,253,4,180,10,11,12,2,2,0,,
8,228,4,105,8,3,14,2,2,0,,
8,178,4,160,30,2,0,2,2,1,,
8,375,4,140,4,8,15,2,2,0,,
8,13,4,110,22,2,0,2,2,1,,
8,97,4,130,7,4,18,2,2,0,,
8,318,4,75,2,5,7,2,2,0,,
8,341,4,140,18,6,4,2,2,0,,
8,214,4,260,25,18,0,2,3,1,,
8,20,4,130,22,4,0,2,3,1,,
8,79,4,190,22,10,3,2,3,1,,
8,377,4,110,6,4,14,2,3,0,,
8,32,4,180,20,10,4,2,3,1,,
8,186,4,200,25,11,0,2,3,1,,
8,150,4,125,7,4,16,2,3,0,,
8,314,4,160,24,7,2,2,3,1,,
8,188,4,95,18,2,1,2,3,0,,
8,411,4,85,2,5,9,2,3,0,,
9,278,12,180,5,8,24,3,1,0,,
9,351,12,160,6,10,12,3,1,0,,
9,140,12,45,1,0.1,10,3,1,0,,
9,234,12,210,12,15,8,3,1,1,,
9,46,12,200,18,14,1,3,1,1,,
9,157,12,120,8,4,14,3,1,0,,
9,431,12,260,8,10,34,3,1,0,,
9,179,12,60,1,0.2,15,3,1,0,,
9,123,12,360,6,18,45,3,1,0,,
9,101,12,340,4,20,38,3,1,0,,
9,332,12,165,10,5,22,3,2,0,,
9,149,12,50,1,3,5,3,2,0,,
9,172,12,110,22,2,0,3,2,1,,
9,230,12,120,8,4,15,3,2,0,,
9,201,12,310,32,20,0,3,2,0,,
9,321,12,180,5,12,14,3,2,0,,
9,189,12,100,18,2,2,3,2,1,,
9,95,12,140,7,6,15,3,2,0,,
9,326,12,95,3,6,9,3,2,0,,
9,288,12,85,2,5,9,3,2,0,,
9,147,12,140,20,7,2,3,3,1,,
9,315,12,165,31,4,0,3,3,0,,
9,20,12,130,22,4,0,3,3,1,,
9,181,12,170,26,7,0,3,3,0,,
9,350,12,210,18,12,8,3,3,1,,
9,376,12,110,5,8,6,3,3,0,,
9,163,12,25,2,0.1,4,3,3,0,,
9,14,12,105,22,1,2,3,3,1,,
9,36,12,220,28,12,0,3,3,0,,
9,334,12,150,20,6,4,3,3,1,,
10,176,7,230,21,15,0,2,1,1,,
10,246,7,35,3,1,4,2,1,0,,
10,260,7,210,18,11,14,2,1,0,,
10,386,7,150,10,10,4,2,1,0,,
10,52,7,130,3,0.3,28,2,1,0,,
10,364,7,80,8,4,2,2,1,0,,
10,287,7,20,1,0.1,4,2,1,0,,
10,162,7,1,0.1,0,0,2,1,0,,
10,273,7,170,5,1,35,2,1,0,,
10,116,7,35,6,0.5,5,2,1,0,,
10,323,7,145,7,2,24,2,2,0,,
10,402,7,105,23,0.5,0,2,2,1,,
10,300,7,160,6,7,20,2,2,0,,
10,416,7,220,3,14,22,2,2,0,,
10,104,7,115,5,1,22,2,2,0,,
10,94,7,160,20,8,1,2,2,1,,
10,70,7,90,7,6,2,2,2,0,,
10,118,7,122,11,5,10,2,2,0,,
10,324,7,190,21,9,6,2,2,1,,
10,34,7,130,22,4,1,2,2,1,,
10,92,7,175,20,7,8,2,3,1,,
10,26,7,195,12,10,18,2,3,0,,
10,407,7,285,22,18,10,2,3,1,,
10,51,7,45,3,2,4,2,3,0,,
10,29,7,140,18,6,2,2,3,0,,
10,245,7,160,20,7,5,2,3,1,,
10,370,7,100,18,2,2,2,3,0,,
10,102,7,30,4,0.5,2,2,3,0,,
10,266,7,90,7,3,8,2,3,0,,
10,202,7,150,9,7,14,2,3,0,,
11,278,12,180,5,8,24,2,1,0,,
11,351,12,160,6,10,12,2,1,0,,
11,140,12,45,1,0.1,10,2,1,0,,
11,234,12,210,12,15,8,2,1,0,,
11,46,12,200,18,14,1,2,1,0,,
11,157,12,120,8,4,14,2,1,0,,
11,431,12,260,8,10,34,2,1,0,,
11,179,12,60,1,0.2,15,2,1,0,,
11,123,12,360,6,18,45,2,1,0,,
11,101,12,340,4,20,38,2,1,0,,
11,332,12,165,10,5,22,2,2,0,,
11,149,12,50,1,3,5,2,2,0,,
11,172,12,110,22,2,0,2,2,1,,
11,230,12,120,8,4,15,2,2,0,,
11,201,12,310,32,20,0,2,2,1,,
11,321,12,180,5,12,14,2,2,0,,
11,189,12,100,18,2,2,2,2,0,,
11,95,12,140,7,6,15,2,2,0,,
11,326,12,95,3,6,9,2,2,0,,
11,288,12,85,2,5,9,2,2,0,,
11,147,12,140,20,7,2,2,3,1,,
11,315,12,165,31,4,0,2,3,1,,
11,20,12,130,22,4,0,2,3,1,,
11,181,12,170,26,7,0,2,3,1,,
11,350,12,210,18,12,8,2,3,0,,
11,376,12,110,5,8,6,2,3,0,,
11,163,12,25,2,0.1,4,2,3,0,,
11,14,12,105,22,1,2,2,3,1,,
11,36,12,220,28,12,0,2,3,1,,
11,334,12,150,20,6,4,2,3,1,,
12,240,14,120,7,9,4,2,1,0,,
12,342,14,270,9,5,50,2,1,0,,
12,421,14,260,18,20,2,2,1,0,,
12,272,14,80,1,8,3,2,1,0,,
12,194,14,350,2,25,30,2,1,0,,
12,379,14,330,14,30,2,2,1,0,,
12,43,14,145,12,10,1,2,1,0,,
12,384,14,400,10,25,38,2,1,0,,
12,2,14,250,5,22,10,2,1,0,,
12,110,14,20,1,0.1,4,2,1,0,,
12,115,14,180,20,10,4,2,2,1,,
12,229,14,75,5,1,12,2,2,0,,
12,212,14,190,9,8,22,2,2,0,,
12,62,14,120,4,1,25,2,2,0,,
12,64,14,50,4,2,4,2,2,0,,
12,206,14,220,24,13,2,2,2,1,,
12,415,14,240,8,9,32,2,2,0,,
12,374,14,110,2,8,10,2,2,0,,
12,337,14,40,1,2,5,2,2,0,,
12,89,14,155,24,6,0,2,2,1,,
12,216,14,230,25,14,0,2,3,1,,
12,19,14,130,23,4,0,2,3,1,,
12,28,14,200,11,9,20,2,3,0,,
12,200,14,240,18,16,10,2,3,0,,
12,269,14,120,12,7,4,2,3,0,,
12,55,14,300,10,18,26,2,3,0,,
12,209,14,140,10,10,4,2,3,0,,
12,184,14,200,25,11,0,2,3,1,,
12,420,14,125,8,3,17,2,3,0,,
12,373,14,135,9,7,10,2,3,0,,
13,196,9,165,8,11,12,1,1,0,,
13,98,9,190,6,10,22,1,1,0,,
13,293,9,230,9,14,20,1,1,0,,
13,251,9,200,10,7,25,1,1,0,,
13,145,9,55,1,0.5,13,1,1,1,,
13,331,9,140,10,11,2,1,1,1,,
13,306,9,120,7,3,16,1,1,1,,
13,241,9,43,0.5,0.1,11,1,1,1,,
13,262,9,90,6,6,4,1,1,1,,
13,265,9,110,4,2,18,1,1,1,,
13,383,9,200,14,9,16,1,2,0,,
13,77,9,185,12,10,14,1,2,0,,
13,294,9,105,9,3,11,1,2,1,,
13,83,9,220,16,12,13,1,2,0,,
13,131,9,95,15,2,5,1,2,1,,
13,187,9,160,14,6,14,1,2,0,,
13,38,9,90,6,1,16,1,2,1,,
13,191,9,120,2,10,8,1,2,1,,
13,125,9,140,20,6,5,1,2,1,,
13,169,9,150,4,6,25,1,2,1,,
13,292,9,240,22,16,0,1,3,0,,
13,72,9,270,12,16,22,1,3,0,,
13,99,9,170,8,11,10,1,3,0,,
13,66,9,210,26,12,0,1,3,0,,
13,399,9,110,6,6,9,1,3,1,,
13,17,9,120,24,3,0,1,3,1,,
13,25,9,200,22,12,2,1,3,0,,
13,190,9,70,2,4,8,1,3,1,,
13,405,9,180,15,8,14,1,3,0,,
13,225,9,100,7,2,15,1,3,1,,
14,176,7,230,21,15,0,3,1,1,,
14,246,7,35,3,1,4,3,1,0,,
14,260,7,210,18,11,14,3,1,1,,
14,386,7,150,10,10,4,3,1,0,,
14,52,7,130,3,0.3,28,3,1,0,,
14,364,7,80,8,4,2,3,1,0,,
14,287,7,20,1,0.1,4,3,1,0,,
14,162,7,1,0.1,0,0,3,1,0,,
14,273,7,170,5,1,35,3,1,0,,
14,116,7,35,6,0.5,5,3,1,0,,
14,323,7,145,7,2,24,3,2,0,,
14,402,7,105,23,0.5,0,3,2,1,,
14,300,7,160,6,7,20,3,2,0,,
14,416,7,220,3,14,22,3,2,0,,
14,104,7,115,5,1,22,3,2,0,,
14,94,7,160,20,8,1,3,2,1,,
14,70,7,90,7,6,2,3,2,0,,
14,118,7,122,11,5,10,3,2,1,,
14,324,7,190,21,9,6,3,2,1,,
14,34,7,130,22,4,1,3,2,1,,
14,92,7,175,20,7,8,3,3,1,,
14,26,7,195,12,10,18,3,3,1,,
14,407,7,285,22,18,10,3,3,1,,
14,51,7,45,3,2,4,3,3,0,,
14,29,7,140,18,6,2,3,3,1,,
14,245,7,160,20,7,5,3,3,1,,
14,370,7,100,18,2,2,3,3,1,,
14,102,7,30,4,0.5,2,3,3,0,,
14,266,7,90,7,3,8,3,3,0,,
14,202,7,150,9,7,14,3,3,0,,
15,264,10,120,5,4,18,2,1,0,,
15,48,10,155,13,11,1,2,1,0,,
15,427,10,260,6,12,35,2,1,0,,
15,121,10,52,11,0.2,0.7,2,1,0,,
15,435,10,70,4,2,10,2,1,0,,
15,68,10,140,6,5,18,2,1,0,,
15,142,10,80,1,0.5,18,2,1,0,,
15,255,10,160,9,4,22,2,1,0,,
15,218,10,45,3,2,4,2,1,0,,
15,248,10,600,20,50,20,2,1,1,,
15,82,10,150,19,7,2,2,2,1,,
15,112,10,105,7,3,13,2,2,0,,
15,249,10,85,3,5,10,2,2,0,,
15,93,10,140,26,3,0,2,2,1,,
15,170,10,110,20,3,0,2,2,1,,
15,226,10,75,5,1,12,2,2,0,,
15,59,10,110,3,1,23,2,2,0,,
15,69,10,210,22,12,2,2,2,1,,
15,277,10,150,9,11,4,2,2,0,,
15,395,10,60,2,3,7,2,2,0,,
15,259,10,180,20,10,2,2,3,1,,
15,23,10,150,19,7,0,2,3,1,,
15,80,10,130,12,5,12,2,3,0,,
15,267,10,90,2,6,8,2,3,0,,
15,357,10,120,22,2,4,2,3,1,,
15,239,10,160,10,10,8,2,3,0,,
15,31,10,200,25,11,0,2,3,1,,
15,305,10,120,8,1,20,2,3,0,,
15,296,10,50,1,2,8,2,3,0,,
15,428,10,260,9,1,55,2,3,0,,
16,155,4,115,9,4,12,2,1,0,,
16,349,4,240,7,15,20,2,1,0,,
16,42,4,180,10,15,2,2,1,0,,
16,429,4,310,10,3,62,2,1,0,,
16,130,4,190,13,15,1,2,1,0,,
16,138,4,74,1,0.3,19,2,1,0,,
16,385,4,280,9,18,22,2,1,0,,
16,109,4,25,1,0.2,5,2,1,0,,
16,18,4,130,4,3,22,2,1,0,,
16,152,4,42,0.8,0.1,11,2,1,0,,
16,153,4,110,4,9,5,2,2,0,,
16,90,4,160,24,6,1,2,2,1,,
16,253,4,180,10,11,12,2,2,0,,
16,228,4,105,8,3,14,2,2,0,,
16,178,4,160,30,2,0,2,2,1,,
16,375,4,140,4,8,15,2,2,0,,
16,13,4,110,22,2,0,2,2,1,,
16,97,4,130,7,4,18,2,2,0,,
16,318,4,75,2,5,7,2,2,0,,
16,341,4,140,18,6,4,2,2,0,,
16,214,4,260,25,18,0,2,3,1,,
16,20,4,130,22,4,0,2,3,1,,
16,79,4,190,22,10,3,2,3,1,,
16,377,4,110,6,4,14,2,3,0,,
16,32,4,180,20,10,4,2,3,1,,
16,186,4,200,25,11,0,2,3,1,,
16,150,4,125,7,4,16,2,3,0,,
16,314,4,160,24,7,2,2,3,1,,
16,188,4,95,18,2,1,2,3,0,,
16,411,4,85,2,5,9,2,3,0,,
17,335,11,115,8,8,4,3,1,0,,
17,134,11,110,7,2,18,3,1,0,,
17,380,11,280,2,0.4,75,3,1,0,,
17,210,11,120,10,7,5,3,1,0,,
17,430,11,240,8,2,48,3,1,0,,
17,49,11,110,8,1,19,3,1,0,,
17,7,11,45,1,2,6,3,1,0,,
17,122,11,95,7,6,3,3,1,0,,
17,173,11,320,21,24,2,3,1,1,,
17,271,11,250,7,9,35,3,1,0,,
17,81,11,170,12,6,20,3,2,1,,
17,215,11,210,17,12,15,3,2,1,,
17,171,11,160,19,6,10,3,2,1,,
17,203,11,130,7,4,18,3,2,0,,
17,168,11,150,24,5,0,3,2,1,,
17,224,11,115,8,3,15,3,2,0,,
17,362,11,100,21,1,1,3,2,1,,
17,197,11,160,8,10,14,3,2,0,,
17,317,11,70,1,4,8,3,2,0,,
17,268,11,85,3,4,10,3,2,0,,
17,174,11,240,25,16,0,3,3,0,,
17,88,11,180,20,9,2,3,3,1,,
17,413,11,110,5,2,18,3,3,0,,
17,20,11,130,20,5,0,3,3,1,,
17,207,11,90,5,3,12,3,3,0,,
17,6,11,70,5,1,11,3,3,0,,
17,257,11,180,8,10,15,3,3,0,,
17,178,11,160,30,2,0,3,3,0,,
17,371,11,110,6,4,13,3,3,0,,
17,258,11,220,24,13,1,3,3,1,,
18,196,9,165,8,11,12,2,1,0,,
18,98,9,190,6,10,22,2,1,0,,
18,293,9,230,9,14,20,2,1,0,,
18,251,9,200,10,7,25,2,1,0,,
18,145,9,55,1,0.5,13,2,1,0,,
18,331,9,140,10,11,2,2,1,0,,
18,306,9,120,7,3,16,2,1,0,,
18,241,9,43,0.5,0.1,11,2,1,0,,
18,262,9,90,6,6,4,2,1,0,,
18,265,9,110,4,2,18,2,1,0,,
18,383,9,200,14,9,16,2,2,0,,
18,77,9,185,12,10,14,2,2,0,,
18,294,9,105,9,3,11,2,2,0,,
18,83,9,220,16,12,13,2,2,0,,
18,131,9,95,15,2,5,2,2,0,,
18,187,9,160,14,6,14,2,2,0,,
18,38,9,90,6,1,16,2,2,0,,
18,191,9,120,2,10,8,2,2,0,,
18,125,9,140,20,6,5,2,2,1,,
18,169,9,150,4,6,25,2,2,0,,
18,292,9,240,22,16,0,2,3,1,,
18,72,9,270,12,16,22,2,3,0,,
18,99,9,170,8,11,10,2,3,0,,
18,66,9,210,26,12,0,2,3,1,,
18,399,9,110,6,6,9,2,3,0,,
18,17,9,120,24,3,0,2,3,1,,
18,25,9,200,22,12,2,2,3,1,,
18,190,9,70,2,4,8,2,3,0,,
18,405,9,180,15,8,14,2,3,0,,
18,225,9,100,7,2,15,2,3,0,,
19,156,15,59,10,0.4,3.6,3,1,0,,
19,365,15,70,3,1.5,12,3,1,0,,
19,329,15,52,11,0.2,0.7,3,1,1,,
19,423,15,250,12,4,42,3,1,1,,
19,39,15,57,0.7,0.3,14,3,1,0,,
19,403,15,230,20,15,1,3,1,1,,
19,106,15,98,11,4,3,3,1,1,,
19,8,15,160,4,12,12,3,1,0,,
19,284,15,110,3,8,10,3,1,0,,
19,161,15,50,2,0.5,10,3,1,0,,
19,167,15,165,31,3.6,0,3,2,0,,
19,401,15,120,20,4,0,3,2,1,,
19,404,15,190,15,6,20,3,2,1,,
19,298,15,140,5,3,22,3,2,0,,
19,185,15,200,22,12,0,3,2,1,,
19,352,15,23,3,0.4,3.6,3,2,0,,
19,226,15,116,9,0.4,20,3,2,0,,
19,311,15,150,25,5,0,3,2,0,,
19,355,15,35,3,0.4,7,3,2,0,,
19,96,15,160,8,6,18,3,2,0,,
19,12,15,105,23,0.9,0,3,3,1,,
19,320,15,140,29,2,0,3,3,0,,
19,343,15,240,27,14,0,3,3,0,,
19,163,15,20,2,0.1,4,3,3,0,,
19,22,15,86,1.6,0.1,20,3,3,0,,
19,348,15,31,0.6,0.6,7,3,3,0,,
19,418,15,150,30,3,0,3,3,0,,
19,50,15,99,24,0.3,0,3,3,1,,
19,84,15,40,3,1,5,3,3,0,,
19,396,15,100,10,5,4,3,3,0,,
20,363,2,160,9,6,18,1,1,0,,
20,307,2,50,1,0.2,11,1,1,1,,
20,291,2,230,10,8,30,1,1,0,,
20,328,2,280,5,14,34,1,1,0,,
20,346,2,35,3,2,2,1,1,1,,
20,390,2,155,13,11,1,1,1,0,,
20,432,2,80,5,3,9,1,1,1,,
20,360,2,140,3,0.5,31,1,1,1,,
20,242,2,60,2,1,12,1,1,1,,
20,303,2,250,6,4,48,1,1,0,,
20,208,2,180,16,11,7,1,2,0,,
20,236,2,115,9,7,4,1,2,1,,
20,35,2,130,14,6,6,1,2,1,,
20,361,2,110,21,3,0,1,2,1,,
20,61,2,80,4,3,10,1,2,1,,
20,74,2,200,18,12,8,1,2,0,,
20,195,2,65,4,3,7,1,2,1,,
20,340,2,170,7,5,24,1,2,0,,
20,369,2,45,3,2,4,1,2,1,,
20,76,2,190,12,8,18,1,2,0,,
20,285,2,220,25,13,0,1,3,0,,
20,406,2,240,20,17,3,1,3,0,,
20,381,2,150,18,8,2,1,3,1,,
20,4,2,210,12,11,16,1,3,0,,
20,37,2,90,6,6,4,1,3,1,,
20,222,2,180,21,8,7,1,3,0,,
20,53,2,35,2,2,3,1,3,1,,
20,233,2,100,2,7,8,1,3,1,,
20,57,2,160,10,6,16,1,3,0,,
20,120,2,40,2,3,2,1,3,1,,
21,240,14,120,7,9,4,1,1,1,,
21,342,14,270,9,5,50,1,1,0,,
21,421,14,260,18,20,2,1,1,0,,
21,272,14,80,1,8,3,1,1,1,,
21,194,14,350,2,25,30,1,1,0,,
21,379,14,330,14,30,2,1,1,0,,
21,43,14,145,12,10,1,1,1,1,,
21,384,14,400,10,25,38,1,1,0,,
21,2,14,250,5,22,10,1,1,0,,
21,110,14,20,1,0.1,4,1,1,1,,
21,115,14,180,20,10,4,1,2,0,,
21,229,14,75,5,1,12,1,2,1,,
21,212,14,190,9,8,22,1,2,0,,
21,62,14,120,4,1,25,1,2,1,,
21,64,14,50,4,2,4,1,2,1,,
21,206,14,220,24,13,2,1,2,0,,
21,415,14,240,8,9,32,1,2,0,,
21,374,14,110,2,8,10,1,2,1,,
21,337,14,40,1,2,5,1,2,1,,
21,89,14,155,24,6,0,1,2,0,,
21,216,14,230,25,14,0,1,3,0,,
21,19,14,130,23,4,0,1,3,1,,
21,28,14,200,11,9,20,1,3,0,,
21,200,14,240,18,16,10,1,3,0,,
21,269,14,120,12,7,4,1,3,1,,
21,55,14,300,10,18,26,1,3,0,,
21,209,14,140,10,10,4,1,3,1,,
21,184,14,200,25,11,0,1,3,0,,
21,420,14,125,8,3,17,1,3,1,,
21,373,14,135,9,7,10,1,3,1,,
22,176,7,230,21,15,0,1,1,0,,
22,246,7,35,3,1,4,1,1,1,,
22,260,7,210,18,11,14,1,1,0,,
22,386,7,150,10,10,4,1,1,1,,
22,52,7,130,3,0.3,28,1,1,1,,
22,364,7,80,8,4,2,1,1,1,,
22,287,7,20,1,0.1,4,1,1,1,,
22,162,7,1,0.1,0,0,1,1,1,,
22,273,7,170,5,1,35,1,1,0,,
22,116,7,35,6,0.5,5,1,1,1,,
22,323,7,145,7,2,24,1,2,1,,
22,402,7,105,23,0.5,0,1,2,1,,
22,300,7,160,6,7,20,1,2,0,,
22,416,7,220,3,14,22,1,2,0,,
22,104,7,115,5,1,22,1,2,1,,
22,94,7,160,20,8,1,1,2,0,,
22,70,7,90,7,6,2,1,2,1,,
22,118,7,122,11,5,10,1,2,1,,
22,324,7,190,21,9,6,1,2,0,,
22,34,7,130,22,4,1,1,2,1,,
22,92,7,175,20,7,8,1,3,0,,
22,26,7,195,12,10,18,1,3,0,,
22,407,7,285,22,18,10,1,3,0,,
22,51,7,45,3,2,4,1,3,1,,
22,29,7,140,18,6,2,1,3,1,,
22,245,7,160,20,7,5,1,3,0,,
22,370,7,100,18,2,2,1,3,1,,
22,102,7,30,4,0.5,2,1,3,1,,
22,266,7,90,7,3,8,1,3,1,,
22,202,7,150,9,7,14,1,3,1,,
23,155,4,115,9,4,12,2,1,0,,
23,349,4,240,7,15,20,2,1,0,,
23,42,4,180,10,15,2,2,1,0,,
23,429,4,310,10,3,62,2,1,0,,
23,130,4,190,13,15,1,2,1,0,,
23,138,4,74,1,0.3,19,2,1,0,,
23,385,4,280,9,18,22,2,1,0,,
23,109,4,25,1,0.2,5,2,1,0,,
23,18,4,130,4,3,22,2,1,0,,
23,152,4,42,0.8,0.1,11,2,1,0,,
23,153,4,110,4,9,5,2,2,0,,
23,90,4,160,24,6,1,2,2,1,,
23,253,4,180,10,11,12,2,2,0,,
23,228,4,105,8,3,14,2,2,0,,
23,178,4,160,30,2,0,2,2,1,,
23,375,4,140,4,8,15,2,2,0,,
23,13,4,110,22,2,0,2,2,1,,
23,97,4,130,7,4,18,2,2,0,,
23,318,4,75,2,5,7,2,2,0,,
23,341,4,140,18,6,4,2,2,0,,
23,214,4,260,25,18,0,2,3,1,,
23,20,4,130,22,4,0,2,3,1,,
23,79,4,190,22,10,3,2,3,1,,
23,377,4,110,6,4,14,2,3,0,,
23,32,4,180,20,10,4,2,3,1,,
23,186,4,200,25,11,0,2,3,1,,
23,150,4,125,7,4,16,2,3,0,,
23,314,4,160,24,7,2,2,3,1,,
23,188,4,95,18,2,1,2,3,0,,
23,411,4,85,2,5,9,2,3,0,,
24,237,5,170,4,7,26,2,1,0,,
24,290,5,160,3,4,28,2,1,0,,
24,199,5,130,4,0.5,28,2,1,0,,
24,408,5,180,5,8,25,2,1,0,,
24,353,5,105,7,0.5,19,2,1,0,,
24,263,5,140,5,4,22,2,1,0,,
24,119,5,160,12,11,2,2,1,0,,
24,114,5,160,6,4,26,2,1,0,,
24,144,5,50,1,0.3,12,2,1,0,,
24,3,5,600,20,52,18,2,1,1,,
24,277,5,160,9,12,6,2,2,0,,
24,73,5,195,12,8,23,2,2,0,,
24,299,5,135,6,3,24,2,2,0,,
24,132,5,145,15,8,4,2,2,0,,
24,250,5,110,3,6,12,2,2,0,,
24,113,5,115,7,4,15,2,2,0,,
24,111,5,130,3,4,20,2,2,0,,
24,388,5,120,20,4,1,2,2,1,,
24,243,5,250,8,2,50,2,2,0,,
24,63,5,60,2,3,8,2,2,0,,
24,387,5,150,24,5,1,2,3,1,,
24,434,5,100,7,2,14,2,3,0,,
24,313,5,80,2,5,8,2,3,0,,
24,220,5,210,18,14,4,2,3,0,,
24,368,5,230,18,16,4,2,3,0,,
24,347,5,150,14,7,10,2,3,0,,
24,219,5,45,1,2,6,2,3,0,,
24,86,5,140,18,7,4,2,3,0,,
24,41,5,110,3,1,23,2,3,0,,
24,204,5,100,4,7,6,2,3,0,,
25,196,9,165,8,11,12,2,1,0,,
25,98,9,190,6,10,22,2,1,0,,
25,293,9,230,9,14,20,2,1,0,,
25,251,9,200,10,7,25,2,1,0,,
25,145,9,55,1,0.5,13,2,1,0,,
25,331,9,140,10,11,2,2,1,0,,
25,306,9,120,7,3,16,2,1,0,,
25,241,9,43,0.5,0.1,11,2,1,0,,
25,262,9,90,6,6,4,2,1,0,,
25,265,9,110,4,2,18,2,1,0,,
25,383,9,200,14,9,16,2,2,0,,
25,77,9,185,12,10,14,2,2,0,,
25,294,9,105,9,3,11,2,2,0,,
25,83,9,220,16,12,13,2,2,0,,
25,131,9,95,15,2,5,2,2,0,,
25,187,9,160,14,6,14,2,2,0,,
25,38,9,90,6,1,16,2,2,0,,
25,191,9,120,2,10,8,2,2,0,,
25,125,9,140,20,6,5,2,2,1,,
25,169,9,150,4,6,25,2,2,0,,
25,292,9,240,22,16,0,2,3,1,,
25,72,9,270,12,16,22,2,3,0,,
25,99,9,170,8,11,10,2,3,0,,
25,66,9,210,26,12,0,2,3,1,,
25,399,9,110,6,6,9,2,3,0,,
25,17,9,120,24,3,0,2,3,1,,
25,25,9,200,22,12,2,2,3,1,,
25,190,9,70,2,4,8,2,3,0,,
25,405,9,180,15,8,14,2,3,0,,
25,225,9,100,7,2,15,2,3,0,,
26,196,9,165,8,11,12,2,1,0,,
26,98,9,190,6,10,22,2,1,0,,
26,293,9,230,9,14,20,2,1,0,,
26,251,9,200,10,7,25,2,1,0,,
26,145,9,55,1,0.5,13,2,1,0,,
26,331,9,140,10,11,2,2,1,0,,
26,306,9,120,7,3,16,2,1,0,,
26,241,9,43,0.5,0.1,11,2,1,0,,
26,262,9,90,6,6,4,2,1,0,,
26,265,9,110,4,2,18,2,1,0,,
26,383,9,200,14,9,16,2,2,0,,
26,77,9,185,12,10,14,2,2,0,,
26,294,9,105,9,3,11,2,2,0,,
26,83,9,220,16,12,13,2,2,0,,
26,131,9,95,15,2,5,2,2,0,,
26,187,9,160,14,6,14,2,2,0,,
26,38,9,90,6,1,16,2,2,0,,
26,191,9,120,2,10,8,2,2,0,,
26,125,9,140,20,6,5,2,2,1,,
26,169,9,150,4,6,25,2,2,0,,
26,292,9,240,22,16,0,2,3,1,,
26,72,9,270,12,16,22,2,3,0,,
26,99,9,170,8,11,10,2,3,0,,
26,66,9,210,26,12,0,2,3,1,,
26,399,9,110,6,6,9,2,3,0,,
26,17,9,120,24,3,0,2,3,1,,
26,25,9,200,22,12,2,2,3,1,,
26,190,9,70,2,4,8,2,3,0,,
26,405,9,180,15,8,14,2,3,0,,
26,225,9,100,7,2,15,2,3,0,,
27,156,15,59,10,0.4,3.6,1,1,1,,
27,365,15,70,3,1.5,12,1,1,1,,
27,329,15,52,11,0.2,0.7,1,1,1,,
27,423,15,250,12,4,42,1,1,0,,
27,39,15,57,0.7,0.3,14,1,1,1,,
27,403,15,230,20,15,1,1,1,0,,
27,106,15,98,11,4,3,1,1,1,,
27,8,15,160,4,12,12,1,1,0,,
27,284,15,110,3,8,10,1,1,1,,
27,161,15,50,2,0.5,10,1,1,1,,
27,167,15,165,31,3.6,0,1,2,0,,
27,401,15,120,20,4,0,1,2,1,,
27,404,15,190,15,6,20,1,2,0,,
27,298,15,140,5,3,22,1,2,1,,
27,185,15,200,22,12,0,1,2,0,,
27,352,15,23,3,0.4,3.6,1,2,1,,
27,226,15,116,9,0.4,20,1,2,1,,
27,311,15,150,25,5,0,1,2,1,,
27,355,15,35,3,0.4,7,1,2,1,,
27,96,15,160,8,6,18,1,2,0,,
27,12,15,105,23,0.9,0,1,3,1,,
27,320,15,140,29,2,0,1,3,1,,
27,343,15,240,27,14,0,1,3,0,,
27,163,15,20,2,0.1,4,1,3,1,,
27,22,15,86,1.6,0.1,20,1,3,1,,
27,348,15,31,0.6,0.6,7,1,3,1,,
27,418,15,150,30,3,0,1,3,1,,
27,50,15,99,24,0.3,0,1,3,1,,
27,84,15,40,3,1,5,1,3,1,,
27,396,15,100,10,5,4,1,3,1,,
28,240,14,120,7,9,4,2,1,0,,
28,342,14,270,9,5,50,2,1,0,,
28,421,14,260,18,20,2,2,1,0,,
28,272,14,80,1,8,3,2,1,0,,
28,194,14,350,2,25,30,2,1,0,,
28,379,14,330,14,30,2,2,1,0,,
28,43,14,145,12,10,1,2,1,0,,
28,384,14,400,10,25,38,2,1,0,,
28,2,14,250,5,22,10,2,1,0,,
28,110,14,20,1,0.1,4,2,1,0,,
28,115,14,180,20,10,4,2,2,1,,
28,229,14,75,5,1,12,2,2,0,,
28,212,14,190,9,8,22,2,2,0,,
28,62,14,120,4,1,25,2,2,0,,
28,64,14,50,4,2,4,2,2,0,,
28,206,14,220,24,13,2,2,2,1,,
28,415,14,240,8,9,32,2,2,0,,
28,374,14,110,2,8,10,2,2,0,,
28,337,14,40,1,2,5,2,2,0,,
28,89,14,155,24,6,0,2,2,1,,
28,216,14,230,25,14,0,2,3,1,,
28,19,14,130,23,4,0,2,3,1,,
28,28,14,200,11,9,20,2,3,0,,
28,200,14,240,18,16,10,2,3,0,,
28,269,14,120,12,7,4,2,3,0,,
28,55,14,300,10,18,26,2,3,0,,
28,209,14,140,10,10,4,2,3,0,,
28,184,14,200,25,11,0,2,3,1,,
28,420,14,125,8,3,17,2,3,0,,
28,373,14,135,9,7,10,2,3,0,,
29,155,4,115,9,4,12,2,1,0,,
29,349,4,240,7,15,20,2,1,0,,
29,42,4,180,10,15,2,2,1,0,,
29,429,4,310,10,3,62,2,1,0,,
29,130,4,190,13,15,1,2,1,0,,
29,138,4,74,1,0.3,19,2,1,0,,
29,385,4,280,9,18,22,2,1,0,,
29,109,4,25,1,0.2,5,2,1,0,,
29,18,4,130,4,3,22,2,1,0,,
29,152,4,42,0.8,0.1,11,2,1,0,,
29,153,4,110,4,9,5,2,2,0,,
29,90,4,160,24,6,1,2,2,1,,
29,253,4,180,10,11,12,2,2,0,,
29,228,4,105,8,3,14,2,2,0,,
29,178,4,160,30,2,0,2,2,1,,
29,375,4,140,4,8,15,2,2,0,,
29,13,4,110,22,2,0,2,2,1,,
29,97,4,130,7,4,18,2,2,0,,
29,318,4,75,2,5,7,2,2,0,,
29,341,4,140,18,6,4,2,2,0,,
29,214,4,260,25,18,0,2,3,1,,
29,20,4,130,22,4,0,2,3,1,,
29,79,4,190,22,10,3,2,3,1,,
29,377,4,110,6,4,14,2,3,0,,
29,32,4,180,20,10,4,2,3,1,,
29,186,4,200,25,11,0,2,3,1,,
29,150,4,125,7,4,16,2,3,0,,
29,314,4,160,24,7,2,2,3,1,,
29,188,4,95,18,2,1,2,3,0,,
29,411,4,85,2,5,9,2,3,0,,
30,335,11,115,8,8,4,2,1,0,,
30,134,11,110,7,2,18,2,1,0,,
30,380,11,280,2,0.4,75,2,1,0,,
30,210,11,120,10,7,5,2,1,0,,
30,430,11,240,8,2,48,2,1,0,,
30,49,11,110,8,1,19,2,1,0,,
30,7,11,45,1,2,6,2,1,0,,
30,122,11,95,7,6,3,2,1,0,,
30,173,11,320,21,24,2,2,1,1,,
30,271,11,250,7,9,35,2,1,0,,
30,81,11,170,12,6,20,2,2,0,,
30,215,11,210,17,12,15,2,2,0,,
30,171,11,160,19,6,10,2,2,1,,
30,203,11,130,7,4,18,2,2,0,,
30,168,11,150,24,5,0,2,2,1,,
30,224,11,115,8,3,15,2,2,0,,
30,362,11,100,21,1,1,2,2,1,,
30,197,11,160,8,10,14,2,2,0,,
30,317,11,70,1,4,8,2,2,0,,
30,268,11,85,3,4,10,2,2,0,,
30,174,11,240,25,16,0,2,3,1,,
30,88,11,180,20,9,2,2,3,1,,
30,413,11,110,5,2,18,2,3,0,,
30,20,11,130,20,5,0,2,3,1,,
30,207,11,90,5,3,12,2,3,0,,
30,6,11,70,5,1,11,2,3,0,,
30,257,11,180,8,10,15,2,3,0,,
30,178,11,160,30,2,0,2,3,1,,
30,371,11,110,6,4,13,2,3,0,,
30,258,11,220,24,13,1,2,3,1,,
31,1,1,100,2,5,14,1,1,1,,
31,280,1,310,6,18,34,1,1,0,,
31,389,1,180,4,6,30,1,1,0,,
31,281,1,43,0.5,0.1,11,1,1,1,,
31,54,1,320,5,14,45,1,1,0,,
31,180,1,50,0.5,0.2,13,1,1,1,,
31,330,1,145,12,10,1,1,1,1,,
31,425,1,250,9,3,48,1,1,0,,
31,108,1,110,4,0.5,23,1,1,1,,
31,146,1,60,2,0.5,12,1,1,1,,
31,129,1,170,14,9,10,1,2,0,,
31,252,1,150,12,9,6,1,2,1,,
31,286,1,240,25,15,0,1,2,0,,
31,75,1,220,12,10,22,1,2,0,,
31,309,1,130,6,1,25,1,2,1,,
31,167,1,165,31,3.6,0,1,2,0,,
31,339,1,180,15,11,8,1,2,0,,
31,192,1,30,2,0.2,5,1,2,1,,
31,319,1,50,1,2,8,1,2,1,,
31,127,1,350,3,12,60,1,2,0,,
31,100,1,230,26,14,0,1,3,0,,
31,21,1,120,23,3,0,1,3,1,,
31,91,1,190,16,12,7,1,3,0,,
31,235,1,160,1.5,0.3,38,1,3,0,,
31,247,1,20,2,0.2,4,1,3,1,,
31,175,1,110,22,2,1,1,3,1,,
31,27,1,210,22,13,1,1,3,0,,
31,327,1,50,3,3,6,1,3,1,,
31,148,1,130,20,5,2,1,3,1,,
31,417,1,110,4,7,9,1,3,1,,
32,155,4,115,9,4,12,3,1,0,,
32,349,4,240,7,15,20,3,1,0,,
32,42,4,180,10,15,2,3,1,0,,
32,429,4,310,10,3,62,3,1,0,,
32,130,4,190,13,15,1,3,1,1,,
32,138,4,74,1,0.3,19,3,1,0,,
32,385,4,280,9,18,22,3,1,0,,
32,109,4,25,1,0.2,5,3,1,0,,
32,18,4,130,4,3,22,3,1,0,,
32,152,4,42,0.8,0.1,11,3,1,0,,
32,153,4,110,4,9,5,3,2,0,,
32,90,4,160,24,6,1,3,2,1,,
32,253,4,180,10,11,12,3,2,0,,
32,228,4,105,8,3,14,3,2,0,,
32,178,4,160,30,2,0,3,2,0,,
32,375,4,140,4,8,15,3,2,0,,
32,13,4,110,22,2,0,3,2,1,,
32,97,4,130,7,4,18,3,2,0,,
32,318,4,75,2,5,7,3,2,0,,
32,341,4,140,18,6,4,3,2,1,,
32,214,4,260,25,18,0,3,3,0,,
32,20,4,130,22,4,0,3,3,1,,
32,79,4,190,22,10,3,3,3,1,,
32,377,4,110,6,4,14,3,3,0,,
32,32,4,180,20,10,4,3,3,1,,
32,186,4,200,25,11,0,3,3,0,,
32,150,4,125,7,4,16,3,3,0,,
32,314,4,160,24,7,2,3,3,1,,
32,188,4,95,18,2,1,3,3,1,,
32,411,4,85,2,5,9,3,3,0,,
33,310,6,150,9,10,8,1,1,1,,
33,139,6,50,1,0.3,12,1,1,1,,
33,424,6,380,8,12,60,1,1,0,,
33,158,6,130,11,8,6,1,1,1,,
33,47,6,140,11,10,1,1,1,1,,
33,133,6,250,7,9,36,1,1,0,,
33,60,6,180,4,6,28,1,1,0,,
33,16,6,60,1,0.2,15,1,1,1,,
33,289,6,340,6,17,40,1,1,0,,
33,124,6,30,2,1,3,1,1,1,,
33,65,6,170,9,14,3,1,2,0,,
33,244,6,60,3,1,10,1,2,1,,
33,256,6,140,4,5,21,1,2,1,,
33,283,6,150,7,3,24,1,2,1,,
33,166,6,100,18,2,2,1,2,1,,
33,400,6,160,15,8,10,1,2,0,,
33,426,6,220,10,8,28,1,2,0,,
33,223,6,180,12,2,30,1,2,0,,
33,333,6,160,14,4,18,1,2,0,,
33,317,6,75,2,5,7,1,2,1,,
33,165,6,120,23,3,0,1,3,1,,
33,274,6,180,22,10,3,1,3,0,,
33,85,6,175,21,9,4,1,3,0,,
33,410,6,200,24,10,5,1,3,0,,
33,20,6,130,22,4,0,1,3,1,,
33,58,6,150,25,4,2,1,3,1,,
33,378,6,110,6,5,12,1,3,1,,
33,398,6,105,22,1,2,1,3,1,,
33,33,6,210,26,12,0,1,3,0,,
33,414,6,160,8,7,18,1,3,0,,
34,278,12,180,5,8,24,2,1,0,,
34,351,12,160,6,10,12,2,1,0,,
34,140,12,45,1,0.1,10,2,1,0,,
34,234,12,210,12,15,8,2,1,0,,
34,46,12,200,18,14,1,2,1,0,,
34,157,12,120,8,4,14,2,1,0,,
34,431,12,260,8,10,34,2,1,0,,
34,179,12,60,1,0.2,15,2,1,0,,
34,123,12,360,6,18,45,2,1,0,,
34,101,12,340,4,20,38,2,1,0,,
34,332,12,165,10,5,22,2,2,0,,
34,149,12,50,1,3,5,2,2,0,,
34,172,12,110,22,2,0,2,2,1,,
34,230,12,120,8,4,15,2,2,0,,
34,201,12,310,32,20,0,2,2,1,,
34,321,12,180,5,12,14,2,2,0,,
34,189,12,100,18,2,2,2,2,0,,
34,95,12,140,7,6,15,2,2,0,,
34,326,12,95,3,6,9,2,2,0,,
34,288,12,85,2,5,9,2,2,0,,
34,147,12,140,20,7,2,2,3,1,,
34,315,12,165,31,4,0,2,3,1,,
34,20,12,130,22,4,0,2,3,1,,
34,181,12,170,26,7,0,2,3,1,,
34,350,12,210,18,12,8,2,3,0,,
34,376,12,110,5,8,6,2,3,0,,
34,163,12,25,2,0.1,4,2,3,0,,
34,14,12,105,22,1,2,2,3,1,,
34,36,12,220,28,12,0,2,3,1,,
34,334,12,150,20,6,4,2,3,1,,
35,196,9,165,8,11,12,2,1,0,,
35,98,9,190,6,10,22,2,1,0,,
35,293,9,230,9,14,20,2,1,0,,
35,251,9,200,10,7,25,2,1,0,,
35,145,9,55,1,0.5,13,2,1,0,,
35,331,9,140,10,11,2,2,1,0,,
35,306,9,120,7,3,16,2,1,0,,
35,241,9,43,0.5,0.1,11,2,1,0,,
35,262,9,90,6,6,4,2,1,0,,
35,265,9,110,4,2,18,2,1,0,,
35,383,9,200,14,9,16,2,2,0,,
35,77,9,185,12,10,14,2,2,0,,
35,294,9,105,9,3,11,2,2,0,,
35,83,9,220,16,12,13,2,2,0,,
35,131,9,95,15,2,5,2,2,0,,
35,187,9,160,14,6,14,2,2,0,,
35,38,9,90,6,1,16,2,2,0,,
35,191,9,120,2,10,8,2,2,0,,
35,125,9,140,20,6,5,2,2,1,,
35,169,9,150,4,6,25,2,2,0,,
35,292,9,240,22,16,0,2,3,1,,
35,72,9,270,12,16,22,2,3,0,,
35,99,9,170,8,11,10,2,3,0,,
35,66,9,210,26,12,0,2,3,1,,
35,399,9,110,6,6,9,2,3,0,,
35,17,9,120,24,3,0,2,3,1,,
35,25,9,200,22,12,2,2,3,1,,
35,190,9,70,2,4,8,2,3,0,,
35,405,9,180,15,8,14,2,3,0,,
35,225,9,100,7,2,15,2,3,0,,
36,335,11,115,8,8,4,2,1,0,,
36,134,11,110,7,2,18,2,1,0,,
36,380,11,280,2,0.4,75,2,1,0,,
36,210,11,120,10,7,5,2,1,0,,
36,430,11,240,8,2,48,2,1,0,,
36,49,11,110,8,1,19,2,1,0,,
36,7,11,45,1,2,6,2,1,0,,
36,122,11,95,7,6,3,2,1,0,,
36,173,11,320,21,24,2,2,1,1,,
36,271,11,250,7,9,35,2,1,0,,
36,81,11,170,12,6,20,2,2,0,,
36,215,11,210,17,12,15,2,2,0,,
36,171,11,160,19,6,10,2,2,1,,
36,203,11,130,7,4,18,2,2,0,,
36,168,11,150,24,5,0,2,2,1,,
36,224,11,115,8,3,15,2,2,0,,
36,362,11,100,21,1,1,2,2,1,,
36,197,11,160,8,10,14,2,2,0,,
36,317,11,70,1,4,8,2,2,0,,
36,268,11,85,3,4,10,2,2,0,,
36,174,11,240,25,16,0,2,3,1,,
36,88,11,180,20,9,2,2,3,1,,
36,413,11,110,5,2,18,2,3,0,,
36,20,11,130,20,5,0,2,3,1,,
36,207,11,90,5,3,12,2,3,0,,
36,6,11,70,5,1,11,2,3,0,,
36,257,11,180,8,10,15,2,3,0,,
36,178,11,160,30,2,0,2,3,1,,
36,371,11,110,6,4,13,2,3,0,,
36,258,11,220,24,13,1,2,3,1,,
37,363,2,160,9,6,18,1,1,0,,
37,307,2,50,1,0.2,11,1,1,1,,
37,291,2,230,10,8,30,1,1,0,,
37,328,2,280,5,14,34,1,1,0,,
37,346,2,35,3,2,2,1,1,1,,
37,390,2,155,13,11,1,1,1,0,,
37,432,2,80,5,3,9,1,1,1,,
37,360,2,140,3,0.5,31,1,1,1,,
37,242,2,60,2,1,12,1,1,1,,
37,303,2,250,6,4,48,1,1,0,,
37,208,2,180,16,11,7,1,2,0,,
37,236,2,115,9,7,4,1,2,1,,
37,35,2,130,14,6,6,1,2,1,,
37,361,2,110,21,3,0,1,2,1,,
37,61,2,80,4,3,10,1,2,1,,
37,74,2,200,18,12,8,1,2,0,,
37,195,2,65,4,3,7,1,2,1,,
37,340,2,170,7,5,24,1,2,0,,
37,369,2,45,3,2,4,1,2,1,,
37,76,2,190,12,8,18,1,2,0,,
37,285,2,220,25,13,0,1,3,0,,
37,406,2,240,20,17,3,1,3,0,,
37,381,2,150,18,8,2,1,3,1,,
37,4,2,210,12,11,16,1,3,0,,
37,37,2,90,6,6,4,1,3,1,,
37,222,2,180,21,8,7,1,3,0,,
37,53,2,35,2,2,3,1,3,1,,
37,233,2,100,2,7,8,1,3,1,,
37,57,2,160,10,6,16,1,3,0,,
37,120,2,40,2,3,2,1,3,1,,
38,264,10,120,5,4,18,2,1,0,,
38,48,10,155,13,11,1,2,1,0,,
38,427,10,260,6,12,35,2,1,0,,
38,121,10,52,11,0.2,0.7,2,1,0,,
38,435,10,70,4,2,10,2,1,0,,
38,68,10,140,6,5,18,2,1,0,,
38,142,10,80,1,0.5,18,2,1,0,,
38,255,10,160,9,4,22,2,1,0,,
38,218,10,45,3,2,4,2,1,0,,
38,248,10,600,20,50,20,2,1,1,,
38,82,10,150,19,7,2,2,2,1,,
38,112,10,105,7,3,13,2,2,0,,
38,249,10,85,3,5,10,2,2,0,,
38,93,10,140,26,3,0,2,2,1,,
38,170,10,110,20,3,0,2,2,1,,
38,226,10,75,5,1,12,2,2,0,,
38,59,10,110,3,1,23,2,2,0,,
38,69,10,210,22,12,2,2,2,1,,
38,277,10,150,9,11,4,2,2,0,,
38,395,10,60,2,3,7,2,2,0,,
38,259,10,180,20,10,2,2,3,1,,
38,23,10,150,19,7,0,2,3,1,,
38,80,10,130,12,5,12,2,3,0,,
38,267,10,90,2,6,8,2,3,0,,
38,357,10,120,22,2,4,2,3,1,,
38,239,10,160,10,10,8,2,3,0,,
38,31,10,200,25,11,0,2,3,1,,
38,305,10,120,8,1,20,2,3,0,,
38,296,10,50,1,2,8,2,3,0,,
38,428,10,260,9,1,55,2,3,0,,
39,237,5,170,4,7,26,2,1,0,,
39,290,5,160,3,4,28,2,1,0,,
39,199,5,130,4,0.5,28,2,1,0,,
39,408,5,180,5,8,25,2,1,0,,
39,353,5,105,7,0.5,19,2,1,0,,
39,263,5,140,5,4,22,2,1,0,,
39,119,5,160,12,11,2,2,1,0,,
39,114,5,160,6,4,26,2,1,0,,
39,144,5,50,1,0.3,12,2,1,0,,
39,3,5,600,20,52,18,2,1,1,,
39,277,5,160,9,12,6,2,2,0,,
39,73,5,195,12,8,23,2,2,0,,
39,299,5,135,6,3,24,2,2,0,,
39,132,5,145,15,8,4,2,2,0,,
39,250,5,110,3,6,12,2,2,0,,
39,113,5,115,7,4,15,2,2,0,,
39,111,5,130,3,4,20,2,2,0,,
39,388,5,120,20,4,1,2,2,1,,
39,243,5,250,8,2,50,2,2,0,,
39,63,5,60,2,3,8,2,2,0,,
39,387,5,150,24,5,1,2,3,1,,
39,434,5,100,7,2,14,2,3,0,,
39,313,5,80,2,5,8,2,3,0,,
39,220,5,210,18,14,4,2,3,0,,
39,368,5,230,18,16,4,2,3,0,,
39,347,5,150,14,7,10,2,3,0,,
39,219,5,45,1,2,6,2,3,0,,
39,86,5,140,18,7,4,2,3,0,,
39,41,5,110,3,1,23,2,3,0,,
39,204,5,100,4,7,6,2,3,0,,
40,196,9,165,8,11,12,3,1,0,,
40,98,9,190,6,10,22,3,1,0,,
40,293,9,230,9,14,20,3,1,0,,
40,251,9,200,10,7,25,3,1,0,,
40,145,9,55,1,0.5,13,3,1,0,,
40,331,9,140,10,11,2,3,1,0,,
40,306,9,120,7,3,16,3,1,0,,
40,241,9,43,0.5,0.1,11,3,1,0,,
40,262,9,90,6,6,4,3,1,0,,
40,265,9,110,4,2,18,3,1,0,,
40,383,9,200,14,9,16,3,2,1,,
40,77,9,185,12,10,14,3,2,1,,
40,294,9,105,9,3,11,3,2,0,,
40,83,9,220,16,12,13,3,2,1,,
40,131,9,95,15,2,5,3,2,1,,
40,187,9,160,14,6,14,3,2,1,,
40,38,9,90,6,1,16,3,2,0,,
40,191,9,120,2,10,8,3,2,0,,
40,125,9,140,20,6,5,3,2,1,,
40,169,9,150,4,6,25,3,2,0,,
40,292,9,240,22,16,0,3,3,1,,
40,72,9,270,12,16,22,3,3,1,,
40,99,9,170,8,11,10,3,3,0,,
40,66,9,210,26,12,0,3,3,0,,
40,399,9,110,6,6,9,3,3,0,,
40,17,9,120,24,3,0,3,3,1,,
40,25,9,200,22,12,2,3,3,1,,
40,190,9,70,2,4,8,3,3,0,,
40,405,9,180,15,8,14,3,3,1,,
40,225,9,100,7,2,15,3,3,0,,
41,196,9,165,8,11,12,1,1,0,,
41,98,9,190,6,10,22,1,1,0,,
41,293,9,230,9,14,20,1,1,0,,
41,251,9,200,10,7,25,1,1,0,,
41,145,9,55,1,0.5,13,1,1,1,,
41,331,9,140,10,11,2,1,1,1,,
41,306,9,120,7,3,16,1,1,1,,
41,241,9,43,0.5,0.1,11,1,1,1,,
41,262,9,90,6,6,4,1,1,1,,
41,265,9,110,4,2,18,1,1,1,,
41,383,9,200,14,9,16,1,2,0,,
41,77,9,185,12,10,14,1,2,0,,
41,294,9,105,9,3,11,1,2,1,,
41,83,9,220,16,12,13,1,2,0,,
41,131,9,95,15,2,5,1,2,1,,
41,187,9,160,14,6,14,1,2,0,,
41,38,9,90,6,1,16,1,2,1,,
41,191,9,120,2,10,8,1,2,1,,
41,125,9,140,20,6,5,1,2,1,,
41,169,9,150,4,6,25,1,2,1,,
41,292,9,240,22,16,0,1,3,0,,
41,72,9,270,12,16,22,1,3,0,,
41,99,9,170,8,11,10,1,3,0,,
41,66,9,210,26,12,0,1,3,0,,
41,399,9,110,6,6,9,1,3,1,,
41,17,9,120,24,3,0,1,3,1,,
41,25,9,200,22,12,2,1,3,0,,
41,190,9,70,2,4,8,1,3,1,,
41,405,9,180,15,8,14,1,3,0,,
41,225,9,100,7,2,15,1,3,1,,
42,155,4,115,9,4,12,1,1,1,,
42,349,4,240,7,15,20,1,1,0,,
42,42,4,180,10,15,2,1,1,0,,
42,429,4,310,10,3,62,1,1,0,,
42,130,4,190,13,15,1,1,1,0,,
42,138,4,74,1,0.3,19,1,1,1,,
42,385,4,280,9,18,22,1,1,0,,
42,109,4,25,1,0.2,5,1,1,1,,
42,18,4,130,4,3,22,1,1,1,,
42,152,4,42,0.8,0.1,11,1,1,1,,
42,153,4,110,4,9,5,1,2,1,,
42,90,4,160,24,6,1,1,2,0,,
42,253,4,180,10,11,12,1,2,0,,
42,228,4,105,8,3,14,1,2,1,,
42,178,4,160,30,2,0,1,2,0,,
42,375,4,140,4,8,15,1,2,1,,
42,13,4,110,22,2,0,1,2,1,,
42,97,4,130,7,4,18,1,2,1,,
42,318,4,75,2,5,7,1,2,1,,
42,341,4,140,18,6,4,1,2,1,,
42,214,4,260,25,18,0,1,3,0,,
42,20,4,130,22,4,0,1,3,1,,
42,79,4,190,22,10,3,1,3,0,,
42,377,4,110,6,4,14,1,3,1,,
42,32,4,180,20,10,4,1,3,0,,
42,186,4,200,25,11,0,1,3,0,,
42,150,4,125,7,4,16,1,3,1,,
42,314,4,160,24,7,2,1,3,0,,
42,188,4,95,18,2,1,1,3,1,,
42,411,4,85,2,5,9,1,3,1,,
43,156,15,59,10,0.4,3.6,2,1,0,,
43,365,15,70,3,1.5,12,2,1,0,,
43,329,15,52,11,0.2,0.7,2,1,0,,
43,423,15,250,12,4,42,2,1,0,,
43,39,15,57,0.7,0.3,14,2,1,0,,
43,403,15,230,20,15,1,2,1,1,,
43,106,15,98,11,4,3,2,1,0,,
43,8,15,160,4,12,12,2,1,0,,
43,284,15,110,3,8,10,2,1,0,,
43,161,15,50,2,0.5,10,2,1,0,,
43,167,15,165,31,3.6,0,2,2,1,,
43,401,15,120,20,4,0,2,2,1,,
43,404,15,190,15,6,20,2,2,0,,
43,298,15,140,5,3,22,2,2,0,,
43,185,15,200,22,12,0,2,2,1,,
43,352,15,23,3,0.4,3.6,2,2,0,,
43,226,15,116,9,0.4,20,2,2,0,,
43,311,15,150,25,5,0,2,2,1,,
43,355,15,35,3,0.4,7,2,2,0,,
43,96,15,160,8,6,18,2,2,0,,
43,12,15,105,23,0.9,0,2,3,1,,
43,320,15,140,29,2,0,2,3,1,,
43,343,15,240,27,14,0,2,3,1,,
43,163,15,20,2,0.1,4,2,3,0,,
43,22,15,86,1.6,0.1,20,2,3,0,,
43,348,15,31,0.6,0.6,7,2,3,0,,
43,418,15,150,30,3,0,2,3,1,,
43,50,15,99,24,0.3,0,2,3,1,,
43,84,15,40,3,1,5,2,3,0,,
43,396,15,100,10,5,4,2,3,0,,
44,240,14,120,7,9,4,2,1,0,,
44,342,14,270,9,5,50,2,1,0,,
44,421,14,260,18,20,2,2,1,0,,
44,272,14,80,1,8,3,2,1,0,,
44,194,14,350,2,25,30,2,1,0,,
44,379,14,330,14,30,2,2,1,0,,
44,43,14,145,12,10,1,2,1,0,,
44,384,14,400,10,25,38,2,1,0,,
44,2,14,250,5,22,10,2,1,0,,
44,110,14,20,1,0.1,4,2,1,0,,
44,115,14,180,20,10,4,2,2,1,,
44,229,14,75,5,1,12,2,2,0,,
44,212,14,190,9,8,22,2,2,0,,
44,62,14,120,4,1,25,2,2,0,,
44,64,14,50,4,2,4,2,2,0,,
44,206,14,220,24,13,2,2,2,1,,
44,415,14,240,8,9,32,2,2,0,,
44,374,14,110,2,8,10,2,2,0,,
44,337,14,40,1,2,5,2,2,0,,
44,89,14,155,24,6,0,2,2,1,,
44,216,14,230,25,14,0,2,3,1,,
44,19,14,130,23,4,0,2,3,1,,
44,28,14,200,11,9,20,2,3,0,,
44,200,14,240,18,16,10,2,3,0,,
44,269,14,120,12,7,4,2,3,0,,
44,55,14,300,10,18,26,2,3,0,,
44,209,14,140,10,10,4,2,3,0,,
44,184,14,200,25,11,0,2,3,1,,
44,420,14,125,8,3,17,2,3,0,,
44,373,14,135,9,7,10,2,3,0,,
45,155,4,115,9,4,12,3,1,0,,
45,349,4,240,7,15,20,3,1,0,,
45,42,4,180,10,15,2,3,1,0,,
45,429,4,310,10,3,62,3,1,0,,
45,130,4,190,13,15,1,3,1,1,,
45,138,4,74,1,0.3,19,3,1,0,,
45,385,4,280,9,18,22,3,1,0,,
45,109,4,25,1,0.2,5,3,1,0,,
45,18,4,130,4,3,22,3,1,0,,
45,152,4,42,0.8,0.1,11,3,1,0,,
45,153,4,110,4,9,5,3,2,0,,
45,90,4,160,24,6,1,3,2,1,,
45,253,4,180,10,11,12,3,2,0,,
45,228,4,105,8,3,14,3,2,0,,
45,178,4,160,30,2,0,3,2,0,,
45,375,4,140,4,8,15,3,2,0,,
45,13,4,110,22,2,0,3,2,1,,
45,97,4,130,7,4,18,3,2,0,,
45,318,4,75,2,5,7,3,2,0,,
45,341,4,140,18,6,4,3,2,1,,
45,214,4,260,25,18,0,3,3,0,,
45,20,4,130,22,4,0,3,3,1,,
45,79,4,190,22,10,3,3,3,1,,
45,377,4,110,6,4,14,3,3,0,,
45,32,4,180,20,10,4,3,3,1,,
45,186,4,200,25,11,0,3,3,0,,
45,150,4,125,7,4,16,3,3,0,,
45,314,4,160,24,7,2,3,3,1,,
45,188,4,95,18,2,1,3,3,1,,
45,411,4,85,2,5,9,3,3,0,,
46,135,3,154,11,12,1,1,1,1,,
46,154,3,59,10,0.5,4,1,1,1,,
46,143,3,180,4,6,28,1,1,0,,
46,422,3,250,9,2,48,1,1,0,,
46,344,3,155,13,11,1,1,1,0,,
46,107,3,95,11,4,5,1,1,1,,
46,10,3,60,0.5,0.2,15,1,1,1,,
46,302,3,160,4,9,15,1,1,0,,
46,419,3,280,9,12,35,1,1,0,,
46,232,3,250,20,18,1,1,1,0,,
46,322,3,145,12,9,5,1,2,1,,
46,301,3,60,1,3,7,1,2,1,,
46,354,3,240,18,12,15,1,2,0,,
46,136,3,95,4,5,10,1,2,1,,
46,297,3,250,9,18,14,1,2,0,,
46,315,3,165,31,4,0,1,2,0,,
46,231,3,110,9,0.5,18,1,2,1,,
46,177,3,170,24,4,7,1,2,0,,
46,412,3,20,1,0,4,1,2,1,,
46,261,3,190,11,8,20,1,2,0,,
46,105,3,165,18,8,4,1,3,0,,
46,325,3,180,22,10,2,1,3,0,,
46,40,3,190,20,11,5,1,3,0,,
46,316,3,220,19,15,0,1,3,0,,
46,56,3,110,18,3,4,1,3,1,,
46,409,3,170,20,9,4,1,3,0,,
46,356,3,20,2,0.1,4,1,3,1,,
46,11,3,290,18,24,1,1,3,0,,
46,295,3,130,22,4,0,1,3,1,,
46,78,3,160,18,9,3,1,3,0,,
47,308,13,60,3,1,11,3,1,0,,
47,392,13,180,12,14,2,3,1,1,,
47,366,13,190,3,6,35,3,1,0,,
47,44,13,150,12,10,1,3,1,1,,
47,137,13,60,1,1,12,3,1,0,,
47,103,13,100,2,8,6,3,1,0,,
47,393,13,80,2,3,12,3,1,0,,
47,205,13,90,6,2,13,3,1,0,,
47,182,13,250,18,18,4,3,1,1,,
47,282,13,43,0.5,0.1,11,3,1,0,,
47,276,13,200,8,8,26,3,2,0,,
47,345,13,80,2,0.5,18,3,2,0,,
47,160,13,165,12,11,6,3,2,1,,
47,397,13,90,12,3,5,3,2,1,,
47,87,13,185,20,10,4,3,2,1,,
47,391,13,150,22,6,4,3,2,1,,
47,304,13,170,18,10,5,3,2,1,,
47,367,13,60,3,4,4,3,2,0,,
47,358,13,130,3,0.3,28,3,2,0,,
47,217,13,140,18,6,4,3,2,1,,
47,238,13,180,11,12,9,3,3,1,,
47,67,13,200,19,12,8,3,3,1,,
47,359,13,110,22,2,1,3,3,1,,
47,275,13,190,10,8,22,3,3,0,,
47,279,13,175,14,11,6,3,3,1,,
47,24,13,155,18,8,3,3,3,1,,
47,183,13,100,21,2,1,3,3,1,,
47,151,13,120,8,4,14,3,3,0,,
47,433,13,140,4,9,10,3,3,0,,
47,117,13,210,18,14,4,3,3,1,,
48,335,11,115,8,8,4,3,1,0,,
48,134,11,110,7,2,18,3,1,0,,
48,380,11,280,2,0.4,75,3,1,0,,
48,210,11,120,10,7,5,3,1,0,,
48,430,11,240,8,2,48,3,1,0,,
48,49,11,110,8,1,19,3,1,0,,
48,7,11,45,1,2,6,3,1,0,,
48,122,11,95,7,6,3,3,1,0,,
48,173,11,320,21,24,2,3,1,1,,
48,271,11,250,7,9,35,3,1,0,,
48,81,11,170,12,6,20,3,2,1,,
48,215,11,210,17,12,15,3,2,1,,
48,171,11,160,19,6,10,3,2,1,,
48,203,11,130,7,4,18,3,2,0,,
48,168,11,150,24,5,0,3,2,1,,
48,224,11,115,8,3,15,3,2,0,,
48,362,11,100,21,1,1,3,2,1,,
48,197,11,160,8,10,14,3,2,0,,
48,317,11,70,1,4,8,3,2,0,,
48,268,11,85,3,4,10,3,2,0,,
48,174,11,240,25,16,0,3,3,0,,
48,88,11,180,20,9,2,3,3,1,,
48,413,11,110,5,2,18,3,3,0,,
48,20,11,130,20,5,0,3,3,1,,
48,207,11,90,5,3,12,3,3,0,,
48,6,11,70,5,1,11,3,3,0,,
48,257,11,180,8,10,15,3,3,0,,
48,178,11,160,30,2,0,3,3,0,,
48,371,11,110,6,4,13,3,3,0,,
48,258,11,220,24,13,1,3,3,1,,
49,176,7,230,21,15,0,2,1,1,,
49,246,7,35,3,1,4,2,1,0,,
49,260,7,210,18,11,14,2,1,0,,
49,386,7,150,10,10,4,2,1,0,,
49,52,7,130,3,0.3,28,2,1,0,,
49,364,7,80,8,4,2,2,1,0,,
49,287,7,20,1,0.1,4,2,1,0,,
49,162,7,1,0.1,0,0,2,1,0,,
49,273,7,170,5,1,35,2,1,0,,
49,116,7,35,6,0.5,5,2,1,0,,
49,323,7,145,7,2,24,2,2,0,,
49,402,7,105,23,0.5,0,2,2,1,,
49,300,7,160,6,7,20,2,2,0,,
49,416,7,220,3,14,22,2,2,0,,
49,104,7,115,5,1,22,2,2,0,,
49,94,7,160,20,8,1,2,2,1,,
49,70,7,90,7,6,2,2,2,0,,
49,118,7,122,11,5,10,2,2,0,,
49,324,7,190,21,9,6,2,2,1,,
49,34,7,130,22,4,1,2,2,1,,
49,92,7,175,20,7,8,2,3,1,,
49,26,7,195,12,10,18,2,3,0,,
49,407,7,285,22,18,10,2,3,1,,
49,51,7,45,3,2,4,2,3,0,,
49,29,7,140,18,6,2,2,3,0,,
49,245,7,160,20,7,5,2,3,1,,
49,370,7,100,18,2,2,2,3,0,,
49,102,7,30,4,0.5,2,2,3,0,,
49,266,7,90,7,3,8,2,3,0,,
49,202,7,150,9,7,14,2,3,0,,
50,308,13,60,3,1,11,1,1,1,,
50,392,13,180,12,14,2,1,1,0,,
50,366,13,190,3,6,35,1,1,0,,
50,44,13,150,12,10,1,1,1,1,,
50,137,13,60,1,1,12,1,1,1,,
50,103,13,100,2,8,6,1,1,1,,
50,393,13,80,2,3,12,1,1,1,,
50,205,13,90,6,2,13,1,1,1,,
50,182,13,250,18,18,4,1,1,0,,
50,282,13,43,0.5,0.1,11,1,1,1,,
50,276,13,200,8,8,26,1,2,0,,
50,345,13,80,2,0.5,18,1,2,1,,
50,160,13,165,12,11,6,1,2,0,,
50,397,13,90,12,3,5,1,2,1,,
50,87,13,185,20,10,4,1,2,0,,
50,391,13,150,22,6,4,1,2,1,,
50,304,13,170,18,10,5,1,2,0,,
50,367,13,60,3,4,4,1,2,1,,
50,358,13,130,3,0.3,28,1,2,1,,
50,217,13,140,18,6,4,1,2,1,,
50,238,13,180,11,12,9,1,3,0,,
50,67,13,200,19,12,8,1,3,0,,
50,359,13,110,22,2,1,1,3,1,,
50,275,13,190,10,8,22,1,3,0,,
50,279,13,175,14,11,6,1,3,0,,
50,24,13,155,18,8,3,1,3,0,,
50,183,13,100,21,2,1,1,3,1,,
50,151,13,120,8,4,14,1,3,1,,
50,433,13,140,4,9,10,1,3,1,,
50,117,13,210,18,14,4,1,3,0,,
51,156,15,59,10,0.4,3.6,1,1,1,,
51,365,15,70,3,1.5,12,1,1,1,,
51,329,15,52,11,0.2,0.7,1,1,1,,
51,423,15,250,12,4,42,1,1,0,,
51,39,15,57,0.7,0.3,14,1,1,1,,
51,403,15,230,20,15,1,1,1,0,,
51,106,15,98,11,4,3,1,1,1,,
51,8,15,160,4,12,12,1,1,0,,
51,284,15,110,3,8,10,1,1,1,,
51,161,15,50,2,0.5,10,1,1,1,,
51,167,15,165,31,3.6,0,1,2,0,,
51,401,15,120,20,4,0,1,2,1,,
51,404,15,190,15,6,20,1,2,0,,
51,298,15,140,5,3,22,1,2,1,,
51,185,15,200,22,12,0,1,2,0,,
51,352,15,23,3,0.4,3.6,1,2,1,,
51,226,15,116,9,0.4,20,1,2,1,,
51,311,15,150,25,5,0,1,2,1,,
51,355,15,35,3,0.4,7,1,2,1,,
51,96,15,160,8,6,18,1,2,0,,
51,12,15,105,23,0.9,0,1,3,1,,
51,320,15,140,29,2,0,1,3,1,,
51,343,15,240,27,14,0,1,3,0,,
51,163,15,20,2,0.1,4,1,3,1,,
51,22,15,86,1.6,0.1,20,1,3,1,,
51,348,15,31,0.6,0.6,7,1,3,1,,
51,418,15,150,30,3,0,1,3,1,,
51,50,15,99,24,0.3,0,1,3,1,,
51,84,15,40,3,1,5,1,3,1,,
51,396,15,100,10,5,4,1,3,1,,
52,310,6,150,9,10,8,3,1,0,,
52,139,6,50,1,0.3,12,3,1,0,,
52,424,6,380,8,12,60,3,1,0,,
52,158,6,130,11,8,6,3,1,1,,
52,47,6,140,11,10,1,3,1,1,,
52,133,6,250,7,9,36,3,1,0,,
52,60,6,180,4,6,28,3,1,0,,
52,16,6,60,1,0.2,15,3,1,0,,
52,289,6,340,6,17,40,3,1,0,,
52,124,6,30,2,1,3,3,1,0,,
52,65,6,170,9,14,3,3,2,0,,
52,244,6,60,3,1,10,3,2,0,,
52,256,6,140,4,5,21,3,2,0,,
52,283,6,150,7,3,24,3,2,0,,
52,166,6,100,18,2,2,3,2,1,,
52,400,6,160,15,8,10,3,2,1,,
52,426,6,220,10,8,28,3,2,0,,
52,223,6,180,12,2,30,3,2,1,,
52,333,6,160,14,4,18,3,2,1,,
52,317,6,75,2,5,7,3,2,0,,
52,165,6,120,23,3,0,3,3,1,,
52,274,6,180,22,10,3,3,3,1,,
52,85,6,175,21,9,4,3,3,1,,
52,410,6,200,24,10,5,3,3,1,,
52,20,6,130,22,4,0,3,3,1,,
52,58,6,150,25,4,2,3,3,0,,
52,378,6,110,6,5,12,3,3,0,,
52,398,6,105,22,1,2,3,3,1,,
52,33,6,210,26,12,0,3,3,0,,
52,414,6,160,8,7,18,3,3,0,,
53,155,4,115,9,4,12,3,1,0,,
53,349,4,240,7,15,20,3,1,0,,
53,42,4,180,10,15,2,3,1,0,,
53,429,4,310,10,3,62,3,1,0,,
53,130,4,190,13,15,1,3,1,1,,
53,138,4,74,1,0.3,19,3,1,0,,
53,385,4,280,9,18,22,3,1,0,,
53,109,4,25,1,0.2,5,3,1,0,,
53,18,4,130,4,3,22,3,1,0,,
53,152,4,42,0.8,0.1,11,3,1,0,,
53,153,4,110,4,9,5,3,2,0,,
53,90,4,160,24,6,1,3,2,1,,
53,253,4,180,10,11,12,3,2,0,,
53,228,4,105,8,3,14,3,2,0,,
53,178,4,160,30,2,0,3,2,0,,
53,375,4,140,4,8,15,3,2,0,,
53,13,4,110,22,2,0,3,2,1,,
53,97,4,130,7,4,18,3,2,0,,
53,318,4,75,2,5,7,3,2,0,,
53,341,4,140,18,6,4,3,2,1,,
53,214,4,260,25,18,0,3,3,0,,
53,20,4,130,22,4,0,3,3,1,,
53,79,4,190,22,10,3,3,3,1,,
53,377,4,110,6,4,14,3,3,0,,
53,32,4,180,20,10,4,3,3,1,,
53,186,4,200,25,11,0,3,3,0,,
53,150,4,125,7,4,16,3,3,0,,
53,314,4,160,24,7,2,3,3,1,,
53,188,4,95,18,2,1,3,3,1,,
53,411,4,85,2,5,9,3,3,0,,
54,196,9,165,8,11,12,3,1,0,,
54,98,9,190,6,10,22,3,1,0,,
54,293,9,230,9,14,20,3,1,0,,
54,251,9,200,10,7,25,3,1,0,,
54,145,9,55,1,0.5,13,3,1,0,,
54,331,9,140,10,11,2,3,1,0,,
54,306,9,120,7,3,16,3,1,0,,
54,241,9,43,0.5,0.1,11,3,1,0,,
54,262,9,90,6,6,4,3,1,0,,
54,265,9,110,4,2,18,3,1,0,,
54,383,9,200,14,9,16,3,2,1,,
54,77,9,185,12,10,14,3,2,1,,
54,294,9,105,9,3,11,3,2,0,,
54,83,9,220,16,12,13,3,2,1,,
54,131,9,95,15,2,5,3,2,1,,
54,187,9,160,14,6,14,3,2,1,,
54,38,9,90,6,1,16,3,2,0,,
54,191,9,120,2,10,8,3,2,0,,
54,125,9,140,20,6,5,3,2,1,,
54,169,9,150,4,6,25,3,2,0,,
54,292,9,240,22,16,0,3,3,1,,
54,72,9,270,12,16,22,3,3,1,,
54,99,9,170,8,11,10,3,3,0,,
54,66,9,210,26,12,0,3,3,0,,
54,399,9,110,6,6,9,3,3,0,,
54,17,9,120,24,3,0,3,3,1,,
54,25,9,200,22,12,2,3,3,1,,
54,190,9,70,2,4,8,3,3,0,,
54,405,9,180,15,8,14,3,3,1,,
54,225,9,100,7,2,15,3,3,0,,
55,155,4,115,9,4,12,2,1,0,,
55,349,4,240,7,15,20,2,1,0,,
55,42,4,180,10,15,2,2,1,0,,
55,429,4,310,10,3,62,2,1,0,,
55,130,4,190,13,15,1,2,1,0,,
55,138,4,74,1,0.3,19,2,1,0,,
55,385,4,280,9,18,22,2,1,0,,
55,109,4,25,1,0.2,5,2,1,0,,
55,18,4,130,4,3,22,2,1,0,,
55,152,4,42,0.8,0.1,11,2,1,0,,
55,153,4,110,4,9,5,2,2,0,,
55,90,4,160,24,6,1,2,2,1,,
55,253,4,180,10,11,12,2,2,0,,
55,228,4,105,8,3,14,2,2,0,,
55,178,4,160,30,2,0,2,2,1,,
55,375,4,140,4,8,15,2,2,0,,
55,13,4,110,22,2,0,2,2,1,,
55,97,4,130,7,4,18,2,2,0,,
55,318,4,75,2,5,7,2,2,0,,
55,341,4,140,18,6,4,2,2,0,,
55,214,4,260,25,18,0,2,3,1,,
55,20,4,130,22,4,0,2,3,1,,
55,79,4,190,22,10,3,2,3,1,,
55,377,4,110,6,4,14,2,3,0,,
55,32,4,180,20,10,4,2,3,1,,
55,186,4,200,25,11,0,2,3,1,,
55,150,4,125,7,4,16,2,3,0,,
55,314,4,160,24,7,2,2,3,1,,
55,188,4,95,18,2,1,2,3,0,,
55,411,4,85,2,5,9,2,3,0,,
56,278,12,180,5,8,24,1,1,0,,
56,351,12,160,6,10,12,1,1,0,,
56,140,12,45,1,0.1,10,1,1,1,,
56,234,12,210,12,15,8,1,1,0,,
56,46,12,200,18,14,1,1,1,0,,
56,157,12,120,8,4,14,1,1,1,,
56,431,12,260,8,10,34,1,1,0,,
56,179,12,60,1,0.2,15,1,1,1,,
56,123,12,360,6,18,45,1,1,0,,
56,101,12,340,4,20,38,1,1,0,,
56,332,12,165,10,5,22,1,2,0,,
56,149,12,50,1,3,5,1,2,1,,
56,172,12,110,22,2,0,1,2,1,,
56,230,12,120,8,4,15,1,2,1,,
56,201,12,310,32,20,0,1,2,0,,
56,321,12,180,5,12,14,1,2,0,,
56,189,12,100,18,2,2,1,2,1,,
56,95,12,140,7,6,15,1,2,1,,
56,326,12,95,3,6,9,1,2,1,,
56,288,12,85,2,5,9,1,2,1,,
56,147,12,140,20,7,2,1,3,1,,
56,315,12,165,31,4,0,1,3,0,,
56,20,12,130,22,4,0,1,3,1,,
56,181,12,170,26,7,0,1,3,0,,
56,350,12,210,18,12,8,1,3,0,,
56,376,12,110,5,8,6,1,3,1,,
56,163,12,25,2,0.1,4,1,3,1,,
56,14,12,105,22,1,2,1,3,1,,
56,36,12,220,28,12,0,1,3,0,,
56,334,12,150,20,6,4,1,3,1,,
57,363,2,160,9,6,18,3,1,0,,
57,307,2,50,1,0.2,11,3,1,0,,
57,291,2,230,10,8,30,3,1,0,,
57,328,2,280,5,14,34,3,1,0,,
57,346,2,35,3,2,2,3,1,0,,
57,390,2,155,13,11,1,3,1,1,,
57,432,2,80,5,3,9,3,1,0,,
57,360,2,140,3,0.5,31,3,1,0,,
57,242,2,60,2,1,12,3,1,0,,
57,303,2,250,6,4,48,3,1,0,,
57,208,2,180,16,11,7,3,2,1,,
57,236,2,115,9,7,4,3,2,0,,
57,35,2,130,14,6,6,3,2,1,,
57,361,2,110,21,3,0,3,2,1,,
57,61,2,80,4,3,10,3,2,0,,
57,74,2,200,18,12,8,3,2,1,,
57,195,2,65,4,3,7,3,2,0,,
57,340,2,170,7,5,24,3,2,0,,
57,369,2,45,3,2,4,3,2,0,,
57,76,2,190,12,8,18,3,2,1,,
57,285,2,220,25,13,0,3,3,0,,
57,406,2,240,20,17,3,3,3,1,,
57,381,2,150,18,8,2,3,3,1,,
57,4,2,210,12,11,16,3,3,1,,
57,37,2,90,6,6,4,3,3,0,,
57,222,2,180,21,8,7,3,3,1,,
57,53,2,35,2,2,3,3,3,0,,
57,233,2,100,2,7,8,3,3,0,,
57,57,2,160,10,6,16,3,3,0,,
57,120,2,40,2,3,2,3,3,0,,
58,155,4,115,9,4,12,2,1,0,,
58,349,4,240,7,15,20,2,1,0,,
58,42,4,180,10,15,2,2,1,0,,
58,429,4,310,10,3,62,2,1,0,,
58,130,4,190,13,15,1,2,1,0,,
58,138,4,74,1,0.3,19,2,1,0,,
58,385,4,280,9,18,22,2,1,0,,
58,109,4,25,1,0.2,5,2,1,0,,
58,18,4,130,4,3,22,2,1,0,,
58,152,4,42,0.8,0.1,11,2,1,0,,
58,153,4,110,4,9,5,2,2,0,,
58,90,4,160,24,6,1,2,2,1,,
58,253,4,180,10,11,12,2,2,0,,
58,228,4,105,8,3,14,2,2,0,,
58,178,4,160,30,2,0,2,2,1,,
58,375,4,140,4,8,15,2,2,0,,
58,13,4,110,22,2,0,2,2,1,,
58,97,4,130,7,4,18,2,2,0,,
58,318,4,75,2,5,7,2,2,0,,
58,341,4,140,18,6,4,2,2,0,,
58,214,4,260,25,18,0,2,3,1,,
58,20,4,130,22,4,0,2,3,1,,
58,79,4,190,22,10,3,2,3,1,,
58,377,4,110,6,4,14,2,3,0,,
58,32,4,180,20,10,4,2,3,1,,
58,186,4,200,25,11,0,2,3,1,,
58,150,4,125,7,4,16,2,3,0,,
58,314,4,160,24,7,2,2,3,1,,
58,188,4,95,18,2,1,2,3,0,,
58,411,4,85,2,5,9,2,3,0,,
59,308,13,60,3,1,11,3,1,0,,
59,392,13,180,12,14,2,3,1,1,,
59,366,13,190,3,6,35,3,1,0,,
59,44,13,150,12,10,1,3,1,1,,
59,137,13,60,1,1,12,3,1,0,,
59,103,13,100,2,8,6,3,1,0,,
59,393,13,80,2,3,12,3,1,0,,
59,205,13,90,6,2,13,3,1,0,,
59,182,13,250,18,18,4,3,1,1,,
59,282,13,43,0.5,0.1,11,3,1,0,,
59,276,13,200,8,8,26,3,2,0,,
59,345,13,80,2,0.5,18,3,2,0,,
59,160,13,165,12,11,6,3,2,1,,
59,397,13,90,12,3,5,3,2,1,,
59,87,13,185,20,10,4,3,2,1,,
59,391,13,150,22,6,4,3,2,1,,
59,304,13,170,18,10,5,3,2,1,,
59,367,13,60,3,4,4,3,2,0,,
59,358,13,130,3,0.3,28,3,2,0,,
59,217,13,140,18,6,4,3,2,1,,
59,238,13,180,11,12,9,3,3,1,,
59,67,13,200,19,12,8,3,3,1,,
59,359,13,110,22,2,1,3,3,1,,
59,275,13,190,10,8,22,3,3,0,,
59,279,13,175,14,11,6,3,3,1,,
59,24,13,155,18,8,3,3,3,1,,
59,183,13,100,21,2,1,3,3,1,,
59,151,13,120,8,4,14,3,3,0,,
59,433,13,140,4,9,10,3,3,0,,
59,117,13,210,18,14,4,3,3,1,,
60,308,13,60,3,1,11,1,1,1,,
60,392,13,180,12,14,2,1,1,0,,
60,366,13,190,3,6,35,1,1,0,,
60,44,13,150,12,10,1,1,1,1,,
60,137,13,60,1,1,12,1,1,1,,
60,103,13,100,2,8,6,1,1,1,,
60,393,13,80,2,3,12,1,1,1,,
60,205,13,90,6,2,13,1,1,1,,
60,182,13,250,18,18,4,1,1,0,,
60,282,13,43,0.5,0.1,11,1,1,1,,
60,276,13,200,8,8,26,1,2,0,,
60,345,13,80,2,0.5,18,1,2,1,,
60,160,13,165,12,11,6,1,2,0,,
60,397,13,90,12,3,5,1,2,1,,
60,87,13,185,20,10,4,1,2,0,,
60,391,13,150,22,6,4,1,2,1,,
60,304,13,170,18,10,5,1,2,0,,
60,367,13,60,3,4,4,1,2,1,,
60,358,13,130,3,0.3,28,1,2,1,,
60,217,13,140,18,6,4,1,2,1,,
60,238,13,180,11,12,9,1,3,0,,
60,67,13,200,19,12,8,1,3,0,,
60,359,13,110,22,2,1,1,3,1,,
60,275,13,190,10,8,22,1,3,0,,
60,279,13,175,14,11,6,1,3,0,,
60,24,13,155,18,8,3,1,3,0,,
60,183,13,100,21,2,1,1,3,1,,
60,151,13,120,8,4,14,1,3,1,,
60,433,13,140,4,9,10,1,3,1,,
60,117,13,210,18,14,4,1,3,0,,
61,1,1,100,2,5,14,2,1,0,,
61,280,1,310,6,18,34,2,1,0,,
61,389,1,180,4,6,30,2,1,0,,
61,281,1,43,0.5,0.1,11,2,1,0,,
61,54,1,320,5,14,45,2,1,0,,
61,180,1,50,0.5,0.2,13,2,1,0,,
61,330,1,145,12,10,1,2,1,0,,
61,425,1,250,9,3,48,2,1,0,,
61,108,1,110,4,0.5,23,2,1,0,,
61,146,1,60,2,0.5,12,2,1,0,,
61,129,1,170,14,9,10,2,2,0,,
61,252,1,150,12,9,6,2,2,0,,
61,286,1,240,25,15,0,2,2,1,,
61,75,1,220,12,10,22,2,2,0,,
61,309,1,130,6,1,25,2,2,0,,
61,167,1,165,31,3.6,0,2,2,1,,
61,339,1,180,15,11,8,2,2,0,,
61,192,1,30,2,0.2,5,2,2,0,,
61,319,1,50,1,2,8,2,2,0,,
61,127,1,350,3,12,60,2,2,0,,
61,100,1,230,26,14,0,2,3,1,,
61,21,1,120,23,3,0,2,3,1,,
61,91,1,190,16,12,7,2,3,0,,
61,235,1,160,1.5,0.3,38,2,3,0,,
61,247,1,20,2,0.2,4,2,3,0,,
61,175,1,110,22,2,1,2,3,1,,
61,27,1,210,22,13,1,2,3,1,,
61,327,1,50,3,3,6,2,3,0,,
61,148,1,130,20,5,2,2,3,1,,
61,417,1,110,4,7,9,2,3,0,,
62,176,7,230,21,15,0,2,1,1,,
62,246,7,35,3,1,4,2,1,0,,
62,260,7,210,18,11,14,2,1,0,,
62,386,7,150,10,10,4,2,1,0,,
62,52,7,130,3,0.3,28,2,1,0,,
62,364,7,80,8,4,2,2,1,0,,
62,287,7,20,1,0.1,4,2,1,0,,
62,162,7,1,0.1,0,0,2,1,0,,
62,273,7,170,5,1,35,2,1,0,,
62,116,7,35,6,0.5,5,2,1,0,,
62,323,7,145,7,2,24,2,2,0,,
62,402,7,105,23,0.5,0,2,2,1,,
62,300,7,160,6,7,20,2,2,0,,
62,416,7,220,3,14,22,2,2,0,,
62,104,7,115,5,1,22,2,2,0,,
62,94,7,160,20,8,1,2,2,1,,
62,70,7,90,7,6,2,2,2,0,,
62,118,7,122,11,5,10,2,2,0,,
62,324,7,190,21,9,6,2,2,1,,
62,34,7,130,22,4,1,2,2,1,,
62,92,7,175,20,7,8,2,3,1,,
62,26,7,195,12,10,18,2,3,0,,
62,407,7,285,22,18,10,2,3,1,,
62,51,7,45,3,2,4,2,3,0,,
62,29,7,140,18,6,2,2,3,0,,
62,245,7,160,20,7,5,2,3,1,,
62,370,7,100,18,2,2,2,3,0,,
62,102,7,30,4,0.5,2,2,3,0,,
62,266,7,90,7,3,8,2,3,0,,
62,202,7,150,9,7,14,2,3,0,,
63,135,3,154,11,12,1,2,1,0,,
63,154,3,59,10,0.5,4,2,1,0,,
63,143,3,180,4,6,28,2,1,0,,
63,422,3,250,9,2,48,2,1,0,,
63,344,3,155,13,11,1,2,1,0,,
63,107,3,95,11,4,5,2,1,0,,
63,10,3,60,0.5,0.2,15,2,1,0,,
63,302,3,160,4,9,15,2,1,0,,
63,419,3,280,9,12,35,2,1,0,,
63,232,3,250,20,18,1,2,1,1,,
63,322,3,145,12,9,5,2,2,0,,
63,301,3,60,1,3,7,2,2,0,,
63,354,3,240,18,12,15,2,2,0,,
63,136,3,95,4,5,10,2,2,0,,
63,297,3,250,9,18,14,2,2,0,,
63,315,3,165,31,4,0,2,2,1,,
63,231,3,110,9,0.5,18,2,2,0,,
63,177,3,170,24,4,7,2,2,1,,
63,412,3,20,1,0,4,2,2,0,,
63,261,3,190,11,8,20,2,2,0,,
63,105,3,165,18,8,4,2,3,0,,
63,325,3,180,22,10,2,2,3,1,,
63,40,3,190,20,11,5,2,3,1,,
63,316,3,220,19,15,0,2,3,1,,
63,56,3,110,18,3,4,2,3,0,,
63,409,3,170,20,9,4,2,3,1,,
63,356,3,20,2,0.1,4,2,3,0,,
63,11,3,290,18,24,1,2,3,0,,
63,295,3,130,22,4,0,2,3,1,,
63,78,3,160,18,9,3,2,3,0,,
64,176,7,230,21,15,0,1,1,0,,
64,246,7,35,3,1,4,1,1,1,,
64,260,7,210,18,11,14,1,1,0,,
64,386,7,150,10,10,4,1,1,1,,
64,52,7,130,3,0.3,28,1,1,1,,
64,364,7,80,8,4,2,1,1,1,,
64,287,7,20,1,0.1,4,1,1,1,,
64,162,7,1,0.1,0,0,1,1,1,,
64,273,7,170,5,1,35,1,1,0,,
64,116,7,35,6,0.5,5,1,1,1,,
64,323,7,145,7,2,24,1,2,1,,
64,402,7,105,23,0.5,0,1,2,1,,
64,300,7,160,6,7,20,1,2,0,,
64,416,7,220,3,14,22,1,2,0,,
64,104,7,115,5,1,22,1,2,1,,
64,94,7,160,20,8,1,1,2,0,,
64,70,7,90,7,6,2,1,2,1,,
64,118,7,122,11,5,10,1,2,1,,
64,324,7,190,21,9,6,1,2,0,,
64,34,7,130,22,4,1,1,2,1,,
64,92,7,175,20,7,8,1,3,0,,
64,26,7,195,12,10,18,1,3,0,,
64,407,7,285,22,18,10,1,3,0,,
64,51,7,45,3,2,4,1,3,1,,
64,29,7,140,18,6,2,1,3,1,,
64,245,7,160,20,7,5,1,3,0,,
64,370,7,100,18,2,2,1,3,1,,
64,102,7,30,4,0.5,2,1,3,1,,
64,266,7,90,7,3,8,1,3,1,,
64,202,7,150,9,7,14,1,3,1,,
65,335,11,115,8,8,4,1,1,1,,
65,134,11,110,7,2,18,1,1,1,,
65,380,11,280,2,0.4,75,1,1,0,,
65,210,11,120,10,7,5,1,1,1,,
65,430,11,240,8,2,48,1,1,0,,
65,49,11,110,8,1,19,1,1,1,,
65,7,11,45,1,2,6,1,1,1,,
65,122,11,95,7,6,3,1,1,1,,
65,173,11,320,21,24,2,1,1,0,,
65,271,11,250,7,9,35,1,1,0,,
65,81,11,170,12,6,20,1,2,0,,
65,215,11,210,17,12,15,1,2,0,,
65,171,11,160,19,6,10,1,2,0,,
65,203,11,130,7,4,18,1,2,1,,
65,168,11,150,24,5,0,1,2,1,,
65,224,11,115,8,3,15,1,2,1,,
65,362,11,100,21,1,1,1,2,1,,
65,197,11,160,8,10,14,1,2,0,,
65,317,11,70,1,4,8,1,2,1,,
65,268,11,85,3,4,10,1,2,1,,
65,174,11,240,25,16,0,1,3,0,,
65,88,11,180,20,9,2,1,3,0,,
65,413,11,110,5,2,18,1,3,1,,
65,20,11,130,20,5,0,1,3,1,,
65,207,11,90,5,3,12,1,3,1,,
65,6,11,70,5,1,11,1,3,1,,
65,257,11,180,8,10,15,1,3,0,,
65,178,11,160,30,2,0,1,3,0,,
65,371,11,110,6,4,13,1,3,1,,
65,258,11,220,24,13,1,1,3,0,,
66,310,6,150,9,10,8,2,1,0,,
66,139,6,50,1,0.3,12,2,1,0,,
66,424,6,380,8,12,60,2,1,0,,
66,158,6,130,11,8,6,2,1,0,,
66,47,6,140,11,10,1,2,1,0,,
66,133,6,250,7,9,36,2,1,0,,
66,60,6,180,4,6,28,2,1,0,,
66,16,6,60,1,0.2,15,2,1,0,,
66,289,6,340,6,17,40,2,1,0,,
66,124,6,30,2,1,3,2,1,0,,
66,65,6,170,9,14,3,2,2,0,,
66,244,6,60,3,1,10,2,2,0,,
66,256,6,140,4,5,21,2,2,0,,
66,283,6,150,7,3,24,2,2,0,,
66,166,6,100,18,2,2,2,2,0,,
66,400,6,160,15,8,10,2,2,0,,
66,426,6,220,10,8,28,2,2,0,,
66,223,6,180,12,2,30,2,2,0,,
66,333,6,160,14,4,18,2,2,0,,
66,317,6,75,2,5,7,2,2,0,,
66,165,6,120,23,3,0,2,3,1,,
66,274,6,180,22,10,3,2,3,1,,
66,85,6,175,21,9,4,2,3,1,,
66,410,6,200,24,10,5,2,3,1,,
66,20,6,130,22,4,0,2,3,1,,
66,58,6,150,25,4,2,2,3,1,,
66,378,6,110,6,5,12,2,3,0,,
66,398,6,105,22,1,2,2,3,1,,
66,33,6,210,26,12,0,2,3,1,,
66,414,6,160,8,7,18,2,3,0,,
67,196,9,165,8,11,12,2,1,0,,
67,98,9,190,6,10,22,2,1,0,,
67,293,9,230,9,14,20,2,1,0,,
67,251,9,200,10,7,25,2,1,0,,
67,145,9,55,1,0.5,13,2,1,0,,
67,331,9,140,10,11,2,2,1,0,,
67,306,9,120,7,3,16,2,1,0,,
67,241,9,43,0.5,0.1,11,2,1,0,,
67,262,9,90,6,6,4,2,1,0,,
67,265,9,110,4,2,18,2,1,0,,
67,383,9,200,14,9,16,2,2,0,,
67,77,9,185,12,10,14,2,2,0,,
67,294,9,105,9,3,11,2,2,0,,
67,83,9,220,16,12,13,2,2,0,,
67,131,9,95,15,2,5,2,2,0,,
67,187,9,160,14,6,14,2,2,0,,
67,38,9,90,6,1,16,2,2,0,,
67,191,9,120,2,10,8,2,2,0,,
67,125,9,140,20,6,5,2,2,1,,
67,169,9,150,4,6,25,2,2,0,,
67,292,9,240,22,16,0,2,3,1,,
67,72,9,270,12,16,22,2,3,0,,
67,99,9,170,8,11,10,2,3,0,,
67,66,9,210,26,12,0,2,3,1,,
67,399,9,110,6,6,9,2,3,0,,
67,17,9,120,24,3,0,2,3,1,,
67,25,9,200,22,12,2,2,3,1,,
67,190,9,70,2,4,8,2,3,0,,
67,405,9,180,15,8,14,2,3,0,,
67,225,9,100,7,2,15,2,3,0,,
68,1,1,100,2,5,14,3,1,0,,
68,280,1,310,6,18,34,3,1,0,,
68,389,1,180,4,6,30,3,1,0,,
68,281,1,43,0.5,0.1,11,3,1,0,,
68,54,1,320,5,14,45,3,1,0,,
68,180,1,50,0.5,0.2,13,3,1,0,,
68,330,1,145,12,10,1,3,1,1,,
68,425,1,250,9,3,48,3,1,0,,
68,108,1,110,4,0.5,23,3,1,0,,
68,146,1,60,2,0.5,12,3,1,0,,
68,129,1,170,14,9,10,3,2,1,,
68,252,1,150,12,9,6,3,2,1,,
68,286,1,240,25,15,0,3,2,0,,
68,75,1,220,12,10,22,3,2,1,,
68,309,1,130,6,1,25,3,2,0,,
68,167,1,165,31,3.6,0,3,2,0,,
68,339,1,180,15,11,8,3,2,1,,
68,192,1,30,2,0.2,5,3,2,0,,
68,319,1,50,1,2,8,3,2,0,,
68,127,1,350,3,12,60,3,2,0,,
68,100,1,230,26,14,0,3,3,0,,
68,21,1,120,23,3,0,3,3,1,,
68,91,1,190,16,12,7,3,3,1,,
68,235,1,160,1.5,0.3,38,3,3,0,,
68,247,1,20,2,0.2,4,3,3,0,,
68,175,1,110,22,2,1,3,3,1,,
68,27,1,210,22,13,1,3,3,1,,
68,327,1,50,3,3,6,3,3,0,,
68,148,1,130,20,5,2,3,3,1,,
68,417,1,110,4,7,9,3,3,0,,
69,196,9,165,8,11,12,3,1,0,,
69,98,9,190,6,10,22,3,1,0,,
69,293,9,230,9,14,20,3,1,0,,
69,251,9,200,10,7,25,3,1,0,,
69,145,9,55,1,0.5,13,3,1,0,,
69,331,9,140,10,11,2,3,1,0,,
69,306,9,120,7,3,16,3,1,0,,
69,241,9,43,0.5,0.1,11,3,1,0,,
69,262,9,90,6,6,4,3,1,0,,
69,265,9,110,4,2,18,3,1,0,,
69,383,9,200,14,9,16,3,2,1,,
69,77,9,185,12,10,14,3,2,1,,
69,294,9,105,9,3,11,3,2,0,,
69,83,9,220,16,12,13,3,2,1,,
69,131,9,95,15,2,5,3,2,1,,
69,187,9,160,14,6,14,3,2,1,,
69,38,9,90,6,1,16,3,2,0,,
69,191,9,120,2,10,8,3,2,0,,
69,125,9,140,20,6,5,3,2,1,,
69,169,9,150,4,6,25,3,2,0,,
69,292,9,240,22,16,0,3,3,1,,
69,72,9,270,12,16,22,3,3,1,,
69,99,9,170,8,11,10,3,3,0,,
69,66,9,210,26,12,0,3,3,0,,
69,399,9,110,6,6,9,3,3,0,,
69,17,9,120,24,3,0,3,3,1,,
69,25,9,200,22,12,2,3,3,1,,
69,190,9,70,2,4,8,3,3,0,,
69,405,9,180,15,8,14,3,3,1,,
69,225,9,100,7,2,15,3,3,0,,
70,240,14,120,7,9,4,1,1,1,,
70,342,14,270,9,5,50,1,1,0,,
70,421,14,260,18,20,2,1,1,0,,
70,272,14,80,1,8,3,1,1,1,,
70,194,14,350,2,25,30,1,1,0,,
70,379,14,330,14,30,2,1,1,0,,
70,43,14,145,12,10,1,1,1,1,,
70,384,14,400,10,25,38,1,1,0,,
70,2,14,250,5,22,10,1,1,0,,
70,110,14,20,1,0.1,4,1,1,1,,
70,115,14,180,20,10,4,1,2,0,,
70,229,14,75,5,1,12,1,2,1,,
70,212,14,190,9,8,22,1,2,0,,
70,62,14,120,4,1,25,1,2,1,,
70,64,14,50,4,2,4,1,2,1,,
70,206,14,220,24,13,2,1,2,0,,
70,415,14,240,8,9,32,1,2,0,,
70,374,14,110,2,8,10,1,2,1,,
70,337,14,40,1,2,5,1,2,1,,
70,89,14,155,24,6,0,1,2,0,,
70,216,14,230,25,14,0,1,3,0,,
70,19,14,130,23,4,0,1,3,1,,
70,28,14,200,11,9,20,1,3,0,,
70,200,14,240,18,16,10,1,3,0,,
70,269,14,120,12,7,4,1,3,1,,
70,55,14,300,10,18,26,1,3,0,,
70,209,14,140,10,10,4,1,3,1,,
70,184,14,200,25,11,0,1,3,0,,
70,420,14,125,8,3,17,1,3,1,,
70,373,14,135,9,7,10,1,3,1,,
71,335,11,115,8,8,4,1,1,1,,
71,134,11,110,7,2,18,1,1,1,,
71,380,11,280,2,0.4,75,1,1,0,,
71,210,11,120,10,7,5,1,1,1,,
71,430,11,240,8,2,48,1,1,0,,
71,49,11,110,8,1,19,1,1,1,,
71,7,11,45,1,2,6,1,1,1,,
71,122,11,95,7,6,3,1,1,1,,
71,173,11,320,21,24,2,1,1,0,,
71,271,11,250,7,9,35,1,1,0,,
71,81,11,170,12,6,20,1,2,0,,
71,215,11,210,17,12,15,1,2,0,,
71,171,11,160,19,6,10,1,2,0,,
71,203,11,130,7,4,18,1,2,1,,
71,168,11,150,24,5,0,1,2,1,,
71,224,11,115,8,3,15,1,2,1,,
71,362,11,100,21,1,1,1,2,1,,
71,197,11,160,8,10,14,1,2,0,,
71,317,11,70,1,4,8,1,2,1,,
71,268,11,85,3,4,10,1,2,1,,
71,174,11,240,25,16,0,1,3,0,,
71,88,11,180,20,9,2,1,3,0,,
71,413,11,110,5,2,18,1,3,1,,
71,20,11,130,20,5,0,1,3,1,,
71,207,11,90,5,3,12,1,3,1,,
71,6,11,70,5,1,11,1,3,1,,
71,257,11,180,8,10,15,1,3,0,,
71,178,11,160,30,2,0,1,3,0,,
71,371,11,110,6,4,13,1,3,1,,
71,258,11,220,24,13,1,1,3,0,,
72,436,8,260,7,12,32,2,1,0,,
72,211,8,160,8,13,5,2,1,0,,
72,336,8,115,8,8,4,2,1,0,,
72,134,8,110,7,3,17,2,1,0,,
72,173,8,320,22,25,2,2,1,1,,
72,5,8,280,2,0.4,75,2,1,0,,
72,71,8,360,9,20,38,2,1,0,,
72,394,8,30,1,2,4,2,1,0,,
72,45,8,155,12,11,2,2,1,0,,
72,193,8,170,9,10,12,2,1,0,,
72,382,8,110,2,7,11,2,2,0,,
72,128,8,95,2,5,10,2,2,0,,
72,198,8,180,8,12,12,2,2,0,,
72,15,8,220,16,12,14,2,2,0,,
72,338,8,155,24,6,1,2,2,1,,
72,126,8,260,12,14,24,2,2,0,,
72,9,8,120,2,9,8,2,2,0,,
72,227,8,80,5,1,13,2,2,0,,
72,372,8,130,8,7,10,2,2,0,,
72,141,8,140,3,12,8,2,2,0,,
72,164,8,230,24,15,1,2,3,1,,
72,19,8,130,23,4,0,2,3,1,,
72,213,8,250,26,16,0,2,3,1,,
72,254,8,145,6,4,24,2,3,0,,
72,159,8,90,3,5,9,2,3,0,,
72,270,8,80,2,5,8,2,3,0,,
72,183,8,110,22,2,1,2,3,1,,
72,221,8,120,4,7,11,2,3,0,,
72,312,8,165,30,5,1,2,3,1,,
72,30,8,210,22,12,3,2,3,1,,
73,363,2,160,9,6,18,3,1,0,,
73,307,2,50,1,0.2,11,3,1,0,,
73,291,2,230,10,8,30,3,1,0,,
73,328,2,280,5,14,34,3,1,0,,
73,346,2,35,3,2,2,3,1,0,,
73,390,2,155,13,11,1,3,1,1,,
73,432,2,80,5,3,9,3,1,0,,
73,360,2,140,3,0.5,31,3,1,0,,
73,242,2,60,2,1,12,3,1,0,,
73,303,2,250,6,4,48,3,1,0,,
73,208,2,180,16,11,7,3,2,1,,
73,236,2,115,9,7,4,3,2,0,,
73,35,2,130,14,6,6,3,2,1,,
73,361,2,110,21,3,0,3,2,1,,
73,61,2,80,4,3,10,3,2,0,,
73,74,2,200,18,12,8,3,2,1,,
73,195,2,65,4,3,7,3,2,0,,
73,340,2,170,7,5,24,3,2,0,,
73,369,2,45,3,2,4,3,2,0,,
73,76,2,190,12,8,18,3,2,1,,
73,285,2,220,25,13,0,3,3,0,,
73,406,2,240,20,17,3,3,3,1,,
73,381,2,150,18,8,2,3,3,1,,
73,4,2,210,12,11,16,3,3,1,,
73,37,2,90,6,6,4,3,3,0,,
73,222,2,180,21,8,7,3,3,1,,
73,53,2,35,2,2,3,3,3,0,,
73,233,2,100,2,7,8,3,3,0,,
73,57,2,160,10,6,16,3,3,0,,
73,120,2,40,2,3,2,3,3,0,,
74,264,10,120,5,4,18,1,1,1,,
74,48,10,155,13,11,1,1,1,0,,
74,427,10,260,6,12,35,1,1,0,,
74,121,10,52,11,0.2,0.7,1,1,1,,
74,435,10,70,4,2,10,1,1,1,,
74,68,10,140,6,5,18,1,1,1,,
74,142,10,80,1,0.5,18,1,1,1,,
74,255,10,160,9,4,22,1,1,0,,
74,218,10,45,3,2,4,1,1,1,,
74,248,10,600,20,50,20,1,1,0,,
74,82,10,150,19,7,2,1,2,1,,
74,112,10,105,7,3,13,1,2,1,,
74,249,10,85,3,5,10,1,2,1,,
74,93,10,140,26,3,0,1,2,1,,
74,170,10,110,20,3,0,1,2,1,,
74,226,10,75,5,1,12,1,2,1,,
74,59,10,110,3,1,23,1,2,1,,
74,69,10,210,22,12,2,1,2,0,,
74,277,10,150,9,11,4,1,2,1,,
74,395,10,60,2,3,7,1,2,1,,
74,259,10,180,20,10,2,1,3,0,,
74,23,10,150,19,7,0,1,3,1,,
74,80,10,130,12,5,12,1,3,1,,
74,267,10,90,2,6,8,1,3,1,,
74,357,10,120,22,2,4,1,3,1,,
74,239,10,160,10,10,8,1,3,0,,
74,31,10,200,25,11,0,1,3,0,,
74,305,10,120,8,1,20,1,3,1,,
74,296,10,50,1,2,8,1,3,1,,
74,428,10,260,9,1,55,1,3,0,,
75,436,8,260,7,12,32,2,1,0,,
75,211,8,160,8,13,5,2,1,0,,
75,336,8,115,8,8,4,2,1,0,,
75,134,8,110,7,3,17,2,1,0,,
75,173,8,320,22,25,2,2,1,1,,
75,5,8,280,2,0.4,75,2,1,0,,
75,71,8,360,9,20,38,2,1,0,,
75,394,8,30,1,2,4,2,1,0,,
75,45,8,155,12,11,2,2,1,0,,
75,193,8,170,9,10,12,2,1,0,,
75,382,8,110,2,7,11,2,2,0,,
75,128,8,95,2,5,10,2,2,0,,
75,198,8,180,8,12,12,2,2,0,,
75,15,8,220,16,12,14,2,2,0,,
75,338,8,155,24,6,1,2,2,1,,
75,126,8,260,12,14,24,2,2,0,,
75,9,8,120,2,9,8,2,2,0,,
75,227,8,80,5,1,13,2,2,0,,
75,372,8,130,8,7,10,2,2,0,,
75,141,8,140,3,12,8,2,2,0,,
75,164,8,230,24,15,1,2,3,1,,
75,19,8,130,23,4,0,2,3,1,,
75,213,8,250,26,16,0,2,3,1,,
75,254,8,145,6,4,24,2,3,0,,
75,159,8,90,3,5,9,2,3,0,,
75,270,8,80,2,5,8,2,3,0,,
75,183,8,110,22,2,1,2,3,1,,
75,221,8,120,4,7,11,2,3,0,,
75,312,8,165,30,5,1,2,3,1,,
75,30,8,210,22,12,3,2,3,1,,
76,196,9,165,8,11,12,2,1,0,,
76,98,9,190,6,10,22,2,1,0,,
76,293,9,230,9,14,20,2,1,0,,
76,251,9,200,10,7,25,2,1,0,,
76,145,9,55,1,0.5,13,2,1,0,,
76,331,9,140,10,11,2,2,1,0,,
76,306,9,120,7,3,16,2,1,0,,
76,241,9,43,0.5,0.1,11,2,1,0,,
76,262,9,90,6,6,4,2,1,0,,
76,265,9,110,4,2,18,2,1,0,,
76,383,9,200,14,9,16,2,2,0,,
76,77,9,185,12,10,14,2,2,0,,
76,294,9,105,9,3,11,2,2,0,,
76,83,9,220,16,12,13,2,2,0,,
76,131,9,95,15,2,5,2,2,0,,
76,187,9,160,14,6,14,2,2,0,,
76,38,9,90,6,1,16,2,2,0,,
76,191,9,120,2,10,8,2,2,0,,
76,125,9,140,20,6,5,2,2,1,,
76,169,9,150,4,6,25,2,2,0,,
76,292,9,240,22,16,0,2,3,1,,
76,72,9,270,12,16,22,2,3,0,,
76,99,9,170,8,11,10,2,3,0,,
76,66,9,210,26,12,0,2,3,1,,
76,399,9,110,6,6,9,2,3,0,,
76,17,9,120,24,3,0,2,3,1,,
76,25,9,200,22,12,2,2,3,1,,
76,190,9,70,2,4,8,2,3,0,,
76,405,9,180,15,8,14,2,3,0,,
76,225,9,100,7,2,15,2,3,0,,
77,1,1,100,2,5,14,3,1,0,,
77,280,1,310,6,18,34,3,1,0,,
77,389,1,180,4,6,30,3,1,0,,
77,281,1,43,0.5,0.1,11,3,1,0,,
77,54,1,320,5,14,45,3,1,0,,
77,180,1,50,0.5,0.2,13,3,1,0,,
77,330,1,145,12,10,1,3,1,1,,
77,425,1,250,9,3,48,3,1,0,,
77,108,1,110,4,0.5,23,3,1,0,,
77,146,1,60,2,0.5,12,3,1,0,,
77,129,1,170,14,9,10,3,2,1,,
77,252,1,150,12,9,6,3,2,1,,
77,286,1,240,25,15,0,3,2,0,,
77,75,1,220,12,10,22,3,2,1,,
77,309,1,130,6,1,25,3,2,0,,
77,167,1,165,31,3.6,0,3,2,0,,
77,339,1,180,15,11,8,3,2,1,,
77,192,1,30,2,0.2,5,3,2,0,,
77,319,1,50,1,2,8,3,2,0,,
77,127,1,350,3,12,60,3,2,0,,
77,100,1,230,26,14,0,3,3,0,,
77,21,1,120,23,3,0,3,3,1,,
77,91,1,190,16,12,7,3,3,1,,
77,235,1,160,1.5,0.3,38,3,3,0,,
77,247,1,20,2,0.2,4,3,3,0,,
77,175,1,110,22,2,1,3,3,1,,
77,27,1,210,22,13,1,3,3,1,,
77,327,1,50,3,3,6,3,3,0,,
77,148,1,130,20,5,2,3,3,1,,
77,417,1,110,4,7,9,3,3,0,,
78,1,1,100,2,5,14,3,1,0,,
78,280,1,310,6,18,34,3,1,0,,
78,389,1,180,4,6,30,3,1,0,,
78,281,1,43,0.5,0.1,11,3,1,0,,
78,54,1,320,5,14,45,3,1,0,,
78,180,1,50,0.5,0.2,13,3,1,0,,
78,330,1,145,12,10,1,3,1,1,,
78,425,1,250,9,3,48,3,1,0,,
78,108,1,110,4,0.5,23,3,1,0,,
78,146,1,60,2,0.5,12,3,1,0,,
78,129,1,170,14,9,10,3,2,1,,
78,252,1,150,12,9,6,3,2,1,,
78,286,1,240,25,15,0,3,2,0,,
78,75,1,220,12,10,22,3,2,1,,
78,309,1,130,6,1,25,3,2,0,,
78,167,1,165,31,3.6,0,3,2,0,,
78,339,1,180,15,11,8,3,2,1,,
78,192,1,30,2,0.2,5,3,2,0,,
78,319,1,50,1,2,8,3,2,0,,
78,127,1,350,3,12,60,3,2,0,,
78,100,1,230,26,14,0,3,3,0,,
78,21,1,120,23,3,0,3,3,1,,
78,91,1,190,16,12,7,3,3,1,,
78,235,1,160,1.5,0.3,38,3,3,0,,
78,247,1,20,2,0.2,4,3,3,0,,
78,175,1,110,22,2,1,3,3,1,,
78,27,1,210,22,13,1,3,3,1,,
78,327,1,50,3,3,6,3,3,0,,
78,148,1,130,20,5,2,3,3,1,,
78,417,1,110,4,7,9,3,3,0,,
79,264,10,120,5,4,18,2,1,0,,
79,48,10,155,13,11,1,2,1,0,,
79,427,10,260,6,12,35,2,1,0,,
79,121,10,52,11,0.2,0.7,2,1,0,,
79,435,10,70,4,2,10,2,1,0,,
79,68,10,140,6,5,18,2,1,0,,
79,142,10,80,1,0.5,18,2,1,0,,
79,255,10,160,9,4,22,2,1,0,,
79,218,10,45,3,2,4,2,1,0,,
79,248,10,600,20,50,20,2,1,1,,
79,82,10,150,19,7,2,2,2,1,,
79,112,10,105,7,3,13,2,2,0,,
79,249,10,85,3,5,10,2,2,0,,
79,93,10,140,26,3,0,2,2,1,,
79,170,10,110,20,3,0,2,2,1,,
79,226,10,75,5,1,12,2,2,0,,
79,59,10,110,3,1,23,2,2,0,,
79,69,10,210,22,12,2,2,2,1,,
79,277,10,150,9,11,4,2,2,0,,
79,395,10,60,2,3,7,2,2,0,,
79,259,10,180,20,10,2,2,3,1,,
79,23,10,150,19,7,0,2,3,1,,
79,80,10,130,12,5,12,2,3,0,,
79,267,10,90,2,6,8,2,3,0,,
79,357,10,120,22,2,4,2,3,1,,
79,239,10,160,10,10,8,2,3,0,,
79,31,10,200,25,11,0,2,3,1,,
79,305,10,120,8,1,20,2,3,0,,
79,296,10,50,1,2,8,2,3,0,,
79,428,10,260,9,1,55,2,3,0,,
80,155,4,115,9,4,12,3,1,0,,
80,349,4,240,7,15,20,3,1,0,,
80,42,4,180,10,15,2,3,1,0,,
80,429,4,310,10,3,62,3,1,0,,
80,130,4,190,13,15,1,3,1,1,,
80,138,4,74,1,0.3,19,3,1,0,,
80,385,4,280,9,18,22,3,1,0,,
80,109,4,25,1,0.2,5,3,1,0,,
80,18,4,130,4,3,22,3,1,0,,
80,152,4,42,0.8,0.1,11,3,1,0,,
80,153,4,110,4,9,5,3,2,0,,
80,90,4,160,24,6,1,3,2,1,,
80,253,4,180,10,11,12,3,2,0,,
80,228,4,105,8,3,14,3,2,0,,
80,178,4,160,30,2,0,3,2,0,,
80,375,4,140,4,8,15,3,2,0,,
80,13,4,110,22,2,0,3,2,1,,
80,97,4,130,7,4,18,3,2,0,,
80,318,4,75,2,5,7,3,2,0,,
80,341,4,140,18,6,4,3,2,1,,
80,214,4,260,25,18,0,3,3,0,,
80,20,4,130,22,4,0,3,3,1,,
80,79,4,190,22,10,3,3,3,1,,
80,377,4,110,6,4,14,3,3,0,,
80,32,4,180,20,10,4,3,3,1,,
80,186,4,200,25,11,0,3,3,0,,
80,150,4,125,7,4,16,3,3,0,,
80,314,4,160,24,7,2,3,3,1,,
80,188,4,95,18,2,1,3,3,1,,
80,411,4,85,2,5,9,3,3,0,,
81,135,3,154,11,12,1,2,1,0,,
81,154,3,59,10,0.5,4,2,1,0,,
81,143,3,180,4,6,28,2,1,0,,
81,422,3,250,9,2,48,2,1,0,,
81,344,3,155,13,11,1,2,1,0,,
81,107,3,95,11,4,5,2,1,0,,
81,10,3,60,0.5,0.2,15,2,1,0,,
81,302,3,160,4,9,15,2,1,0,,
81,419,3,280,9,12,35,2,1,0,,
81,232,3,250,20,18,1,2,1,1,,
81,322,3,145,12,9,5,2,2,0,,
81,301,3,60,1,3,7,2,2,0,,
81,354,3,240,18,12,15,2,2,0,,
81,136,3,95,4,5,10,2,2,0,,
81,297,3,250,9,18,14,2,2,0,,
81,315,3,165,31,4,0,2,2,1,,
81,231,3,110,9,0.5,18,2,2,0,,
81,177,3,170,24,4,7,2,2,1,,
81,412,3,20,1,0,4,2,2,0,,
81,261,3,190,11,8,20,2,2,0,,
81,105,3,165,18,8,4,2,3,0,,
81,325,3,180,22,10,2,2,3,1,,
81,40,3,190,20,11,5,2,3,1,,
81,316,3,220,19,15,0,2,3,1,,
81,56,3,110,18,3,4,2,3,0,,
81,409,3,170,20,9,4,2,3,1,,
81,356,3,20,2,0.1,4,2,3,0,,
81,11,3,290,18,24,1,2,3,0,,
81,295,3,130,22,4,0,2,3,1,,
81,78,3,160,18,9,3,2,3,0,,
82,156,15,59,10,0.4,3.6,3,1,0,,
82,365,15,70,3,1.5,12,3,1,0,,
82,329,15,52,11,0.2,0.7,3,1,1,,
82,423,15,250,12,4,42,3,1,1,,
82,39,15,57,0.7,0.3,14,3,1,0,,
82,403,15,230,20,15,1,3,1,1,,
82,106,15,98,11,4,3,3,1,1,,
82,8,15,160,4,12,12,3,1,0,,
82,284,15,110,3,8,10,3,1,0,,
82,161,15,50,2,0.5,10,3,1,0,,
82,167,15,165,31,3.6,0,3,2,0,,
82,401,15,120,20,4,0,3,2,1,,
82,404,15,190,15,6,20,3,2,1,,
82,298,15,140,5,3,22,3,2,0,,
82,185,15,200,22,12,0,3,2,1,,
82,352,15,23,3,0.4,3.6,3,2,0,,
82,226,15,116,9,0.4,20,3,2,0,,
82,311,15,150,25,5,0,3,2,0,,
82,355,15,35,3,0.4,7,3,2,0,,
82,96,15,160,8,6,18,3,2,0,,
82,12,15,105,23,0.9,0,3,3,1,,
82,320,15,140,29,2,0,3,3,0,,
82,343,15,240,27,14,0,3,3,0,,
82,163,15,20,2,0.1,4,3,3,0,,
82,22,15,86,1.6,0.1,20,3,3,0,,
82,348,15,31,0.6,0.6,7,3,3,0,,
82,418,15,150,30,3,0,3,3,0,,
82,50,15,99,24,0.3,0,3,3,1,,
82,84,15,40,3,1,5,3,3,0,,
82,396,15,100,10,5,4,3,3,0,,
83,240,14,120,7,9,4,3,1,0,,
83,342,14,270,9,5,50,3,1,0,,
83,421,14,260,18,20,2,3,1,1,,
83,272,14,80,1,8,3,3,1,0,,
83,194,14,350,2,25,30,3,1,0,,
83,379,14,330,14,30,2,3,1,1,,
83,43,14,145,12,10,1,3,1,1,,
83,384,14,400,10,25,38,3,1,0,,
83,2,14,250,5,22,10,3,1,0,,
83,110,14,20,1,0.1,4,3,1,0,,
83,115,14,180,20,10,4,3,2,1,,
83,229,14,75,5,1,12,3,2,0,,
83,212,14,190,9,8,22,3,2,0,,
83,62,14,120,4,1,25,3,2,0,,
83,64,14,50,4,2,4,3,2,0,,
83,206,14,220,24,13,2,3,2,1,,
83,415,14,240,8,9,32,3,2,0,,
83,374,14,110,2,8,10,3,2,0,,
83,337,14,40,1,2,5,3,2,0,,
83,89,14,155,24,6,0,3,2,1,,
83,216,14,230,25,14,0,3,3,0,,
83,19,14,130,23,4,0,3,3,1,,
83,28,14,200,11,9,20,3,3,1,,
83,200,14,240,18,16,10,3,3,1,,
83,269,14,120,12,7,4,3,3,1,,
83,55,14,300,10,18,26,3,3,0,,
83,209,14,140,10,10,4,3,3,0,,
83,184,14,200,25,11,0,3,3,0,,
83,420,14,125,8,3,17,3,3,0,,
83,373,14,135,9,7,10,3,3,0,,
84,176,7,230,21,15,0,3,1,1,,
84,246,7,35,3,1,4,3,1,0,,
84,260,7,210,18,11,14,3,1,1,,
84,386,7,150,10,10,4,3,1,0,,
84,52,7,130,3,0.3,28,3,1,0,,
84,364,7,80,8,4,2,3,1,0,,
84,287,7,20,1,0.1,4,3,1,0,,
84,162,7,1,0.1,0,0,3,1,0,,
84,273,7,170,5,1,35,3,1,0,,
84,116,7,35,6,0.5,5,3,1,0,,
84,323,7,145,7,2,24,3,2,0,,
84,402,7,105,23,0.5,0,3,2,1,,
84,300,7,160,6,7,20,3,2,0,,
84,416,7,220,3,14,22,3,2,0,,
84,104,7,115,5,1,22,3,2,0,,
84,94,7,160,20,8,1,3,2,1,,
84,70,7,90,7,6,2,3,2,0,,
84,118,7,122,11,5,10,3,2,1,,
84,324,7,190,21,9,6,3,2,1,,
84,34,7,130,22,4,1,3,2,1,,
84,92,7,175,20,7,8,3,3,1,,
84,26,7,195,12,10,18,3,3,1,,
84,407,7,285,22,18,10,3,3,1,,
84,51,7,45,3,2,4,3,3,0,,
84,29,7,140,18,6,2,3,3,1,,
84,245,7,160,20,7,5,3,3,1,,
84,370,7,100,18,2,2,3,3,1,,
84,102,7,30,4,0.5,2,3,3,0,,
84,266,7,90,7,3,8,3,3,0,,
84,202,7,150,9,7,14,3,3,0,,
85,1,1,100,2,5,14,1,1,1,,
85,280,1,310,6,18,34,1,1,0,,
85,389,1,180,4,6,30,1,1,0,,
85,281,1,43,0.5,0.1,11,1,1,1,,
85,54,1,320,5,14,45,1,1,0,,
85,180,1,50,0.5,0.2,13,1,1,1,,
85,330,1,145,12,10,1,1,1,1,,
85,425,1,250,9,3,48,1,1,0,,
85,108,1,110,4,0.5,23,1,1,1,,
85,146,1,60,2,0.5,12,1,1,1,,
85,129,1,170,14,9,10,1,2,0,,
85,252,1,150,12,9,6,1,2,1,,
85,286,1,240,25,15,0,1,2,0,,
85,75,1,220,12,10,22,1,2,0,,
85,309,1,130,6,1,25,1,2,1,,
85,167,1,165,31,3.6,0,1,2,0,,
85,339,1,180,15,11,8,1,2,0,,
85,192,1,30,2,0.2,5,1,2,1,,
85,319,1,50,1,2,8,1,2,1,,
85,127,1,350,3,12,60,1,2,0,,
85,100,1,230,26,14,0,1,3,0,,
85,21,1,120,23,3,0,1,3,1,,
85,91,1,190,16,12,7,1,3,0,,
85,235,1,160,1.5,0.3,38,1,3,0,,
85,247,1,20,2,0.2,4,1,3,1,,
85,175,1,110,22,2,1,1,3,1,,
85,27,1,210,22,13,1,1,3,0,,
85,327,1,50,3,3,6,1,3,1,,
85,148,1,130,20,5,2,1,3,1,,
85,417,1,110,4,7,9,1,3,1,,
86,135,3,154,11,12,1,3,1,1,,
86,154,3,59,10,0.5,4,3,1,0,,
86,143,3,180,4,6,28,3,1,0,,
86,422,3,250,9,2,48,3,1,0,,
86,344,3,155,13,11,1,3,1,1,,
86,107,3,95,11,4,5,3,1,1,,
86,10,3,60,0.5,0.2,15,3,1,0,,
86,302,3,160,4,9,15,3,1,0,,
86,419,3,280,9,12,35,3,1,0,,
86,232,3,250,20,18,1,3,1,1,,
86,322,3,145,12,9,5,3,2,1,,
86,301,3,60,1,3,7,3,2,0,,
86,354,3,240,18,12,15,3,2,1,,
86,136,3,95,4,5,10,3,2,0,,
86,297,3,250,9,18,14,3,2,0,,
86,315,3,165,31,4,0,3,2,0,,
86,231,3,110,9,0.5,18,3,2,0,,
86,177,3,170,24,4,7,3,2,1,,
86,412,3,20,1,0,4,3,2,0,,
86,261,3,190,11,8,20,3,2,1,,
86,105,3,165,18,8,4,3,3,1,,
86,325,3,180,22,10,2,3,3,1,,
86,40,3,190,20,11,5,3,3,1,,
86,316,3,220,19,15,0,3,3,1,,
86,56,3,110,18,3,4,3,3,1,,
86,409,3,170,20,9,4,3,3,1,,
86,356,3,20,2,0.1,4,3,3,0,,
86,11,3,290,18,24,1,3,3,1,,
86,295,3,130,22,4,0,3,3,1,,
86,78,3,160,18,9,3,3,3,1,,
87,1,1,100,2,5,14,1,1,1,,
87,280,1,310,6,18,34,1,1,0,,
87,389,1,180,4,6,30,1,1,0,,
87,281,1,43,0.5,0.1,11,1,1,1,,
87,54,1,320,5,14,45,1,1,0,,
87,180,1,50,0.5,0.2,13,1,1,1,,
87,330,1,145,12,10,1,1,1,1,,
87,425,1,250,9,3,48,1,1,0,,
87,108,1,110,4,0.5,23,1,1,1,,
87,146,1,60,2,0.5,12,1,1,1,,
87,129,1,170,14,9,10,1,2,0,,
87,252,1,150,12,9,6,1,2,1,,
87,286,1,240,25,15,0,1,2,0,,
87,75,1,220,12,10,22,1,2,0,,
87,309,1,130,6,1,25,1,2,1,,
87,167,1,165,31,3.6,0,1,2,0,,
87,339,1,180,15,11,8,1,2,0,,
87,192,1,30,2,0.2,5,1,2,1,,
87,319,1,50,1,2,8,1,2,1,,
87,127,1,350,3,12,60,1,2,0,,
87,100,1,230,26,14,0,1,3,0,,
87,21,1,120,23,3,0,1,3,1,,
87,91,1,190,16,12,7,1,3,0,,
87,235,1,160,1.5,0.3,38,1,3,0,,
87,247,1,20,2,0.2,4,1,3,1,,
87,175,1,110,22,2,1,1,3,1,,
87,27,1,210,22,13,1,1,3,0,,
87,327,1,50,3,3,6,1,3,1,,
87,148,1,130,20,5,2,1,3,1,,
87,417,1,110,4,7,9,1,3,1,,
88,278,12,180,5,8,24,2,1,0,,
88,351,12,160,6,10,12,2,1,0,,
88,140,12,45,1,0.1,10,2,1,0,,
88,234,12,210,12,15,8,2,1,0,,
88,46,12,200,18,14,1,2,1,0,,
88,157,12,120,8,4,14,2,1,0,,
88,431,12,260,8,10,34,2,1,0,,
88,179,12,60,1,0.2,15,2,1,0,,
88,123,12,360,6,18,45,2,1,0,,
88,101,12,340,4,20,38,2,1,0,,
88,332,12,165,10,5,22,2,2,0,,
88,149,12,50,1,3,5,2,2,0,,
88,172,12,110,22,2,0,2,2,1,,
88,230,12,120,8,4,15,2,2,0,,
88,201,12,310,32,20,0,2,2,1,,
88,321,12,180,5,12,14,2,2,0,,
88,189,12,100,18,2,2,2,2,0,,
88,95,12,140,7,6,15,2,2,0,,
88,326,12,95,3,6,9,2,2,0,,
88,288,12,85,2,5,9,2,2,0,,
88,147,12,140,20,7,2,2,3,1,,
88,315,12,165,31,4,0,2,3,1,,
88,20,12,130,22,4,0,2,3,1,,
88,181,12,170,26,7,0,2,3,1,,
88,350,12,210,18,12,8,2,3,0,,
88,376,12,110,5,8,6,2,3,0,,
88,163,12,25,2,0.1,4,2,3,0,,
88,14,12,105,22,1,2,2,3,1,,
88,36,12,220,28,12,0,2,3,1,,
88,334,12,150,20,6,4,2,3,1,,
89,155,4,115,9,4,12,2,1,0,,
89,349,4,240,7,15,20,2,1,0,,
89,42,4,180,10,15,2,2,1,0,,
89,429,4,310,10,3,62,2,1,0,,
89,130,4,190,13,15,1,2,1,0,,
89,138,4,74,1,0.3,19,2,1,0,,
89,385,4,280,9,18,22,2,1,0,,
89,109,4,25,1,0.2,5,2,1,0,,
89,18,4,130,4,3,22,2,1,0,,
89,152,4,42,0.8,0.1,11,2,1,0,,
89,153,4,110,4,9,5,2,2,0,,
89,90,4,160,24,6,1,2,2,1,,
89,253,4,180,10,11,12,2,2,0,,
89,228,4,105,8,3,14,2,2,0,,
89,178,4,160,30,2,0,2,2,1,,
89,375,4,140,4,8,15,2,2,0,,
89,13,4,110,22,2,0,2,2,1,,
89,97,4,130,7,4,18,2,2,0,,
89,318,4,75,2,5,7,2,2,0,,
89,341,4,140,18,6,4,2,2,0,,
89,214,4,260,25,18,0,2,3,1,,
89,20,4,130,22,4,0,2,3,1,,
89,79,4,190,22,10,3,2,3,1,,
89,377,4,110,6,4,14,2,3,0,,
89,32,4,180,20,10,4,2,3,1,,
89,186,4,200,25,11,0,2,3,1,,
89,150,4,125,7,4,16,2,3,0,,
89,314,4,160,24,7,2,2,3,1,,
89,188,4,95,18,2,1,2,3,0,,
89,411,4,85,2,5,9,2,3,0,,
90,1,1,100,2,5,14,1,1,1,,
90,280,1,310,6,18,34,1,1,0,,
90,389,1,180,4,6,30,1,1,0,,
90,281,1,43,0.5,0.1,11,1,1,1,,
90,54,1,320,5,14,45,1,1,0,,
90,180,1,50,0.5,0.2,13,1,1,1,,
90,330,1,145,12,10,1,1,1,1,,
90,425,1,250,9,3,48,1,1,0,,
90,108,1,110,4,0.5,23,1,1,1,,
90,146,1,60,2,0.5,12,1,1,1,,
90,129,1,170,14,9,10,1,2,0,,
90,252,1,150,12,9,6,1,2,1,,
90,286,1,240,25,15,0,1,2,0,,
90,75,1,220,12,10,22,1,2,0,,
90,309,1,130,6,1,25,1,2,1,,
90,167,1,165,31,3.6,0,1,2,0,,
90,339,1,180,15,11,8,1,2,0,,
90,192,1,30,2,0.2,5,1,2,1,,
90,319,1,50,1,2,8,1,2,1,,
90,127,1,350,3,12,60,1,2,0,,
90,100,1,230,26,14,0,1,3,0,,
90,21,1,120,23,3,0,1,3,1,,
90,91,1,190,16,12,7,1,3,0,,
90,235,1,160,1.5,0.3,38,1,3,0,,
90,247,1,20,2,0.2,4,1,3,1,,
90,175,1,110,22,2,1,1,3,1,,
90,27,1,210,22,13,1,1,3,0,,
90,327,1,50,3,3,6,1,3,1,,
90,148,1,130,20,5,2,1,3,1,,
90,417,1,110,4,7,9,1,3,1,,
91,237,5,170,4,7,26,3,1,0,,
91,290,5,160,3,4,28,3,1,0,,
91,199,5,130,4,0.5,28,3,1,0,,
91,408,5,180,5,8,25,3,1,0,,
91,353,5,105,7,0.5,19,3,1,0,,
91,263,5,140,5,4,22,3,1,0,,
91,119,5,160,12,11,2,3,1,1,,
91,114,5,160,6,4,26,3,1,0,,
91,144,5,50,1,0.3,12,3,1,0,,
91,3,5,600,20,52,18,3,1,1,,
91,277,5,160,9,12,6,3,2,0,,
91,73,5,195,12,8,23,3,2,1,,
91,299,5,135,6,3,24,3,2,0,,
91,132,5,145,15,8,4,3,2,1,,
91,250,5,110,3,6,12,3,2,0,,
91,113,5,115,7,4,15,3,2,0,,
91,111,5,130,3,4,20,3,2,0,,
91,388,5,120,20,4,1,3,2,1,,
91,243,5,250,8,2,50,3,2,0,,
91,63,5,60,2,3,8,3,2,0,,
91,387,5,150,24,5,1,3,3,1,,
91,434,5,100,7,2,14,3,3,0,,
91,313,5,80,2,5,8,3,3,0,,
91,220,5,210,18,14,4,3,3,1,,
91,368,5,230,18,16,4,3,3,1,,
91,347,5,150,14,7,10,3,3,1,,
91,219,5,45,1,2,6,3,3,0,,
91,86,5,140,18,7,4,3,3,1,,
91,41,5,110,3,1,23,3,3,0,,
91,204,5,100,4,7,6,3,3,0,,
92,156,15,59,10,0.4,3.6,2,1,0,,
92,365,15,70,3,1.5,12,2,1,0,,
92,329,15,52,11,0.2,0.7,2,1,0,,
92,423,15,250,12,4,42,2,1,0,,
92,39,15,57,0.7,0.3,14,2,1,0,,
92,403,15,230,20,15,1,2,1,1,,
92,106,15,98,11,4,3,2,1,0,,
92,8,15,160,4,12,12,2,1,0,,
92,284,15,110,3,8,10,2,1,0,,
92,161,15,50,2,0.5,10,2,1,0,,
92,167,15,165,31,3.6,0,2,2,1,,
92,401,15,120,20,4,0,2,2,1,,
92,404,15,190,15,6,20,2,2,0,,
92,298,15,140,5,3,22,2,2,0,,
92,185,15,200,22,12,0,2,2,1,,
92,352,15,23,3,0.4,3.6,2,2,0,,
92,226,15,116,9,0.4,20,2,2,0,,
92,311,15,150,25,5,0,2,2,1,,
92,355,15,35,3,0.4,7,2,2,0,,
92,96,15,160,8,6,18,2,2,0,,
92,12,15,105,23,0.9,0,2,3,1,,
92,320,15,140,29,2,0,2,3,1,,
92,343,15,240,27,14,0,2,3,1,,
92,163,15,20,2,0.1,4,2,3,0,,
92,22,15,86,1.6,0.1,20,2,3,0,,
92,348,15,31,0.6,0.6,7,2,3,0,,
92,418,15,150,30,3,0,2,3,1,,
92,50,15,99,24,0.3,0,2,3,1,,
92,84,15,40,3,1,5,2,3,0,,
92,396,15,100,10,5,4,2,3,0,,
93,363,2,160,9,6,18,1,1,0,,
93,307,2,50,1,0.2,11,1,1,1,,
93,291,2,230,10,8,30,1,1,0,,
93,328,2,280,5,14,34,1,1,0,,
93,346,2,35,3,2,2,1,1,1,,
93,390,2,155,13,11,1,1,1,0,,
93,432,2,80,5,3,9,1,1,1,,
93,360,2,140,3,0.5,31,1,1,1,,
93,242,2,60,2,1,12,1,1,1,,
93,303,2,250,6,4,48,1,1,0,,
93,208,2,180,16,11,7,1,2,0,,
93,236,2,115,9,7,4,1,2,1,,
93,35,2,130,14,6,6,1,2,1,,
93,361,2,110,21,3,0,1,2,1,,
93,61,2,80,4,3,10,1,2,1,,
93,74,2,200,18,12,8,1,2,0,,
93,195,2,65,4,3,7,1,2,1,,
93,340,2,170,7,5,24,1,2,0,,
93,369,2,45,3,2,4,1,2,1,,
93,76,2,190,12,8,18,1,2,0,,
93,285,2,220,25,13,0,1,3,0,,
93,406,2,240,20,17,3,1,3,0,,
93,381,2,150,18,8,2,1,3,1,,
93,4,2,210,12,11,16,1,3,0,,
93,37,2,90,6,6,4,1,3,1,,
93,222,2,180,21,8,7,1,3,0,,
93,53,2,35,2,2,3,1,3,1,,
93,233,2,100,2,7,8,1,3,1,,
93,57,2,160,10,6,16,1,3,0,,
93,120,2,40,2,3,2,1,3,1,,
94,196,9,165,8,11,12,3,1,0,,
94,98,9,190,6,10,22,3,1,0,,
94,293,9,230,9,14,20,3,1,0,,
94,251,9,200,10,7,25,3,1,0,,
94,145,9,55,1,0.5,13,3,1,0,,
94,331,9,140,10,11,2,3,1,0,,
94,306,9,120,7,3,16,3,1,0,,
94,241,9,43,0.5,0.1,11,3,1,0,,
94,262,9,90,6,6,4,3,1,0,,
94,265,9,110,4,2,18,3,1,0,,
94,383,9,200,14,9,16,3,2,1,,
94,77,9,185,12,10,14,3,2,1,,
94,294,9,105,9,3,11,3,2,0,,
94,83,9,220,16,12,13,3,2,1,,
94,131,9,95,15,2,5,3,2,1,,
94,187,9,160,14,6,14,3,2,1,,
94,38,9,90,6,1,16,3,2,0,,
94,191,9,120,2,10,8,3,2,0,,
94,125,9,140,20,6,5,3,2,1,,
94,169,9,150,4,6,25,3,2,0,,
94,292,9,240,22,16,0,3,3,1,,
94,72,9,270,12,16,22,3,3,1,,
94,99,9,170,8,11,10,3,3,0,,
94,66,9,210,26,12,0,3,3,0,,
94,399,9,110,6,6,9,3,3,0,,
94,17,9,120,24,3,0,3,3,1,,
94,25,9,200,22,12,2,3,3,1,,
94,190,9,70,2,4,8,3,3,0,,
94,405,9,180,15,8,14,3,3,1,,
94,225,9,100,7,2,15,3,3,0,,
95,308,13,60,3,1,11,3,1,0,,
95,392,13,180,12,14,2,3,1,1,,
95,366,13,190,3,6,35,3,1,0,,
95,44,13,150,12,10,1,3,1,1,,
95,137,13,60,1,1,12,3,1,0,,
95,103,13,100,2,8,6,3,1,0,,
95,393,13,80,2,3,12,3,1,0,,
95,205,13,90,6,2,13,3,1,0,,
95,182,13,250,18,18,4,3,1,1,,
95,282,13,43,0.5,0.1,11,3,1,0,,
95,276,13,200,8,8,26,3,2,0,,
95,345,13,80,2,0.5,18,3,2,0,,
95,160,13,165,12,11,6,3,2,1,,
95,397,13,90,12,3,5,3,2,1,,
95,87,13,185,20,10,4,3,2,1,,
95,391,13,150,22,6,4,3,2,1,,
95,304,13,170,18,10,5,3,2,1,,
95,367,13,60,3,4,4,3,2,0,,
95,358,13,130,3,0.3,28,3,2,0,,
95,217,13,140,18,6,4,3,2,1,,
95,238,13,180,11,12,9,3,3,1,,
95,67,13,200,19,12,8,3,3,1,,
95,359,13,110,22,2,1,3,3,1,,
95,275,13,190,10,8,22,3,3,0,,
95,279,13,175,14,11,6,3,3,1,,
95,24,13,155,18,8,3,3,3,1,,
95,183,13,100,21,2,1,3,3,1,,
95,151,13,120,8,4,14,3,3,0,,
95,433,13,140,4,9,10,3,3,0,,
95,117,13,210,18,14,4,3,3,1,,
96,237,5,170,4,7,26,3,1,0,,
96,290,5,160,3,4,28,3,1,0,,
96,199,5,130,4,0.5,28,3,1,0,,
96,408,5,180,5,8,25,3,1,0,,
96,353,5,105,7,0.5,19,3,1,0,,
96,263,5,140,5,4,22,3,1,0,,
96,119,5,160,12,11,2,3,1,1,,
96,114,5,160,6,4,26,3,1,0,,
96,144,5,50,1,0.3,12,3,1,0,,
96,3,5,600,20,52,18,3,1,1,,
96,277,5,160,9,12,6,3,2,0,,
96,73,5,195,12,8,23,3,2,1,,
96,299,5,135,6,3,24,3,2,0,,
96,132,5,145,15,8,4,3,2,1,,
96,250,5,110,3,6,12,3,2,0,,
96,113,5,115,7,4,15,3,2,0,,
96,111,5,130,3,4,20,3,2,0,,
96,388,5,120,20,4,1,3,2,1,,
96,243,5,250,8,2,50,3,2,0,,
96,63,5,60,2,3,8,3,2,0,,
96,387,5,150,24,5,1,3,3,1,,
96,434,5,100,7,2,14,3,3,0,,
96,313,5,80,2,5,8,3,3,0,,
96,220,5,210,18,14,4,3,3,1,,
96,368,5,230,18,16,4,3,3,1,,
96,347,5,150,14,7,10,3,3,1,,
96,219,5,45,1,2,6,3,3,0,,
96,86,5,140,18,7,4,3,3,1,,
96,41,5,110,3,1,23,3,3,0,,
96,204,5,100,4,7,6,3,3,0,,
97,436,8,260,7,12,32,2,1,0,,
97,211,8,160,8,13,5,2,1,0,,
97,336,8,115,8,8,4,2,1,0,,
97,134,8,110,7,3,17,2,1,0,,
97,173,8,320,22,25,2,2,1,1,,
97,5,8,280,2,0.4,75,2,1,0,,
97,71,8,360,9,20,38,2,1,0,,
97,394,8,30,1,2,4,2,1,0,,
97,45,8,155,12,11,2,2,1,0,,
97,193,8,170,9,10,12,2,1,0,,
97,382,8,110,2,7,11,2,2,0,,
97,128,8,95,2,5,10,2,2,0,,
97,198,8,180,8,12,12,2,2,0,,
97,15,8,220,16,12,14,2,2,0,,
97,338,8,155,24,6,1,2,2,1,,
97,126,8,260,12,14,24,2,2,0,,
97,9,8,120,2,9,8,2,2,0,,
97,227,8,80,5,1,13,2,2,0,,
97,372,8,130,8,7,10,2,2,0,,
97,141,8,140,3,12,8,2,2,0,,
97,164,8,230,24,15,1,2,3,1,,
97,19,8,130,23,4,0,2,3,1,,
97,213,8,250,26,16,0,2,3,1,,
97,254,8,145,6,4,24,2,3,0,,
97,159,8,90,3,5,9,2,3,0,,
97,270,8,80,2,5,8,2,3,0,,
97,183,8,110,22,2,1,2,3,1,,
97,221,8,120,4,7,11,2,3,0,,
97,312,8,165,30,5,1,2,3,1,,
97,30,8,210,22,12,3,2,3,1,,
98,436,8,260,7,12,32,3,1,0,,
98,211,8,160,8,13,5,3,1,0,,
98,336,8,115,8,8,4,3,1,0,,
98,134,8,110,7,3,17,3,1,0,,
98,173,8,320,22,25,2,3,1,1,,
98,5,8,280,2,0.4,75,3,1,0,,
98,71,8,360,9,20,38,3,1,0,,
98,394,8,30,1,2,4,3,1,0,,
98,45,8,155,12,11,2,3,1,1,,
98,193,8,170,9,10,12,3,1,0,,
98,382,8,110,2,7,11,3,2,0,,
98,128,8,95,2,5,10,3,2,0,,
98,198,8,180,8,12,12,3,2,0,,
98,15,8,220,16,12,14,3,2,1,,
98,338,8,155,24,6,1,3,2,1,,
98,126,8,260,12,14,24,3,2,1,,
98,9,8,120,2,9,8,3,2,0,,
98,227,8,80,5,1,13,3,2,0,,
98,372,8,130,8,7,10,3,2,0,,
98,141,8,140,3,12,8,3,2,0,,
98,164,8,230,24,15,1,3,3,1,,
98,19,8,130,23,4,0,3,3,1,,
98,213,8,250,26,16,0,3,3,0,,
98,254,8,145,6,4,24,3,3,0,,
98,159,8,90,3,5,9,3,3,0,,
98,270,8,80,2,5,8,3,3,0,,
98,183,8,110,22,2,1,3,3,1,,
98,221,8,120,4,7,11,3,3,0,,
98,312,8,165,30,5,1,3,3,0,,
98,30,8,210,22,12,3,3,3,1,,
99,240,14,120,7,9,4,1,1,1,,
99,342,14,270,9,5,50,1,1,0,,
99,421,14,260,18,20,2,1,1,0,,
99,272,14,80,1,8,3,1,1,1,,
99,194,14,350,2,25,30,1,1,0,,
99,379,14,330,14,30,2,1,1,0,,
99,43,14,145,12,10,1,1,1,1,,
99,384,14,400,10,25,38,1,1,0,,
99,2,14,250,5,22,10,1,1,0,,
99,110,14,20,1,0.1,4,1,1,1,,
99,115,14,180,20,10,4,1,2,0,,
99,229,14,75,5,1,12,1,2,1,,
99,212,14,190,9,8,22,1,2,0,,
99,62,14,120,4,1,25,1,2,1,,
99,64,14,50,4,2,4,1,2,1,,
99,206,14,220,24,13,2,1,2,0,,
99,415,14,240,8,9,32,1,2,0,,
99,374,14,110,2,8,10,1,2,1,,
99,337,14,40,1,2,5,1,2,1,,
99,89,14,155,24,6,0,1,2,0,,
99,216,14,230,25,14,0,1,3,0,,
99,19,14,130,23,4,0,1,3,1,,
99,28,14,200,11,9,20,1,3,0,,
99,200,14,240,18,16,10,1,3,0,,
99,269,14,120,12,7,4,1,3,1,,
99,55,14,300,10,18,26,1,3,0,,
99,209,14,140,10,10,4,1,3,1,,
99,184,14,200,25,11,0,1,3,0,,
99,420,14,125,8,3,17,1,3,1,,
99,373,14,135,9,7,10,1,3,1,,
100,310,6,150,9,10,8,3,1,0,,
100,139,6,50,1,0.3,12,3,1,0,,
100,424,6,380,8,12,60,3,1,0,,
100,158,6,130,11,8,6,3,1,1,,
100,47,6,140,11,10,1,3,1,1,,
100,133,6,250,7,9,36,3,1,0,,
100,60,6,180,4,6,28,3,1,0,,
100,16,6,60,1,0.2,15,3,1,0,,
100,289,6,340,6,17,40,3,1,0,,
100,124,6,30,2,1,3,3,1,0,,
100,65,6,170,9,14,3,3,2,0,,
100,244,6,60,3,1,10,3,2,0,,
100,256,6,140,4,5,21,3,2,0,,
100,283,6,150,7,3,24,3,2,0,,
100,166,6,100,18,2,2,3,2,1,,
100,400,6,160,15,8,10,3,2,1,,
100,426,6,220,10,8,28,3,2,0,,
100,223,6,180,12,2,30,3,2,1,,
100,333,6,160,14,4,18,3,2,1,,
100,317,6,75,2,5,7,3,2,0,,
100,165,6,120,23,3,0,3,3,1,,
100,274,6,180,22,10,3,3,3,1,,
100,85,6,175,21,9,4,3,3,1,,
100,410,6,200,24,10,5,3,3,1,,
100,20,6,130,22,4,0,3,3,1,,
100,58,6,150,25,4,2,3,3,0,,
100,378,6,110,6,5,12,3,3,0,,
100,398,6,105,22,1,2,3,3,1,,
100,33,6,210,26,12,0,3,3,0,,
100,414,6,160,8,7,18,3,3,0,,
1,437,8,562,20,45,27,1,4,1,,
1,438,8,559,30,49,10,1,4,1,,
1,439,8,249,3,1,64,1,4,1,,
1,440,8,579,21,50,22,1,4,0,,
1,441,8,654,15,65,14,1,4,0,,
1,442,8,166,8,10,14,1,4,1,,
1,443,8,250,10,12,25,1,4,0,,
1,444,8,282,2.5,0.4,75,1,4,0,,
1,445,8,48,1.4,0.3,11,1,4,1,,
1,446,8,155,8,12,5,1,4,1,,
2,447,10,164,19,6,27,1,4,1,,
2,448,10,600,15,45,20,1,4,0,,
2,449,10,90,3,1,19,1,4,1,,
2,450,10,80,1,0.5,18,1,4,1,,
2,451,10,579,21,50,22,1,4,0,,
2,452,10,654,15,65,14,1,4,0,,
2,453,10,180,4,8,22,1,4,1,,
2,454,10,68,2.6,1,14,1,4,1,,
2,455,10,400,6,0.5,90,1,4,0,,
2,456,10,241,3,0.5,62,1,4,1,,
3,457,6,673,14,68,13,3,4,1,,
3,458,6,562,20,45,27,3,4,1,,
3,459,6,430,38,29,4,3,4,1,,
3,460,6,20,1,0.2,4,3,4,1,,
3,461,6,450,9,18,65,3,4,0,,
3,462,6,34,0.8,0.2,8,3,4,0,,
3,463,6,654,15,65,14,3,4,0,,
3,464,6,245,3,2,53,3,4,1,,
3,465,6,138,11,8,5,3,4,1,,
3,466,6,115,0.8,11,6,3,4,1,,
4,467,1,656,14,66,12,3,4,0,,
4,468,1,553,18,44,30,3,4,0,,
4,469,1,68,2.6,1,14,3,4,0,,
4,470,1,280,8,15,28,3,4,1,,
4,471,1,350,0.2,0.1,85,3,4,1,,
4,472,1,567,26,49,16,3,4,0,,
4,473,1,50,0.5,0.1,13,3,4,0,,
4,474,1,584,21,51,20,3,4,0,,
4,475,1,320,2,1,78,3,4,1,,
4,476,1,354,3,33,15,3,4,1,,
5,477,14,628,15,60,17,2,4,0,,
5,478,14,241,3,0.5,62,2,4,0,,
5,479,14,562,20,45,27,2,4,1,,
5,480,14,584,21,51,20,2,4,1,,
5,481,14,249,3,1,64,2,4,0,,
5,482,14,57,0.4,0.1,15,2,4,0,,
5,483,14,654,15,65,14,2,4,0,,
5,484,14,559,30,49,10,2,4,1,,
5,485,14,155,8,12,5,2,4,0,,
5,486,14,34,0.8,0.2,8,2,4,0,,
6,487,7,122,11,5,10,1,4,1,,
6,488,7,35,6,0.5,5,1,4,1,,
6,489,7,450,40,20,33,1,4,0,,
6,490,7,380,7,1,85,1,4,0,,
6,491,7,300,60,3,2,1,4,0,,
6,492,7,150,10,10,4,1,4,1,,
6,493,7,230,2,0.5,55,1,4,0,,
6,494,7,130,3,0.3,28,1,4,1,,
6,495,7,290,10,1,75,1,4,0,,
6,496,7,70,0.6,0.2,19,1,4,1,,
7,467,1,656,14,66,12,3,4,0,,
7,468,1,553,18,44,30,3,4,0,,
7,469,1,68,2.6,1,14,3,4,0,,
7,470,1,280,8,15,28,3,4,1,,
7,471,1,350,0.2,0.1,85,3,4,1,,
7,472,1,567,26,49,16,3,4,0,,
7,473,1,50,0.5,0.1,13,3,4,0,,
7,474,1,584,21,51,20,3,4,0,,
7,475,1,320,2,1,78,3,4,1,,
7,476,1,354,3,33,15,3,4,1,,
8,497,9,559,30,49,10,3,4,0,,
8,498,9,38,0.7,0.1,9,3,4,0,,
8,499,9,60,0.8,0.4,15,3,4,0,,
8,500,9,450,7,20,65,3,4,0,,
8,501,9,164,19,6,27,3,4,1,,
8,502,9,160,2,15,9,3,4,1,,
8,503,9,25,1,0.2,5,3,4,0,,
8,504,9,43,0.5,0.1,11,3,4,0,,
8,505,9,150,4,6,25,3,4,1,,
8,506,9,654,15,65,14,3,4,0,,
9,507,5,350,9,0.5,77,3,4,1,,
9,508,5,164,19,6,27,3,4,1,,
9,509,5,105,7,0.5,19,3,4,1,,
9,510,5,389,13,7,66,3,4,1,,
9,511,5,567,26,49,16,3,4,0,,
9,512,5,265,18,20,1,3,4,1,,
9,513,5,90,3,1,19,3,4,0,,
9,514,5,68,2.6,1,14,3,4,0,,
9,515,5,553,18,44,30,3,4,0,,
9,516,5,160,6,4,26,3,4,1,,
10,447,10,164,19,6,27,2,4,1,,
10,448,10,600,15,45,20,2,4,0,,
10,449,10,90,3,1,19,2,4,0,,
10,450,10,80,1,0.5,18,2,4,0,,
10,451,10,579,21,50,22,2,4,1,,
10,452,10,654,15,65,14,2,4,1,,
10,453,10,180,4,8,22,2,4,1,,
10,454,10,68,2.6,1,14,2,4,1,,
10,455,10,400,6,0.5,90,2,4,1,,
10,456,10,241,3,0.5,62,2,4,1,,
11,517,12,600,20,54,18,1,4,1,,
11,518,12,145,30,3,0,1,4,1,,
11,519,12,47,0.9,0.1,12,1,4,1,,
11,520,12,628,15,60,17,1,4,0,,
11,521,12,340,25,2,50,1,4,0,,
11,522,12,654,15,65,14,1,4,0,,
11,523,12,115,0.8,11,6,1,4,1,,
11,524,12,39,0.9,0.3,10,1,4,1,,
11,525,12,400,10,5,75,1,4,0,,
11,526,12,34,0.8,0.2,8,1,4,1,,
12,487,7,122,11,5,10,1,4,1,,
12,488,7,35,6,0.5,5,1,4,1,,
12,489,7,450,40,20,33,1,4,0,,
12,490,7,380,7,1,85,1,4,0,,
12,491,7,300,60,3,2,1,4,0,,
12,492,7,150,10,10,4,1,4,1,,
12,493,7,230,2,0.5,55,1,4,0,,
12,494,7,130,3,0.3,28,1,4,1,,
12,495,7,290,10,1,75,1,4,0,,
12,496,7,70,0.6,0.2,19,1,4,1,,
13,527,13,60,0.8,0.4,15,2,4,0,,
13,528,13,96,3.4,1.5,21,2,4,0,,
13,529,13,553,18,44,30,2,4,1,,
13,530,13,280,2,0.6,72,2,4,0,,
13,531,13,43,0.5,0.1,11,2,4,0,,
13,532,13,60,1.2,0.8,13,2,4,0,,
13,533,13,380,7,1,85,2,4,0,,
13,534,13,567,26,49,16,2,4,1,,
13,535,13,31,1,0.3,7,2,4,0,,
13,536,13,30,0.6,0.2,8,2,4,0,,
14,527,13,60,0.8,0.4,15,2,4,0,,
14,528,13,96,3.4,1.5,21,2,4,0,,
14,529,13,553,18,44,30,2,4,1,,
14,530,13,280,2,0.6,72,2,4,0,,
14,531,13,43,0.5,0.1,11,2,4,0,,
14,532,13,60,1.2,0.8,13,2,4,0,,
14,533,13,380,7,1,85,2,4,0,,
14,534,13,567,26,49,16,2,4,1,,
14,535,13,31,1,0.3,7,2,4,1,,
14,536,13,30,0.6,0.2,8,2,4,1,,
15,477,14,628,15,60,17,1,4,1,,
15,478,14,241,3,0.5,62,1,4,1,,
15,479,14,562,20,45,27,1,4,1,,
15,480,14,584,21,51,20,1,4,0,,
15,481,14,249,3,1,64,1,4,0,,
15,482,14,57,0.4,0.1,15,1,4,1,,
15,483,14,654,15,65,14,1,4,0,,
15,484,14,559,30,49,10,1,4,0,,
15,485,14,155,8,12,5,1,4,1,,
15,486,14,34,0.8,0.2,8,1,4,1,,
16,487,7,122,11,5,10,2,4,0,,
16,488,7,35,6,0.5,5,2,4,0,,
16,489,7,450,40,20,33,2,4,1,,
16,490,7,380,7,1,85,2,4,0,,
16,491,7,300,60,3,2,2,4,1,,
16,492,7,150,10,10,4,2,4,0,,
16,493,7,230,2,0.5,55,2,4,0,,
16,494,7,130,3,0.3,28,2,4,0,,
16,495,7,290,10,1,75,2,4,0,,
16,496,7,70,0.6,0.2,19,2,4,0,,
17,447,10,164,19,6,27,2,4,1,,
17,448,10,600,15,45,20,2,4,0,,
17,449,10,90,3,1,19,2,4,0,,
17,450,10,80,1,0.5,18,2,4,0,,
17,451,10,579,21,50,22,2,4,1,,
17,452,10,654,15,65,14,2,4,0,,
17,453,10,180,4,8,22,2,4,0,,
17,454,10,68,2.6,1,14,2,4,0,,
17,455,10,400,6,0.5,90,2,4,0,,
17,456,10,241,3,0.5,62,2,4,0,,
18,537,4,562,20,45,27,2,4,1,,
18,538,4,115,0.8,11,6,2,4,0,,
18,539,4,264,14,21,4,2,4,0,,
18,540,4,249,3,1,64,2,4,0,,
18,541,4,654,15,65,14,2,4,0,,
18,542,4,59,10,0.4,3.6,2,4,0,,
18,543,4,15,0.7,0.1,3.6,2,4,0,,
18,544,4,164,19,6,27,2,4,1,,
18,545,4,83,1.7,1.2,19,2,4,0,,
18,546,4,69,0.7,0.2,18,2,4,0,,
19,547,11,282,2.5,0.4,75,3,4,1,,
19,548,11,562,20,45,27,3,4,0,,
19,549,11,579,21,50,22,3,4,0,,
19,550,11,559,30,49,10,3,4,0,,
19,551,11,249,3,1,64,3,4,1,,
19,552,11,180,13,10,20,3,4,1,,
19,553,11,155,8,12,5,3,4,1,,
19,554,11,654,15,65,14,3,4,0,,
19,555,11,628,15,60,17,3,4,0,,
19,556,11,241,3,0.5,62,3,4,1,,
20,547,11,282,2.5,0.4,75,1,4,0,,
20,548,11,562,20,45,27,1,4,0,,
20,549,11,579,21,50,22,1,4,0,,
20,550,11,559,30,49,10,1,4,0,,
20,551,11,249,3,1,64,1,4,0,,
20,552,11,180,13,10,20,1,4,1,,
20,553,11,155,8,12,5,1,4,1,,
20,554,11,654,15,65,14,1,4,0,,
20,555,11,628,15,60,17,1,4,0,,
20,556,11,241,3,0.5,62,1,4,0,,
21,527,13,60,0.8,0.4,15,1,4,1,,
21,528,13,96,3.4,1.5,21,1,4,1,,
21,529,13,553,18,44,30,1,4,0,,
21,530,13,280,2,0.6,72,1,4,0,,
21,531,13,43,0.5,0.1,11,1,4,1,,
21,532,13,60,1.2,0.8,13,1,4,1,,
21,533,13,380,7,1,85,1,4,0,,
21,534,13,567,26,49,16,1,4,0,,
21,535,13,31,1,0.3,7,1,4,1,,
21,536,13,30,0.6,0.2,8,1,4,1,,
22,527,13,60,0.8,0.4,15,3,4,0,,
22,528,13,96,3.4,1.5,21,3,4,0,,
22,529,13,553,18,44,30,3,4,0,,
22,530,13,280,2,0.6,72,3,4,1,,
22,531,13,43,0.5,0.1,11,3,4,0,,
22,532,13,60,1.2,0.8,13,3,4,0,,
22,533,13,380,7,1,85,3,4,1,,
22,534,13,567,26,49,16,3,4,0,,
22,535,13,31,1,0.3,7,3,4,0,,
22,536,13,30,0.6,0.2,8,3,4,0,,
23,517,12,600,20,54,18,1,4,0,,
23,518,12,145,30,3,0,1,4,1,,
23,519,12,47,0.9,0.1,12,1,4,1,,
23,520,12,628,15,60,17,1,4,0,,
23,521,12,340,25,2,50,1,4,0,,
23,522,12,654,15,65,14,1,4,0,,
23,523,12,115,0.8,11,6,1,4,1,,
23,524,12,39,0.9,0.3,10,1,4,1,,
23,525,12,400,10,5,75,1,4,0,,
23,526,12,34,0.8,0.2,8,1,4,1,,
24,457,6,673,14,68,13,3,4,0,,
24,458,6,562,20,45,27,3,4,0,,
24,459,6,430,38,29,4,3,4,0,,
24,460,6,20,1,0.2,4,3,4,0,,
24,461,6,450,9,18,65,3,4,0,,
24,462,6,34,0.8,0.2,8,3,4,0,,
24,463,6,654,15,65,14,3,4,0,,
24,464,6,245,3,2,53,3,4,1,,
24,465,6,138,11,8,5,3,4,1,,
24,466,6,115,0.8,11,6,3,4,1,,
25,477,14,628,15,60,17,2,4,0,,
25,478,14,241,3,0.5,62,2,4,0,,
25,479,14,562,20,45,27,2,4,1,,
25,480,14,584,21,51,20,2,4,1,,
25,481,14,249,3,1,64,2,4,0,,
25,482,14,57,0.4,0.1,15,2,4,0,,
25,483,14,654,15,65,14,2,4,0,,
25,484,14,559,30,49,10,2,4,1,,
25,485,14,155,8,12,5,2,4,0,,
25,486,14,34,0.8,0.2,8,2,4,0,,
26,447,10,164,19,6,27,2,4,1,,
26,448,10,600,15,45,20,2,4,0,,
26,449,10,90,3,1,19,2,4,0,,
26,450,10,80,1,0.5,18,2,4,0,,
26,451,10,579,21,50,22,2,4,1,,
26,452,10,654,15,65,14,2,4,1,,
26,453,10,180,4,8,22,2,4,1,,
26,454,10,68,2.6,1,14,2,4,1,,
26,455,10,400,6,0.5,90,2,4,1,,
26,456,10,241,3,0.5,62,2,4,0,,
27,537,4,282,2.5,0.4,75,3,4,1,,
27,538,4,562,20,45,27,3,4,0,,
27,539,4,579,21,50,22,3,4,0,,
27,540,4,559,30,49,10,3,4,0,,
27,541,4,249,3,1,64,3,4,1,,
27,542,4,180,13,10,20,3,4,1,,
27,543,4,155,8,12,5,3,4,1,,
27,544,4,654,15,65,14,3,4,0,,
27,545,4,628,15,60,17,3,4,0,,
27,546,4,241,3,0.5,62,3,4,1,,
28,527,13,60,0.8,0.4,15,1,4,1,,
28,528,13,96,3.4,1.5,21,1,4,1,,
28,529,13,553,18,44,30,1,4,0,,
28,530,13,280,2,0.6,72,1,4,0,,
28,531,13,43,0.5,0.1,11,1,4,1,,
28,532,13,60,1.2,0.8,13,1,4,1,,
28,533,13,380,7,1,85,1,4,0,,
28,534,13,567,26,49,16,1,4,0,,
28,535,13,31,1,0.3,7,1,4,1,,
28,536,13,30,0.6,0.2,8,1,4,1,,
29,467,1,656,14,66,12,1,4,0,,
29,468,1,553,18,44,30,1,4,0,,
29,469,1,68,2.6,1,14,1,4,1,,
29,470,1,280,8,15,28,1,4,0,,
29,471,1,350,0.2,0.1,85,1,4,0,,
29,472,1,567,26,49,16,1,4,0,,
29,473,1,50,0.5,0.1,13,1,4,1,,
29,474,1,584,21,51,20,1,4,0,,
29,475,1,320,2,1,78,1,4,0,,
29,476,1,354,3,33,15,1,4,0,,
30,447,10,164,19,6,27,1,4,1,,
30,448,10,600,15,45,20,1,4,0,,
30,449,10,90,3,1,19,1,4,1,,
30,450,10,80,1,0.5,18,1,4,1,,
30,451,10,579,21,50,22,1,4,0,,
30,452,10,654,15,65,14,1,4,0,,
30,453,10,180,4,8,22,1,4,1,,
30,454,10,68,2.6,1,14,1,4,1,,
30,455,10,400,6,0.5,90,1,4,0,,
30,456,10,241,3,0.5,62,1,4,0,,
31,517,12,600,20,54,18,1,4,0,,
31,518,12,145,30,3,0,1,4,1,,
31,519,12,47,0.9,0.1,12,1,4,1,,
31,520,12,628,15,60,17,1,4,0,,
31,521,12,340,25,2,50,1,4,0,,
31,522,12,654,15,65,14,1,4,0,,
31,523,12,115,0.8,11,6,1,4,1,,
31,524,12,39,0.9,0.3,10,1,4,1,,
31,525,12,400,10,5,75,1,4,0,,
31,526,12,34,0.8,0.2,8,1,4,1,,
32,477,14,628,15,60,17,3,4,0,,
32,478,14,241,3,0.5,62,3,4,1,,
32,479,14,562,20,45,27,3,4,0,,
32,480,14,584,21,51,20,3,4,0,,
32,481,14,249,3,1,64,3,4,1,,
32,482,14,57,0.4,0.1,15,3,4,0,,
32,483,14,654,15,65,14,3,4,0,,
32,484,14,559,30,49,10,3,4,0,,
32,485,14,155,8,12,5,3,4,1,,
32,486,14,34,0.8,0.2,8,3,4,1,,
33,467,1,656,14,66,12,3,4,1,,
33,468,1,553,18,44,30,3,4,0,,
33,469,1,68,2.6,1,14,3,4,0,,
33,470,1,280,8,15,28,3,4,1,,
33,471,1,350,0.2,0.1,85,3,4,1,,
33,472,1,567,26,49,16,3,4,0,,
33,473,1,50,0.5,0.1,13,3,4,0,,
33,474,1,584,21,51,20,3,4,0,,
33,475,1,320,2,1,78,3,4,1,,
33,476,1,354,3,33,15,3,4,1,,
34,567,2,654,15,65,14,2,4,0,,
34,568,2,410,27,33,1,2,4,1,,
34,569,2,57,0.4,0.1,15,2,4,0,,
34,570,2,16,0.7,0.1,3.4,2,4,0,,
34,571,2,579,21,50,22,2,4,1,,
34,572,2,60,0.5,0.2,15,2,4,0,,
34,573,2,250,8,18,14,2,4,0,,
34,574,2,115,9,4,12,2,4,0,,
34,575,2,628,15,60,17,2,4,1,,
34,576,2,598,8,45,24,2,4,1,,
35,527,13,60,0.8,0.4,15,2,4,1,,
35,528,13,96,3.4,1.5,21,2,4,1,,
35,529,13,553,18,44,30,2,4,1,,
35,530,13,280,2,0.6,72,2,4,0,,
35,531,13,43,0.5,0.1,11,2,4,0,,
35,532,13,60,1.2,0.8,13,2,4,0,,
35,533,13,380,7,1,85,2,4,0,,
35,534,13,567,26,49,16,2,4,1,,
35,535,13,31,1,0.3,7,2,4,0,,
35,536,13,30,0.6,0.2,8,2,4,0,,
36,487,7,122,11,5,10,1,4,1,,
36,488,7,35,6,0.5,5,1,4,1,,
36,489,7,450,40,20,33,1,4,0,,
36,490,7,380,7,1,85,1,4,0,,
36,491,7,300,60,3,2,1,4,0,,
36,492,7,150,10,10,4,1,4,1,,
36,493,7,230,2,0.5,55,1,4,0,,
36,494,7,130,3,0.3,28,1,4,1,,
36,495,7,290,10,1,75,1,4,0,,
36,496,7,70,0.6,0.2,19,1,4,1,,
37,567,2,654,15,65,14,3,4,0,,
37,568,2,410,27,33,1,3,4,0,,
37,569,2,57,0.4,0.1,15,3,4,0,,
37,570,2,16,0.7,0.1,3.4,3,4,0,,
37,571,2,579,21,50,22,3,4,0,,
37,572,2,60,0.5,0.2,15,3,4,0,,
37,573,2,250,8,18,14,3,4,1,,
37,574,2,115,9,4,12,3,4,1,,
37,575,2,628,15,60,17,3,4,0,,
37,576,2,598,8,45,24,3,4,0,,
38,547,11,282,2.5,0.4,75,3,4,1,,
38,548,11,562,20,45,27,3,4,0,,
38,549,11,579,21,50,22,3,4,0,,
38,550,11,559,30,49,10,3,4,0,,
38,551,11,249,3,1,64,3,4,1,,
38,552,11,180,13,10,20,3,4,1,,
38,553,11,155,8,12,5,3,4,1,,
38,554,11,654,15,65,14,3,4,0,,
38,555,11,628,15,60,17,3,4,0,,
38,556,11,241,3,0.5,62,3,4,1,,
39,447,10,164,19,6,27,2,4,1,,
39,448,10,600,15,45,20,2,4,0,,
39,449,10,90,3,1,19,2,4,0,,
39,450,10,80,1,0.5,18,2,4,0,,
39,451,10,579,21,50,22,2,4,1,,
39,452,10,654,15,65,14,2,4,0,,
39,453,10,180,4,8,22,2,4,0,,
39,454,10,68,2.6,1,14,2,4,1,,
39,455,10,400,6,0.5,90,2,4,0,,
39,456,10,241,3,0.5,62,2,4,0,,
40,527,13,60,0.8,0.4,15,1,4,1,,
40,528,13,96,3.4,1.5,21,1,4,1,,
40,529,13,553,18,44,30,1,4,0,,
40,530,13,280,2,0.6,72,1,4,0,,
40,531,13,43,0.5,0.1,11,1,4,1,,
40,532,13,60,1.2,0.8,13,1,4,1,,
40,533,13,380,7,1,85,1,4,0,,
40,534,13,567,26,49,16,1,4,0,,
40,535,13,31,1,0.3,7,1,4,1,,
40,536,13,30,0.6,0.2,8,1,4,1,,
41,497,9,559,30,49,10,1,4,0,,
41,498,9,38,0.7,0.1,9,1,4,1,,
41,499,9,60,0.8,0.4,15,1,4,1,,
41,500,9,450,7,20,65,1,4,0,,
41,501,9,164,19,6,27,1,4,1,,
41,502,9,160,2,15,9,1,4,1,,
41,503,9,25,1,0.2,5,1,4,1,,
41,504,9,43,0.5,0.1,11,1,4,1,,
41,505,9,150,4,6,25,1,4,1,,
41,506,9,654,15,65,14,1,4,0,,
42,577,15,579,21,50,22,2,4,1,,
42,578,15,190,7,16,10,2,4,0,,
42,579,15,410,33,25,11,2,4,1,,
42,580,15,52,0.3,0.2,14,2,4,0,,
42,581,15,59,10,0.4,3.6,2,4,0,,
42,582,15,460,13,31,45,2,4,0,,
42,583,15,155,13,11,1,2,4,0,,
42,584,15,559,30,49,10,2,4,1,,
42,585,15,57,0.7,0.3,14,2,4,0,,
42,586,15,280,24,20,2,2,4,1,,
43,527,13,60,0.8,0.4,15,3,4,0,,
43,528,13,96,3.4,1.5,21,3,4,0,,
43,529,13,553,18,44,30,3,4,0,,
43,530,13,280,2,0.6,72,3,4,1,,
43,531,13,43,0.5,0.1,11,3,4,0,,
43,532,13,60,1.2,0.8,13,3,4,0,,
43,533,13,380,7,1,85,3,4,1,,
43,534,13,567,26,49,16,3,4,0,,
43,535,13,31,1,0.3,7,3,4,0,,
43,536,13,30,0.6,0.2,8,3,4,0,,
44,487,7,122,11,5,10,1,4,1,,
44,488,7,35,6,0.5,5,1,4,1,,
44,489,7,450,40,20,33,1,4,0,,
44,490,7,380,7,1,85,1,4,0,,
44,491,7,300,60,3,2,1,4,0,,
44,492,7,150,10,10,4,1,4,1,,
44,493,7,230,2,0.5,55,1,4,0,,
44,494,7,130,3,0.3,28,1,4,1,,
44,495,7,290,10,1,75,1,4,0,,
44,496,7,70,0.6,0.2,19,1,4,1,,
45,527,13,60,0.8,0.4,15,1,4,1,,
45,528,13,96,3.4,1.5,21,1,4,1,,
45,529,13,553,18,44,30,1,4,0,,
45,530,13,280,2,0.6,72,1,4,0,,
45,531,13,43,0.5,0.1,11,1,4,1,,
45,532,13,60,1.2,0.8,13,1,4,1,,
45,533,13,380,7,1,85,1,4,0,,
45,534,13,567,26,49,16,1,4,0,,
45,535,13,31,1,0.3,7,1,4,1,,
45,536,13,30,0.6,0.2,8,1,4,1,,
46,467,1,656,14,66,12,1,4,0,,
46,468,1,553,18,44,30,1,4,0,,
46,469,1,68,2.6,1,14,1,4,1,,
46,470,1,280,8,15,28,1,4,0,,
46,471,1,350,0.2,0.1,85,1,4,0,,
46,472,1,567,26,49,16,1,4,0,,
46,473,1,50,0.5,0.1,13,1,4,1,,
46,474,1,584,21,51,20,1,4,0,,
46,475,1,320,2,1,78,1,4,0,,
46,476,1,354,3,33,15,1,4,0,,
47,527,13,60,0.8,0.4,15,2,4,0,,
47,528,13,96,3.4,1.5,21,2,4,0,,
47,529,13,553,18,44,30,2,4,1,,
47,530,13,280,2,0.6,72,2,4,0,,
47,531,13,43,0.5,0.1,11,2,4,1,,
47,532,13,60,1.2,0.8,13,2,4,1,,
47,533,13,380,7,1,85,2,4,0,,
47,534,13,567,26,49,16,2,4,1,,
47,535,13,31,1,0.3,7,2,4,0,,
47,536,13,30,0.6,0.2,8,2,4,0,,
48,537,4,562,20,45,27,2,4,1,,
48,538,4,115,0.8,11,6,2,4,0,,
48,539,4,264,14,21,4,2,4,0,,
48,540,4,249,3,1,64,2,4,0,,
48,541,4,654,15,65,14,2,4,0,,
48,542,4,59,10,0.4,3.6,2,4,0,,
48,543,4,15,0.7,0.1,3.6,2,4,0,,
48,544,4,164,19,6,27,2,4,1,,
48,545,4,83,1.7,1.2,19,2,4,0,,
48,546,4,69,0.7,0.2,18,2,4,0,,
49,477,14,628,15,60,17,2,4,0,,
49,478,14,241,3,0.5,62,2,4,0,,
49,479,14,562,20,45,27,2,4,1,,
49,480,14,584,21,51,20,2,4,1,,
49,481,14,249,3,1,64,2,4,0,,
49,482,14,57,0.4,0.1,15,2,4,0,,
49,483,14,654,15,65,14,2,4,0,,
49,484,14,559,30,49,10,2,4,1,,
49,485,14,155,8,12,5,2,4,1,,
49,486,14,34,0.8,0.2,8,2,4,0,,
50,457,6,673,14,68,13,2,4,0,,
50,458,6,562,20,45,27,2,4,1,,
50,459,6,430,38,29,4,2,4,1,,
50,460,6,20,1,0.2,4,2,4,0,,
50,461,6,450,9,18,65,2,4,1,,
50,462,6,34,0.8,0.2,8,2,4,1,,
50,463,6,654,15,65,14,2,4,1,,
50,464,6,245,3,2,53,2,4,1,,
50,465,6,138,11,8,5,2,4,1,,
50,466,6,115,0.8,11,6,2,4,1,,
51,497,9,559,30,49,10,3,4,1,,
51,498,9,38,0.7,0.1,9,3,4,0,,
51,499,9,60,0.8,0.4,15,3,4,0,,
51,500,9,450,7,20,65,3,4,0,,
51,501,9,164,19,6,27,3,4,1,,
51,502,9,160,2,15,9,3,4,1,,
51,503,9,25,1,0.2,5,3,4,0,,
51,504,9,43,0.5,0.1,11,3,4,0,,
51,505,9,150,4,6,25,3,4,1,,
51,506,9,654,15,65,14,3,4,0,,
52,527,13,60,0.8,0.4,15,2,4,0,,
52,528,13,96,3.4,1.5,21,2,4,0,,
52,529,13,553,18,44,30,2,4,1,,
52,530,13,280,2,0.6,72,2,4,0,,
52,531,13,43,0.5,0.1,11,2,4,0,,
52,532,13,60,1.2,0.8,13,2,4,0,,
52,533,13,380,7,1,85,2,4,0,,
52,534,13,567,26,49,16,2,4,1,,
52,535,13,31,1,0.3,7,2,4,0,,
52,536,13,30,0.6,0.2,8,2,4,0,,
53,517,12,600,20,54,18,1,4,0,,
53,518,12,145,30,3,0,1,4,1,,
53,519,12,47,0.9,0.1,12,1,4,1,,
53,520,12,628,15,60,17,1,4,0,,
53,521,12,340,25,2,50,1,4,0,,
53,522,12,654,15,65,14,1,4,0,,
53,523,12,115,0.8,11,6,1,4,1,,
53,524,12,39,0.9,0.3,10,1,4,1,,
53,525,12,400,10,5,75,1,4,0,,
53,526,12,34,0.8,0.2,8,1,4,1,,
54,497,9,559,30,49,10,3,4,0,,
54,498,9,38,0.7,0.1,9,3,4,0,,
54,499,9,60,0.8,0.4,15,3,4,0,,
54,500,9,450,7,20,65,3,4,0,,
54,501,9,164,19,6,27,3,4,1,,
54,502,9,160,2,15,9,3,4,1,,
54,503,9,25,1,0.2,5,3,4,0,,
54,504,9,43,0.5,0.1,11,3,4,0,,
54,505,9,150,4,6,25,3,4,1,,
54,506,9,654,15,65,14,3,4,0,,
55,557,2,245,3,2,53,1,4,0,,
55,558,2,260,1,0.5,65,1,4,0,,
55,559,2,230,8,2,45,1,4,0,,
55,560,2,450,40,20,33,1,4,0,,
55,561,2,60,1.2,0.8,13,1,4,1,,
55,562,2,559,30,49,10,1,4,0,,
55,563,2,280,3,1,70,1,4,0,,
55,564,2,195,9,10,18,1,4,1,,
55,565,2,654,15,65,14,1,4,0,,
55,566,2,57,0.4,0.1,15,1,4,1,,
56,477,14,628,15,60,17,2,4,0,,
56,478,14,241,3,0.5,62,2,4,0,,
56,479,14,562,20,45,27,2,4,1,,
56,480,14,584,21,51,20,2,4,1,,
56,481,14,249,3,1,64,2,4,0,,
56,482,14,57,0.4,0.1,15,2,4,0,,
56,483,14,654,15,65,14,2,4,0,,
56,484,14,559,30,49,10,2,4,1,,
56,485,14,155,8,12,5,2,4,0,,
56,486,14,34,0.8,0.2,8,2,4,0,,
57,487,7,122,11,5,10,3,4,1,,
57,488,7,35,6,0.5,5,3,4,0,,
57,489,7,450,40,20,33,3,4,0,,
57,490,7,380,7,1,85,3,4,1,,
57,491,7,300,60,3,2,3,4,1,,
57,492,7,150,10,10,4,3,4,1,,
57,493,7,230,2,0.5,55,3,4,1,,
57,494,7,130,3,0.3,28,3,4,1,,
57,495,7,290,10,1,75,3,4,1,,
57,496,7,70,0.6,0.2,19,3,4,0,,
58,517,12,600,20,54,18,3,4,0,,
58,518,12,145,30,3,0,3,4,1,,
58,519,12,47,0.9,0.1,12,3,4,0,,
58,520,12,628,15,60,17,3,4,0,,
58,521,12,340,25,2,50,3,4,1,,
58,522,12,654,15,65,14,3,4,0,,
58,523,12,115,0.8,11,6,3,4,1,,
58,524,12,39,0.9,0.3,10,3,4,0,,
58,525,12,400,10,5,75,3,4,0,,
58,526,12,34,0.8,0.2,8,3,4,0,,
59,557,2,654,15,65,14,1,4,0,,
59,558,2,410,27,33,1,1,4,0,,
59,559,2,57,0.4,0.1,15,1,4,1,,
59,560,2,16,0.7,0.1,3.4,1,4,1,,
59,561,2,579,21,50,22,1,4,0,,
59,562,2,60,0.5,0.2,15,1,4,1,,
59,563,2,250,8,18,14,1,4,0,,
59,564,2,115,9,4,12,1,4,1,,
59,565,2,628,15,60,17,1,4,0,,
59,566,2,598,8,45,24,1,4,0,,
60,467,1,656,14,66,12,3,4,0,,
60,468,1,553,18,44,30,3,4,0,,
60,469,1,68,2.6,1,14,3,4,0,,
60,470,1,280,8,15,28,3,4,1,,
60,471,1,350,0.2,0.1,85,3,4,1,,
60,472,1,567,26,49,16,3,4,0,,
60,473,1,50,0.5,0.1,13,3,4,0,,
60,474,1,584,21,51,20,3,4,0,,
60,475,1,320,2,1,78,3,4,1,,
60,476,1,354,3,33,15,3,4,1,,
61,547,11,282,2.5,0.4,75,2,4,0,,
61,548,11,562,20,45,27,2,4,1,,
61,549,11,579,21,50,22,2,4,1,,
61,550,11,559,30,49,10,2,4,1,,
61,551,11,249,3,1,64,2,4,0,,
61,552,11,180,13,10,20,2,4,0,,
61,553,11,155,8,12,5,2,4,0,,
61,554,11,654,15,65,14,2,4,0,,
61,555,11,628,15,60,17,2,4,0,,
61,556,11,241,3,0.5,62,2,4,0,,
62,537,4,562,20,45,27,1,4,0,,
62,538,4,115,0.8,11,6,1,4,1,,
62,539,4,264,14,21,4,1,4,0,,
62,540,4,249,3,1,64,1,4,0,,
62,541,4,654,15,65,14,1,4,0,,
62,542,4,59,10,0.4,3.6,1,4,1,,
62,543,4,15,0.7,0.1,3.6,1,4,1,,
62,544,4,164,19,6,27,1,4,1,,
62,545,4,83,1.7,1.2,19,1,4,1,,
62,546,4,69,0.7,0.2,18,1,4,1,,
63,557,3,654,15,65,14,1,4,0,,
63,558,3,410,27,33,1,1,4,0,,
63,559,3,57,0.4,0.1,15,1,4,1,,
63,560,3,16,0.7,0.1,3.4,1,4,1,,
63,561,3,579,21,50,22,1,4,0,,
63,562,3,60,0.5,0.2,15,1,4,1,,
63,563,3,250,8,18,14,1,4,0,,
63,564,3,115,9,4,12,1,4,1,,
63,565,3,628,15,60,17,1,4,0,,
63,566,3,598,8,45,24,1,4,0,,
64,537,4,562,20,45,27,2,4,1,,
64,538,4,115,0.8,11,6,2,4,0,,
64,539,4,264,14,21,4,2,4,0,,
64,540,4,249,3,1,64,2,4,0,,
64,541,4,654,15,65,14,2,4,0,,
64,542,4,59,10,0.4,3.6,2,4,0,,
64,543,4,15,0.7,0.1,3.6,2,4,0,,
64,544,4,164,19,6,27,2,4,1,,
64,545,4,83,1.7,1.2,19,2,4,0,,
64,546,4,69,0.7,0.2,18,2,4,0,,
65,447,10,164,19,6,27,3,4,1,,
65,448,10,600,15,45,20,3,4,0,,
65,449,10,90,3,1,19,3,4,0,,
65,450,10,80,1,0.5,18,3,4,0,,
65,451,10,579,21,50,22,3,4,0,,
65,452,10,654,15,65,14,3,4,0,,
65,453,10,180,4,8,22,3,4,1,,
65,454,10,68,2.6,1,14,3,4,0,,
65,455,10,400,6,0.5,90,3,4,0,,
65,456,10,241,3,0.5,62,3,4,1,,
66,467,1,656,14,66,12,1,4,0,,
66,468,1,553,18,44,30,1,4,0,,
66,469,1,68,2.6,1,14,1,4,1,,
66,470,1,280,8,15,28,1,4,0,,
66,471,1,350,0.2,0.1,85,1,4,0,,
66,472,1,567,26,49,16,1,4,0,,
66,473,1,50,0.5,0.1,13,1,4,1,,
66,474,1,584,21,51,20,1,4,0,,
66,475,1,320,2,1,78,1,4,0,,
66,476,1,354,3,33,15,1,4,0,,
67,577,15,579,21,50,22,1,4,0,,
67,578,15,190,7,16,10,1,4,1,,
67,579,15,410,33,25,11,1,4,0,,
67,580,15,52,0.3,0.2,14,1,4,1,,
67,581,15,59,10,0.4,3.6,1,4,1,,
67,582,15,460,13,31,45,1,4,0,,
67,583,15,155,13,11,1,1,4,1,,
67,584,15,559,30,49,10,1,4,0,,
67,585,15,57,0.7,0.3,14,1,4,1,,
67,586,15,280,24,20,2,1,4,0,,
68,447,10,164,19,6,27,1,4,1,,
68,448,10,600,15,45,20,1,4,0,,
68,449,10,90,3,1,19,1,4,1,,
68,450,10,80,1,0.5,18,1,4,1,,
68,451,10,579,21,50,22,1,4,0,,
68,452,10,654,15,65,14,1,4,0,,
68,453,10,180,4,8,22,1,4,1,,
68,454,10,68,2.6,1,14,1,4,1,,
68,455,10,400,6,0.5,90,1,4,0,,
68,456,10,241,3,0.5,62,1,4,0,,
69,447,10,164,19,6,27,3,4,1,,
69,448,10,600,15,45,20,3,4,0,,
69,449,10,90,3,1,19,3,4,0,,
69,450,10,80,1,0.5,18,3,4,0,,
69,451,10,579,21,50,22,3,4,0,,
69,452,10,654,15,65,14,3,4,0,,
69,453,10,180,4,8,22,3,4,1,,
69,454,10,68,2.6,1,14,3,4,0,,
69,455,10,400,6,0.5,90,3,4,0,,
69,456,10,241,3,0.5,62,3,4,1,,
70,517,12,600,20,54,18,3,4,0,,
70,518,12,145,30,3,0,3,4,1,,
70,519,12,47,0.9,0.1,12,3,4,0,,
70,520,12,628,15,60,17,3,4,0,,
70,521,12,340,25,2,50,3,4,1,,
70,522,12,654,15,65,14,3,4,0,,
70,523,12,115,0.8,11,6,3,4,1,,
70,524,12,39,0.9,0.3,10,3,4,0,,
70,525,12,400,10,5,75,3,4,0,,
70,526,12,34,0.8,0.2,8,3,4,0,,
71,527,13,60,0.8,0.4,15,1,4,1,,
71,528,13,96,3.4,1.5,21,1,4,1,,
71,529,13,553,18,44,30,1,4,0,,
71,530,13,280,2,0.6,72,1,4,0,,
71,531,13,43,0.5,0.1,11,1,4,1,,
71,532,13,60,1.2,0.8,13,1,4,1,,
71,533,13,380,7,1,85,1,4,0,,
71,534,13,567,26,49,16,1,4,0,,
71,535,13,31,1,0.3,7,1,4,1,,
71,536,13,30,0.6,0.2,8,1,4,1,,
72,447,10,164,19,6,27,1,4,1,,
72,448,10,600,15,45,20,1,4,0,,
72,449,10,90,3,1,19,1,4,1,,
72,450,10,80,1,0.5,18,1,4,1,,
72,451,10,579,21,50,22,1,4,0,,
72,452,10,654,15,65,14,1,4,0,,
72,453,10,180,4,8,22,1,4,1,,
72,454,10,68,2.6,1,14,1,4,1,,
72,455,10,400,6,0.5,90,1,4,0,,
72,456,10,241,3,0.5,62,1,4,0,,
73,537,4,562,20,45,27,2,4,1,,
73,538,4,115,0.8,11,6,2,4,0,,
73,539,4,264,14,21,4,2,4,0,,
73,540,4,249,3,1,64,2,4,0,,
73,541,4,654,15,65,14,2,4,0,,
73,542,4,59,10,0.4,3.6,2,4,0,,
73,543,4,15,0.7,0.1,3.6,2,4,0,,
73,544,4,164,19,6,27,2,4,1,,
73,545,4,83,1.7,1.2,19,2,4,0,,
73,546,4,69,0.7,0.2,18,2,4,0,,
74,557,3,654,15,65,14,1,4,0,,
74,558,3,410,27,33,1,1,4,0,,
74,559,3,57,0.4,0.1,15,1,4,1,,
74,560,3,16,0.7,0.1,3.4,1,4,1,,
74,561,3,579,21,50,22,1,4,0,,
74,562,3,60,0.5,0.2,15,1,4,1,,
74,563,3,250,8,18,14,1,4,0,,
74,564,3,115,9,4,12,1,4,1,,
74,565,3,628,15,60,17,1,4,0,,
74,566,3,598,8,45,24,1,4,0,,
75,447,10,164,19,6,27,1,4,1,,
75,448,10,600,15,45,20,1,4,0,,
75,449,10,90,3,1,19,1,4,1,,
75,450,10,80,1,0.5,18,1,4,1,,
75,451,10,579,21,50,22,1,4,0,,
75,452,10,654,15,65,14,1,4,0,,
75,453,10,180,4,8,22,1,4,1,,
75,454,10,68,2.6,1,14,1,4,1,,
75,455,10,400,6,0.5,90,1,4,0,,
75,456,10,241,3,0.5,62,1,4,0,,
76,507,5,350,9,0.5,77,1,4,0,,
76,508,5,164,19,6,27,1,4,1,,
76,509,5,105,7,0.5,19,1,4,1,,
76,510,5,389,13,7,66,1,4,0,,
76,511,5,567,26,49,16,1,4,0,,
76,512,5,265,18,20,1,1,4,0,,
76,513,5,90,3,1,19,1,4,1,,
76,514,5,68,2.6,1,14,1,4,1,,
76,515,5,553,18,44,30,1,4,0,,
76,516,5,160,6,4,26,1,4,1,,
77,557,3,654,15,65,14,2,4,0,,
77,558,3,410,27,33,1,2,4,1,,
77,559,3,57,0.4,0.1,15,2,4,0,,
77,560,3,16,0.7,0.1,3.4,2,4,0,,
77,561,3,579,21,50,22,2,4,1,,
77,562,3,60,0.5,0.2,15,2,4,0,,
77,563,3,250,8,18,14,2,4,0,,
77,564,3,115,9,4,12,2,4,0,,
77,565,3,628,15,60,17,2,4,0,,
77,566,3,598,8,45,24,2,4,0,,
78,437,8,562,20,45,27,3,4,0,,
78,438,8,559,30,49,10,3,4,0,,
78,439,8,249,3,1,64,3,4,1,,
78,440,8,579,21,50,22,3,4,0,,
78,441,8,654,15,65,14,3,4,0,,
78,442,8,166,8,10,14,3,4,1,,
78,443,8,250,10,12,25,3,4,1,,
78,444,8,282,2.5,0.4,75,3,4,1,,
78,445,8,48,1.4,0.3,11,3,4,0,,
78,446,8,155,8,12,5,3,4,1,,
79,447,10,164,19,6,27,1,4,1,,
79,448,10,600,15,45,20,1,4,0,,
79,449,10,90,3,1,19,1,4,1,,
79,450,10,80,1,0.5,18,1,4,1,,
79,451,10,579,21,50,22,1,4,0,,
79,452,10,654,15,65,14,1,4,0,,
79,453,10,180,4,8,22,1,4,1,,
79,454,10,68,2.6,1,14,1,4,1,,
79,455,10,400,6,0.5,90,1,4,0,,
79,456,10,241,3,0.5,62,1,4,0,,
80,507,5,350,9,0.5,77,3,4,1,,
80,508,5,164,19,6,27,3,4,1,,
80,509,5,105,7,0.5,19,3,4,1,,
80,510,5,389,13,7,66,3,4,1,,
80,511,5,567,26,49,16,3,4,0,,
80,512,5,265,18,20,1,3,4,1,,
80,513,5,90,3,1,19,3,4,0,,
80,514,5,68,2.6,1,14,3,4,0,,
80,515,5,553,18,44,30,3,4,0,,
80,516,5,160,6,4,26,3,4,1,,
81,527,13,60,0.8,0.4,15,3,4,0,,
81,528,13,96,3.4,1.5,21,3,4,0,,
81,529,13,553,18,44,30,3,4,0,,
81,530,13,280,2,0.6,72,3,4,1,,
81,531,13,43,0.5,0.1,11,3,4,0,,
81,532,13,60,1.2,0.8,13,3,4,0,,
81,533,13,380,7,1,85,3,4,1,,
81,534,13,567,26,49,16,3,4,0,,
81,535,13,31,1,0.3,7,3,4,0,,
81,536,13,30,0.6,0.2,8,3,4,0,,
82,577,15,579,21,50,22,3,4,0,,
82,578,15,190,7,16,10,3,4,1,,
82,579,15,410,33,25,11,3,4,0,,
82,580,15,52,0.3,0.2,14,3,4,0,,
82,581,15,59,10,0.4,3.6,3,4,0,,
82,582,15,460,13,31,45,3,4,0,,
82,583,15,155,13,11,1,3,4,1,,
82,584,15,559,30,49,10,3,4,0,,
82,585,15,57,0.7,0.3,14,3,4,0,,
82,586,15,280,24,20,2,3,4,1,,
83,517,12,600,20,54,18,2,4,1,,
83,518,12,145,30,3,0,2,4,1,,
83,519,12,47,0.9,0.1,12,2,4,0,,
83,520,12,628,15,60,17,2,4,0,,
83,521,12,340,25,2,50,2,4,1,,
83,522,12,654,15,65,14,2,4,0,,
83,523,12,115,0.8,11,6,2,4,0,,
83,524,12,39,0.9,0.3,10,2,4,0,,
83,525,12,400,10,5,75,2,4,0,,
83,526,12,34,0.8,0.2,8,2,4,0,,
84,547,11,282,2.5,0.4,75,1,4,0,,
84,548,11,562,20,45,27,1,4,0,,
84,549,11,579,21,50,22,1,4,0,,
84,550,11,559,30,49,10,1,4,0,,
84,551,11,249,3,1,64,1,4,0,,
84,552,11,180,13,10,20,1,4,1,,
84,553,11,155,8,12,5,1,4,1,,
84,554,11,654,15,65,14,1,4,0,,
84,555,11,628,15,60,17,1,4,0,,
84,556,11,241,3,0.5,62,1,4,0,,
85,567,2,245,3,2,53,1,4,0,,
85,568,2,260,1,0.5,65,1,4,0,,
85,569,2,230,8,2,45,1,4,0,,
85,570,2,450,40,20,33,1,4,0,,
85,571,2,60,1.2,0.8,13,1,4,1,,
85,572,2,559,30,49,10,1,4,0,,
85,573,2,280,3,1,70,1,4,0,,
85,574,2,195,9,10,18,1,4,1,,
85,575,2,654,15,65,14,1,4,0,,
85,576,2,57,0.4,0.1,15,1,4,1,,
86,527,13,60,0.8,0.4,15,1,4,1,,
86,528,13,96,3.4,1.5,21,1,4,1,,
86,529,13,553,18,44,30,1,4,0,,
86,530,13,280,2,0.6,72,1,4,0,,
86,531,13,43,0.5,0.1,11,1,4,1,,
86,532,13,60,1.2,0.8,13,1,4,1,,
86,533,13,380,7,1,85,1,4,0,,
86,534,13,567,26,49,16,1,4,0,,
86,535,13,31,1,0.3,7,1,4,1,,
86,536,13,30,0.6,0.2,8,1,4,1,,
87,517,12,600,20,54,18,1,4,0,,
87,518,12,145,30,3,0,1,4,1,,
87,519,12,47,0.9,0.1,12,1,4,1,,
87,520,12,628,15,60,17,1,4,0,,
87,521,12,340,25,2,50,1,4,0,,
87,522,12,654,15,65,14,1,4,0,,
87,523,12,115,0.8,11,6,1,4,1,,
87,524,12,39,0.9,0.3,10,1,4,1,,
87,525,12,400,10,5,75,1,4,0,,
87,526,12,34,0.8,0.2,8,1,4,1,,
88,577,15,579,21,50,22,3,4,0,,
88,578,15,190,7,16,10,3,4,1,,
88,579,15,410,33,25,11,3,4,0,,
88,580,15,52,0.3,0.2,14,3,4,0,,
88,581,15,59,10,0.4,3.6,3,4,0,,
88,582,15,460,13,31,45,3,4,0,,
88,583,15,155,13,11,1,3,4,1,,
88,584,15,559,30,49,10,3,4,0,,
88,585,15,57,0.7,0.3,14,3,4,0,,
88,586,15,280,24,20,2,3,4,1,,
89,477,14,628,15,60,17,2,4,0,,
89,478,14,241,3,0.5,62,2,4,0,,
89,479,14,562,20,45,27,2,4,1,,
89,480,14,584,21,51,20,2,4,1,,
89,481,14,249,3,1,64,2,4,0,,
89,482,14,57,0.4,0.1,15,2,4,0,,
89,483,14,654,15,65,14,2,4,0,,
89,484,14,559,30,49,10,2,4,1,,
89,485,14,155,8,12,5,2,4,0,,
89,486,14,34,0.8,0.2,8,2,4,0,,
90,447,10,164,19,6,27,2,4,1,,
90,448,10,600,15,45,20,2,4,0,,
90,449,10,90,3,1,19,2,4,0,,
90,450,10,80,1,0.5,18,2,4,0,,
90,451,10,579,21,50,22,2,4,1,,
90,452,10,654,15,65,14,2,4,0,,
90,453,10,180,4,8,22,2,4,0,,
90,454,10,68,2.6,1,14,2,4,0,,
90,455,10,400,6,0.5,90,2,4,0,,
90,456,10,241,3,0.5,62,2,4,0,,
91,517,12,600,20,54,18,1,4,0,,
91,518,12,145,30,3,0,1,4,1,,
91,519,12,47,0.9,0.1,12,1,4,1,,
91,520,12,628,15,60,17,1,4,0,,
91,521,12,340,25,2,50,1,4,0,,
91,522,12,654,15,65,14,1,4,0,,
91,523,12,115,0.8,11,6,1,4,1,,
91,524,12,39,0.9,0.3,10,1,4,1,,
91,525,12,400,10,5,75,1,4,0,,
91,526,12,34,0.8,0.2,8,1,4,1,,
92,437,8,562,20,45,27,1,4,0,,
92,438,8,559,30,49,10,1,4,0,,
92,439,8,249,3,1,64,1,4,0,,
92,440,8,579,21,50,22,1,4,0,,
92,441,8,654,15,65,14,1,4,0,,
92,442,8,166,8,10,14,1,4,1,,
92,443,8,250,10,12,25,1,4,0,,
92,444,8,282,2.5,0.4,75,1,4,0,,
92,445,8,48,1.4,0.3,11,1,4,1,,
92,446,8,155,8,12,5,1,4,1,,
93,507,5,350,9,0.5,77,1,4,0,,
93,508,5,164,19,6,27,1,4,1,,
93,509,5,105,7,0.5,19,1,4,1,,
93,510,5,389,13,7,66,1,4,0,,
93,511,5,567,26,49,16,1,4,0,,
93,512,5,265,18,20,1,1,4,0,,
93,513,5,90,3,1,19,1,4,1,,
93,514,5,68,2.6,1,14,1,4,1,,
93,515,5,553,18,44,30,1,4,0,,
93,516,5,160,6,4,26,1,4,1,,
94,447,10,164,19,6,27,3,4,1,,
94,448,10,600,15,45,20,3,4,0,,
94,449,10,90,3,1,19,3,4,0,,
94,450,10,80,1,0.5,18,3,4,0,,
94,451,10,579,21,50,22,3,4,0,,
94,452,10,654,15,65,14,3,4,0,,
94,453,10,180,4,8,22,3,4,1,,
94,454,10,68,2.6,1,14,3,4,0,,
94,455,10,400,6,0.5,90,3,4,0,,
94,456,10,241,3,0.5,62,3,4,1,,
95,537,4,562,20,45,27,3,4,0,,
95,538,4,115,0.8,11,6,3,4,1,,
95,539,4,264,14,21,4,3,4,1,,
95,540,4,249,3,1,64,3,4,1,,
95,541,4,654,15,65,14,3,4,0,,
95,542,4,59,10,0.4,3.6,3,4,0,,
95,543,4,15,0.7,0.1,3.6,3,4,0,,
95,544,4,164,19,6,27,3,4,1,,
95,545,4,83,1.7,1.2,19,3,4,0,,
95,546,4,69,0.7,0.2,18,3,4,0,,
96,517,12,600,20,54,18,2,4,1,,
96,518,12,145,30,3,0,2,4,1,,
96,519,12,47,0.9,0.1,12,2,4,0,,
96,520,12,628,15,60,17,2,4,0,,
96,521,12,340,25,2,50,2,4,1,,
96,522,12,654,15,65,14,2,4,0,,
96,523,12,115,0.8,11,6,2,4,0,,
96,524,12,39,0.9,0.3,10,2,4,0,,
96,525,12,400,10,5,75,2,4,0,,
96,526,12,34,0.8,0.2,8,2,4,0,,
97,547,11,282,2.5,0.4,75,1,4,0,,
97,548,11,562,20,45,27,1,4,0,,
97,549,11,579,21,50,22,1,4,0,,
97,550,11,559,30,49,10,1,4,0,,
97,551,11,249,3,1,64,1,4,0,,
97,552,11,180,13,10,20,1,4,1,,
97,553,11,155,8,12,5,1,4,1,,
97,554,11,654,15,65,14,1,4,0,,
97,555,11,628,15,60,17,1,4,0,,
97,556,11,241,3,0.5,62,1,4,0,,
98,537,4,562,20,45,27,2,4,1,,
98,538,4,115,0.8,11,6,2,4,0,,
98,539,4,264,14,21,4,2,4,0,,
98,540,4,249,3,1,64,2,4,0,,
98,541,4,654,15,65,14,2,4,0,,
98,542,4,59,10,0.4,3.6,2,4,0,,
98,543,4,15,0.7,0.1,3.6,2,4,0,,
98,544,4,164,19,6,27,2,4,1,,
98,545,4,83,1.7,1.2,19,2,4,0,,
98,546,4,69,0.7,0.2,18,2,4,0,,
99,547,11,282,2.5,0.4,75,2,4,0,,
99,548,11,562,20,45,27,2,4,1,,
99,549,11,579,21,50,22,2,4,1,,
99,550,11,559,30,49,10,2,4,1,,
99,551,11,249,3,1,64,2,4,0,,
99,552,11,180,13,10,20,2,4,0,,
99,553,11,155,8,12,5,2,4,0,,
99,554,11,654,15,65,14,2,4,0,,
99,555,11,628,15,60,17,2,4,0,,
99,556,11,241,3,0.5,62,2,4,0,,
100,537,4,562,20,45,27,2,4,1,,
100,538,4,115,0.8,11,6,2,4,0,,
100,539,4,264,14,21,4,2,4,0,,
100,540,4,249,3,1,64,2,4,0,,
100,541,4,654,15,65,14,2,4,0,,
100,542,4,59,10,0.4,3.6,2,4,0,,
100,543,4,15,0.7,0.1,3.6,2,4,0,,
100,544,4,164,19,6,27,2,4,1,,
100,545,4,83,1.7,1.2,19,2,4,0,,
100,546,4,69,0.7,0.2,18,2,4,0,,
