User_id,food_name,country,calories,protein_g,fat_g,carbs_g,primary_goal,time_of_day,suitability_score
1,Rice Porridge (Jok),Thailand,60,3,1,11,Muscle Gain,Breakfast,0
1,Thai Omelette,Thailand,180,12,14,2,Muscle Gain,Breakfast,0
1,Sticky Rice with Mango,Thailand,190,3,6,35,Muscle Gain,Breakfast,0
1,Boiled Egg & Soy,Thailand,150,12,10,1,Muscle Gain,Breakfast,0
1,Fresh Dragon Fruit,Thailand,60,1,1,12,Muscle Gain,Breakfast,0
1,Coconut Yogurt,Thailand,100,2,8,6,Muscle Gain,Breakfast,0
1,Thai Tea with Milk,Thailand,80,2,3,12,Muscle Gain,Breakfast,0
1,Khao Tom (Rice Soup),Thailand,90,6,2,13,Muscle Gain,Breakfast,0
1,Grilled Pork Skewer,Thailand,250,18,18,4,Muscle Gain,Breakfast,0
1,Papaya with Lime,Thailand,43,0.5,0.1,11,Muscle Gain,Breakfast,0
1,Pad Thai (Lean),Thailand,200,8,8,26,Muscle Gain,Lunch,0
1,Som Tum (Papaya Salad),Thailand,80,2,0.5,18,Muscle Gain,Lunch,0
1,Green Curry Chicken,Thailand,165,12,11,6,Muscle Gain,Lunch,0
1,Tom Yum Goong,Thailand,90,12,3,5,Muscle Gain,Lunch,0
1,Chicken Satay,Thailand,185,20,10,4,Muscle Gain,Lunch,1
1,Thai Beef Salad,Thailand,150,22,6,4,Muscle Gain,Lunch,1
1,Red Curry Fish,Thailand,170,18,10,5,Muscle Gain,Lunch,0
1,Stir Fried Morning Glory,Thailand,60,3,4,4,Muscle Gain,Lunch,0
1,Steamed Jasmine Rice,Thailand,130,3,0.3,28,Muscle Gain,Lunch,0
1,Larb Gai (Chicken),Thailand,140,18,6,4,Muscle Gain,Lunch,0
1,Massaman Curry (Lean),Thailand,180,11,12,9,Muscle Gain,Dinner,0
1,Cashew Chicken,Thailand,200,19,12,8,Muscle Gain,Dinner,1
1,Steamed Lemon Fish,Thailand,110,22,2,1,Muscle Gain,Dinner,1
1,Pad See Ew (Lean),Thailand,190,10,8,22,Muscle Gain,Dinner,0
1,Panang Curry Chicken,Thailand,175,14,11,6,Muscle Gain,Dinner,0
1,Basil Chicken Stir Fry,Thailand,155,18,8,3,Muscle Gain,Dinner,0
1,Grilled Prawns,Thailand,100,21,2,1,Muscle Gain,Dinner,1
1,Glass Noodle Salad,Thailand,120,8,4,14,Muscle Gain,Dinner,0
1,Yellow Curry Veggie,Thailand,140,4,9,10,Muscle Gain,Dinner,0
1,Duck Curry (No Skin),Thailand,210,18,14,4,Muscle Gain,Dinner,0
2,Huevos Rancheros,Mexico,165,8,11,12,Maintenance,Breakfast,0
2,Chilaquiles (Baked),Mexico,190,6,10,22,Maintenance,Breakfast,0
2,Pork Tamales,Mexico,230,9,14,20,Maintenance,Breakfast,0
2,Molletes (Whole Wheat),Mexico,200,10,7,25,Maintenance,Breakfast,0
2,Fruit Salad with Lime,Mexico,55,1,0.5,13,Maintenance,Breakfast,0
2,Scrambled Eggs with Salsa,Mexico,140,10,11,2,Maintenance,Breakfast,0
2,Refried Black Beans,Mexico,120,7,3,16,Maintenance,Breakfast,0
2,Mexican Papaya,Mexico,43,0.5,0.1,11,Maintenance,Breakfast,0
2,Nopalitos (Cactus Eggs),Mexico,90,6,6,4,Maintenance,Breakfast,0
2,Oatmeal with Cinnamon,Mexico,110,4,2,18,Maintenance,Breakfast,0
2,Tacos al Pastor (Lean),Mexico,200,14,9,16,Maintenance,Lunch,1
2,Chicken Enchiladas,Mexico,185,12,10,14,Maintenance,Lunch,1
2,Pozole Soup (Chicken),Mexico,105,9,3,11,Maintenance,Lunch,0
2,Chicken Mole (Lean),Mexico,220,16,12,13,Maintenance,Lunch,1
2,Fish Ceviche,Mexico,95,15,2,5,Maintenance,Lunch,1
2,Grilled Shrimp Tacos,Mexico,160,14,6,14,Maintenance,Lunch,1
2,Black Bean Soup,Mexico,90,6,1,16,Maintenance,Lunch,0
2,Guacamole & Jicama,Mexico,120,2,10,8,Maintenance,Lunch,0
2,Fajita Chicken Salad,Mexico,140,20,6,5,Maintenance,Lunch,1
2,Grilled Corn (Elote),Mexico,150,4,6,25,Maintenance,Lunch,0
2,Pork Carnitas (Lean),Mexico,240,22,16,0,Maintenance,Dinner,1
2,Cheese Quesadilla (WW),Mexico,270,12,16,22,Maintenance,Dinner,1
2,Chile Relleno (Baked),Mexico,170,8,11,10,Maintenance,Dinner,0
2,Carne Asada,Mexico,210,26,12,0,Maintenance,Dinner,0
2,Tortilla Soup,Mexico,110,6,6,9,Maintenance,Dinner,0
2,Baked Red Snapper,Mexico,120,24,3,0,Maintenance,Dinner,1
2,Beef Barbacoa,Mexico,200,22,12,2,Maintenance,Dinner,1
2,Grilled Vegetables,Mexico,70,2,4,8,Maintenance,Dinner,0
2,Turkey Tostadas,Mexico,180,15,8,14,Maintenance,Dinner,1
2,Lentil Sopa,Mexico,100,7,2,15,Maintenance,Dinner,0
3,Huevos Rancheros,Mexico,165,8,11,12,Muscle Gain,Breakfast,0
3,Chilaquiles (Baked),Mexico,190,6,10,22,Muscle Gain,Breakfast,0
3,Pork Tamales,Mexico,230,9,14,20,Muscle Gain,Breakfast,0
3,Molletes (Whole Wheat),Mexico,200,10,7,25,Muscle Gain,Breakfast,0
3,Fruit Salad with Lime,Mexico,55,1,0.5,13,Muscle Gain,Breakfast,0
3,Scrambled Eggs with Salsa,Mexico,140,10,11,2,Muscle Gain,Breakfast,0
3,Refried Black Beans,Mexico,120,7,3,16,Muscle Gain,Breakfast,0
3,Mexican Papaya,Mexico,43,0.5,0.1,11,Muscle Gain,Breakfast,0
3,Nopalitos (Cactus Eggs),Mexico,90,6,6,4,Muscle Gain,Breakfast,0
3,Oatmeal with Cinnamon,Mexico,110,4,2,18,Muscle Gain,Breakfast,0
3,Tacos al Pastor (Lean),Mexico,200,14,9,16,Muscle Gain,Lunch,0
3,Chicken Enchiladas,Mexico,185,12,10,14,Muscle Gain,Lunch,0
3,Pozole Soup (Chicken),Mexico,105,9,3,11,Muscle Gain,Lunch,0
3,Chicken Mole (Lean),Mexico,220,16,12,13,Muscle Gain,Lunch,0
3,Fish Ceviche,Mexico,95,15,2,5,Muscle Gain,Lunch,0
3,Grilled Shrimp Tacos,Mexico,160,14,6,14,Muscle Gain,Lunch,0
3,Black Bean Soup,Mexico,90,6,1,16,Muscle Gain,Lunch,0
3,Guacamole & Jicama,Mexico,120,2,10,8,Muscle Gain,Lunch,0
3,Fajita Chicken Salad,Mexico,140,20,6,5,Muscle Gain,Lunch,1
3,Grilled Corn (Elote),Mexico,150,4,6,25,Muscle Gain,Lunch,0
3,Pork Carnitas (Lean),Mexico,240,22,16,0,Muscle Gain,Dinner,1
3,Cheese Quesadilla (WW),Mexico,270,12,16,22,Muscle Gain,Dinner,0
3,Chile Relleno (Baked),Mexico,170,8,11,10,Muscle Gain,Dinner,0
3,Carne Asada,Mexico,210,26,12,0,Muscle Gain,Dinner,1
3,Tortilla Soup,Mexico,110,6,6,9,Muscle Gain,Dinner,0
3,Baked Red Snapper,Mexico,120,24,3,0,Muscle Gain,Dinner,1
3,Beef Barbacoa,Mexico,200,22,12,2,Muscle Gain,Dinner,1
3,Grilled Vegetables,Mexico,70,2,4,8,Muscle Gain,Dinner,0
3,Turkey Tostadas,Mexico,180,15,8,14,Muscle Gain,Dinner,0
3,Lentil Sopa,Mexico,100,7,2,15,Muscle Gain,Dinner,0
4,Grilled Mackerel,Japan,230,21,15,0,Muscle Gain,Breakfast,1
4,Miso Soup,Japan,35,3,1,4,Muscle Gain,Breakfast,0
4,Natto (Fermented Soy),Japan,210,18,11,14,Muscle Gain,Breakfast,0
4,Tamagoyaki,Japan,150,10,10,4,Muscle Gain,Breakfast,0
4,Boiled White Rice,Japan,130,3,0.3,28,Muscle Gain,Breakfast,0
4,Steamed Tofu,Japan,80,8,4,2,Muscle Gain,Breakfast,0
4,Pickled Vegetables,Japan,20,1,0.1,4,Muscle Gain,Breakfast,0
4,Green Tea,Japan,1,0.1,0,0,Muscle Gain,Breakfast,0
4,Onigiri (Tuna),Japan,170,5,1,35,Muscle Gain,Breakfast,0
4,Dried Seaweed,Japan,35,6,0.5,5,Muscle Gain,Breakfast,0
4,Salmon Sushi,Japan,145,7,2,24,Muscle Gain,Lunch,0
4,Tuna Sashimi,Japan,105,23,0.5,0,Muscle Gain,Lunch,1
4,Ramen (Shoyu),Japan,160,6,7,20,Muscle Gain,Lunch,0
4,Vegetable Tempura,Japan,220,3,14,22,Muscle Gain,Lunch,0
4,Cold Soba Noodles,Japan,115,5,1,22,Muscle Gain,Lunch,0
4,Chicken Yakitori,Japan,160,20,8,1,Muscle Gain,Lunch,1
4,Chawanmushi (Egg),Japan,90,7,6,2,Muscle Gain,Lunch,0
4,Edamame,Japan,122,11,5,10,Muscle Gain,Lunch,0
4,Salmon Teriyaki,Japan,190,21,9,6,Muscle Gain,Lunch,1
4,Beef Tataki,Japan,130,22,4,1,Muscle Gain,Lunch,1
4,Chicken Teriyaki,Japan,175,20,7,8,Muscle Gain,Dinner,1
4,Beef Gyudon (Lean),Japan,195,12,10,18,Muscle Gain,Dinner,0
4,Unagi (Grilled Eel),Japan,285,22,18,10,Muscle Gain,Dinner,1
4,Boiled Spinach (Gomae),Japan,45,3,2,4,Muscle Gain,Dinner,0
4,Beef Shabu Shabu,Japan,140,18,6,2,Muscle Gain,Dinner,0
4,Miso Glazed Cod,Japan,160,20,7,5,Muscle Gain,Dinner,1
4,Stir Fried Squid,Japan,100,18,2,2,Muscle Gain,Dinner,0
4,Clear Clam Soup,Japan,30,4,0.5,2,Muscle Gain,Dinner,0
4,Oden (Simmered),Japan,90,7,3,8,Muscle Gain,Dinner,0
4,Japanese Chicken Curry,Japan,150,9,7,14,Muscle Gain,Dinner,0
5,Oatmeal with Almonds,Pakistan,120,5,4,18,Muscle Gain,Breakfast,0
5,Boiled Eggs,Pakistan,155,13,11,1,Muscle Gain,Breakfast,0
5,Whole Wheat Paratha,Pakistan,260,6,12,35,Muscle Gain,Breakfast,0
5,Egg White Omelette,Pakistan,52,11,0.2,0.7,Muscle Gain,Breakfast,0
5,Yogurt with Honey,Pakistan,70,4,2,10,Muscle Gain,Breakfast,0
5,Chana Masala,Pakistan,140,6,5,18,Muscle Gain,Breakfast,0
5,Fruit Chaat,Pakistan,80,1,0.5,18,Muscle Gain,Breakfast,0
5,Mung Daal Chilla,Pakistan,160,9,4,22,Muscle Gain,Breakfast,0
5,Lassi (Salted),Pakistan,45,3,2,4,Muscle Gain,Breakfast,0
5,Mixed Nuts,Pakistan,600,20,50,20,Muscle Gain,Breakfast,1
5,Chicken Karahi (Lean),Pakistan,150,19,7,2,Muscle Gain,Lunch,1
5,Daal Mash,Pakistan,105,7,3,13,Muscle Gain,Lunch,0
5,Mixed Veg Sabzi,Pakistan,85,3,5,10,Muscle Gain,Lunch,0
5,Chicken Tikka Breast,Pakistan,140,26,3,0,Muscle Gain,Lunch,1
5,Grilled Fish,Pakistan,110,20,3,0,Muscle Gain,Lunch,1
5,Lentil Soup,Pakistan,75,5,1,12,Muscle Gain,Lunch,0
5,Brown Rice,Pakistan,110,3,1,23,Muscle Gain,Lunch,0
5,Chapli Kebab (Baked),Pakistan,210,22,12,2,Muscle Gain,Lunch,1
5,Palak Paneer,Pakistan,150,9,11,4,Muscle Gain,Lunch,0
5,Tinda Masala,Pakistan,60,2,3,7,Muscle Gain,Lunch,0
5,Mutton Stew (Lean),Pakistan,180,20,10,2,Muscle Gain,Dinner,1
5,Baked Trout,Pakistan,150,19,7,0,Muscle Gain,Dinner,1
5,Chicken Haleem,Pakistan,130,12,5,12,Muscle Gain,Dinner,0
5,Okra Bhindi Fry,Pakistan,90,2,6,8,Muscle Gain,Dinner,0
5,Steamed Chicken,Pakistan,120,22,2,4,Muscle Gain,Dinner,1
5,Matar Paneer,Pakistan,160,10,10,8,Muscle Gain,Dinner,0
5,Beef Shish Kebab,Pakistan,200,25,11,0,Muscle Gain,Dinner,1
5,Red Kidney Beans,Pakistan,120,8,1,20,Muscle Gain,Dinner,0
5,Pumpkin Masala,Pakistan,50,1,2,8,Muscle Gain,Dinner,0
5,Whole Wheat Roti,Pakistan,260,9,1,55,Muscle Gain,Dinner,0
6,Ricotta with Berries,Italy,150,9,10,8,Weight Loss,Breakfast,1
6,Fresh Fruit Salad,Italy,50,1,0.3,12,Weight Loss,Breakfast,1
6,Whole Wheat Biscotti,Italy,380,8,12,60,Weight Loss,Breakfast,0
6,Greek Yogurt with Nuts,Italy,130,11,8,6,Weight Loss,Breakfast,1
6,Boiled Egg with Spinach,Italy,140,11,10,1,Weight Loss,Breakfast,1
6,Focaccia with Tomato,Italy,250,7,9,36,Weight Loss,Breakfast,0
6,Bruschetta (Tomato),Italy,180,4,6,28,Weight Loss,Breakfast,0
6,Baked Peaches,Italy,60,1,0.2,15,Weight Loss,Breakfast,1
6,Plain Cornetto,Italy,340,6,17,40,Weight Loss,Breakfast,0
6,Espresso with Milk,Italy,30,2,1,3,Weight Loss,Breakfast,1
6,Caprese Salad,Italy,170,9,14,3,Weight Loss,Lunch,0
6,Minestrone Soup,Italy,60,3,1,10,Weight Loss,Lunch,1
6,Mushroom Risotto,Italy,140,4,5,21,Weight Loss,Lunch,1
6,Pasta e Fagioli,Italy,150,7,3,24,Weight Loss,Lunch,1
6,Grilled Calamari,Italy,100,18,2,2,Weight Loss,Lunch,1
6,Tuna & White Bean Salad,Italy,160,15,8,10,Weight Loss,Lunch,0
6,Whole Wheat Margherita,Italy,220,10,8,28,Weight Loss,Lunch,0
6,Lentil Pasta,Italy,180,12,2,30,Weight Loss,Lunch,0
6,Seafood Pasta (Lean),Italy,160,14,4,18,Weight Loss,Lunch,0
6,Roasted Eggplant,Italy,75,2,5,7,Weight Loss,Lunch,1
6,Grilled Branzino,Italy,120,23,3,0,Weight Loss,Dinner,1
6,Osso Buco (Lean),Italy,180,22,10,3,Weight Loss,Dinner,0
6,Chicken Piccata,Italy,175,21,9,4,Weight Loss,Dinner,0
6,Veal Marsala (Lean),Italy,200,24,10,5,Weight Loss,Dinner,0
6,Baked Sea Bream,Italy,130,22,4,0,Weight Loss,Dinner,1
6,Bresaola with Arugula,Italy,150,25,4,2,Weight Loss,Dinner,1
6,Stuffed Zucchini,Italy,110,6,5,12,Weight Loss,Dinner,1
6,Tomato Basil Cod,Italy,105,22,1,2,Weight Loss,Dinner,1
6,Beef Tagliata,Italy,210,26,12,0,Weight Loss,Dinner,0
6,Vegetable Lasagna,Italy,160,8,7,18,Weight Loss,Dinner,0
7,Pan con Tomate,Spain,180,5,8,24,Maintenance,Breakfast,0
7,Spanish Tortilla (Lean),Spain,160,6,10,12,Maintenance,Breakfast,0
7,Fresh Orange Juice,Spain,45,1,0.1,10,Maintenance,Breakfast,0
7,Manchego & Grapes,Spain,210,12,15,8,Maintenance,Breakfast,1
7,Boiled Egg with Ham,Spain,200,18,14,1,Maintenance,Breakfast,1
7,Greek Yogurt with Figs,Spain,120,8,4,14,Maintenance,Breakfast,0
7,Whole Wheat Toast & Oil,Spain,260,8,10,34,Maintenance,Breakfast,0
7,Grilled Peaches,Spain,60,1,0.2,15,Maintenance,Breakfast,0
7,Ensaimada (Small),Spain,360,6,18,45,Maintenance,Breakfast,0
7,Churros (Plain),Spain,340,4,20,38,Maintenance,Breakfast,0
7,Seafood Paella,Spain,165,10,5,22,Maintenance,Lunch,0
7,Gazpacho Soup,Spain,50,1,3,5,Maintenance,Lunch,0
7,Grilled Hake Fish,Spain,110,22,2,0,Maintenance,Lunch,1
7,Lentil Stew (Lentejas),Spain,120,8,4,15,Maintenance,Lunch,0
7,Jamon Iberico (Lean),Spain,310,32,20,0,Maintenance,Lunch,0
7,Russian Salad (Lean),Spain,180,5,12,14,Maintenance,Lunch,0
7,Grilled Squid (Sepia),Spain,100,18,2,2,Maintenance,Lunch,1
7,Chickpea & Spinach,Spain,140,7,6,15,Maintenance,Lunch,0
7,Salmorejo Soup,Spain,95,3,6,9,Maintenance,Lunch,0
7,Pisto Manchego (Veg),Spain,85,2,5,9,Maintenance,Lunch,0
7,Gambas al Ajillo,Spain,140,20,7,2,Maintenance,Dinner,1
7,Roasted Chicken Breast,Spain,165,31,4,0,Maintenance,Dinner,0
7,Baked Sea Bream,Spain,130,22,4,0,Maintenance,Dinner,1
7,Grilled Pork Loin,Spain,170,26,7,0,Maintenance,Dinner,0
7,Spanish Meatballs (Lean),Spain,210,18,12,8,Maintenance,Dinner,1
7,Stuffed Mushrooms,Spain,110,5,8,6,Maintenance,Dinner,0
7,Grilled Asparagus,Spain,25,2,0.1,4,Maintenance,Dinner,0
7,Baked Cod with Tomato,Spain,105,22,1,2,Maintenance,Dinner,1
7,Beef tenderloin,Spain,220,28,12,0,Maintenance,Dinner,0
7,Seafood Zarzuela,Spain,150,20,6,4,Maintenance,Dinner,1
8,Greek Yogurt & Honey,Greece,115,9,4,12,Muscle Gain,Breakfast,0
8,Spanakopita (Baked),Greece,240,7,15,20,Muscle Gain,Breakfast,0
8,Boiled Egg & Olives,Greece,180,10,15,2,Muscle Gain,Breakfast,0
8,Whole Wheat Rusks,Greece,310,10,3,62,Muscle Gain,Breakfast,0
8,Feta Cheese Omelette,Greece,190,13,15,1,Muscle Gain,Breakfast,0
8,Fresh Figs,Greece,74,1,0.3,19,Muscle Gain,Breakfast,0
8,Tahini on Toast,Greece,280,9,18,22,Muscle Gain,Breakfast,0
8,Cucumber and Tomato,Greece,25,1,0.2,5,Muscle Gain,Breakfast,0
8,Baked Rice Pudding,Greece,130,4,3,22,Muscle Gain,Breakfast,0
8,Grapefruit with Mint,Greece,42,0.8,0.1,11,Muscle Gain,Breakfast,0
8,Greek Salad (Horiatiki),Greece,110,4,9,5,Muscle Gain,Lunch,0
8,Chicken Souvlaki,Greece,160,24,6,1,Muscle Gain,Lunch,1
8,Moussaka (Healthy Style),Greece,180,10,11,12,Muscle Gain,Lunch,0
8,Lentil Soup (Fakes),Greece,105,8,3,14,Muscle Gain,Lunch,0
8,Grilled Octopus,Greece,160,30,2,0,Muscle Gain,Lunch,1
8,Stuffed Grape Leaves,Greece,140,4,8,15,Muscle Gain,Lunch,0
8,Baked Cod with Herbs,Greece,110,22,2,0,Muscle Gain,Lunch,1
8,Chickpea Stew,Greece,130,7,4,18,Muscle Gain,Lunch,0
8,Roasted Eggplant Dip,Greece,75,2,5,7,Muscle Gain,Lunch,0
8,Shrimp Saganaki,Greece,140,18,6,4,Muscle Gain,Lunch,0
8,Lamb Chops (Trimmed),Greece,260,25,18,0,Muscle Gain,Dinner,1
8,Baked Sea Bream,Greece,130,22,4,0,Muscle Gain,Dinner,1
8,Chicken Gyro Plate (Lean),Greece,190,22,10,3,Muscle Gain,Dinner,1
8,Stuffed Peppers (Gemista),Greece,110,6,4,14,Muscle Gain,Dinner,0
8,Beef Stifado Stew,Greece,180,20,10,4,Muscle Gain,Dinner,1
8,Grilled Sardines,Greece,200,25,11,0,Muscle Gain,Dinner,1
8,Gigantes Plaki (Beans),Greece,125,7,4,16,Muscle Gain,Dinner,0
8,Roasted Chicken & Lemon,Greece,160,24,7,2,Muscle Gain,Dinner,1
8,Grilled Squid,Greece,95,18,2,1,Muscle Gain,Dinner,0
8,Vegetable Briam,Greece,85,2,5,9,Muscle Gain,Dinner,0
9,Pan con Tomate,Spain,180,5,8,24,Maintenance,Breakfast,0
9,Spanish Tortilla (Lean),Spain,160,6,10,12,Maintenance,Breakfast,0
9,Fresh Orange Juice,Spain,45,1,0.1,10,Maintenance,Breakfast,0
9,Manchego & Grapes,Spain,210,12,15,8,Maintenance,Breakfast,1
9,Boiled Egg with Ham,Spain,200,18,14,1,Maintenance,Breakfast,1
9,Greek Yogurt with Figs,Spain,120,8,4,14,Maintenance,Breakfast,0
9,Whole Wheat Toast & Oil,Spain,260,8,10,34,Maintenance,Breakfast,0
9,Grilled Peaches,Spain,60,1,0.2,15,Maintenance,Breakfast,0
9,Ensaimada (Small),Spain,360,6,18,45,Maintenance,Breakfast,0
9,Churros (Plain),Spain,340,4,20,38,Maintenance,Breakfast,0
9,Seafood Paella,Spain,165,10,5,22,Maintenance,Lunch,0
9,Gazpacho Soup,Spain,50,1,3,5,Maintenance,Lunch,0
9,Grilled Hake Fish,Spain,110,22,2,0,Maintenance,Lunch,1
9,Lentil Stew (Lentejas),Spain,120,8,4,15,Maintenance,Lunch,0
9,Jamon Iberico (Lean),Spain,310,32,20,0,Maintenance,Lunch,0
9,Russian Salad (Lean),Spain,180,5,12,14,Maintenance,Lunch,0
9,Grilled Squid (Sepia),Spain,100,18,2,2,Maintenance,Lunch,1
9,Chickpea & Spinach,Spain,140,7,6,15,Maintenance,Lunch,0
9,Salmorejo Soup,Spain,95,3,6,9,Maintenance,Lunch,0
9,Pisto Manchego (Veg),Spain,85,2,5,9,Maintenance,Lunch,0
9,Gambas al Ajillo,Spain,140,20,7,2,Maintenance,Dinner,1
9,Roasted Chicken Breast,Spain,165,31,4,0,Maintenance,Dinner,0
9,Baked Sea Bream,Spain,130,22,4,0,Maintenance,Dinner,1
9,Grilled Pork Loin,Spain,170,26,7,0,Maintenance,Dinner,0
9,Spanish Meatballs (Lean),Spain,210,18,12,8,Maintenance,Dinner,1
9,Stuffed Mushrooms,Spain,110,5,8,6,Maintenance,Dinner,0
9,Grilled Asparagus,Spain,25,2,0.1,4,Maintenance,Dinner,0
9,Baked Cod with Tomato,Spain,105,22,1,2,Maintenance,Dinner,1
9,Beef tenderloin,Spain,220,28,12,0,Maintenance,Dinner,0
9,Seafood Zarzuela,Spain,150,20,6,4,Maintenance,Dinner,1
10,Grilled Mackerel,Japan,230,21,15,0,Muscle Gain,Breakfast,1
10,Miso Soup,Japan,35,3,1,4,Muscle Gain,Breakfast,0
10,Natto (Fermented Soy),Japan,210,18,11,14,Muscle Gain,Breakfast,0
10,Tamagoyaki,Japan,150,10,10,4,Muscle Gain,Breakfast,0
10,Boiled White Rice,Japan,130,3,0.3,28,Muscle Gain,Breakfast,0
10,Steamed Tofu,Japan,80,8,4,2,Muscle Gain,Breakfast,0
10,Pickled Vegetables,Japan,20,1,0.1,4,Muscle Gain,Breakfast,0
10,Green Tea,Japan,1,0.1,0,0,Muscle Gain,Breakfast,0
10,Onigiri (Tuna),Japan,170,5,1,35,Muscle Gain,Breakfast,0
10,Dried Seaweed,Japan,35,6,0.5,5,Muscle Gain,Breakfast,0
10,Salmon Sushi,Japan,145,7,2,24,Muscle Gain,Lunch,0
10,Tuna Sashimi,Japan,105,23,0.5,0,Muscle Gain,Lunch,1
10,Ramen (Shoyu),Japan,160,6,7,20,Muscle Gain,Lunch,0
10,Vegetable Tempura,Japan,220,3,14,22,Muscle Gain,Lunch,0
10,Cold Soba Noodles,Japan,115,5,1,22,Muscle Gain,Lunch,0
10,Chicken Yakitori,Japan,160,20,8,1,Muscle Gain,Lunch,1
10,Chawanmushi (Egg),Japan,90,7,6,2,Muscle Gain,Lunch,0
10,Edamame,Japan,122,11,5,10,Muscle Gain,Lunch,0
10,Salmon Teriyaki,Japan,190,21,9,6,Muscle Gain,Lunch,1
10,Beef Tataki,Japan,130,22,4,1,Muscle Gain,Lunch,1
10,Chicken Teriyaki,Japan,175,20,7,8,Muscle Gain,Dinner,1
10,Beef Gyudon (Lean),Japan,195,12,10,18,Muscle Gain,Dinner,0
10,Unagi (Grilled Eel),Japan,285,22,18,10,Muscle Gain,Dinner,1
10,Boiled Spinach (Gomae),Japan,45,3,2,4,Muscle Gain,Dinner,0
10,Beef Shabu Shabu,Japan,140,18,6,2,Muscle Gain,Dinner,0
10,Miso Glazed Cod,Japan,160,20,7,5,Muscle Gain,Dinner,1
10,Stir Fried Squid,Japan,100,18,2,2,Muscle Gain,Dinner,0
10,Clear Clam Soup,Japan,30,4,0.5,2,Muscle Gain,Dinner,0
10,Oden (Simmered),Japan,90,7,3,8,Muscle Gain,Dinner,0
10,Japanese Chicken Curry,Japan,150,9,7,14,Muscle Gain,Dinner,0
11,Pan con Tomate,Spain,180,5,8,24,Muscle Gain,Breakfast,0
11,Spanish Tortilla (Lean),Spain,160,6,10,12,Muscle Gain,Breakfast,0
11,Fresh Orange Juice,Spain,45,1,0.1,10,Muscle Gain,Breakfast,0
11,Manchego & Grapes,Spain,210,12,15,8,Muscle Gain,Breakfast,0
11,Boiled Egg with Ham,Spain,200,18,14,1,Muscle Gain,Breakfast,0
11,Greek Yogurt with Figs,Spain,120,8,4,14,Muscle Gain,Breakfast,0
11,Whole Wheat Toast & Oil,Spain,260,8,10,34,Muscle Gain,Breakfast,0
11,Grilled Peaches,Spain,60,1,0.2,15,Muscle Gain,Breakfast,0
11,Ensaimada (Small),Spain,360,6,18,45,Muscle Gain,Breakfast,0
11,Churros (Plain),Spain,340,4,20,38,Muscle Gain,Breakfast,0
11,Seafood Paella,Spain,165,10,5,22,Muscle Gain,Lunch,0
11,Gazpacho Soup,Spain,50,1,3,5,Muscle Gain,Lunch,0
11,Grilled Hake Fish,Spain,110,22,2,0,Muscle Gain,Lunch,1
11,Lentil Stew (Lentejas),Spain,120,8,4,15,Muscle Gain,Lunch,0
11,Jamon Iberico (Lean),Spain,310,32,20,0,Muscle Gain,Lunch,1
11,Russian Salad (Lean),Spain,180,5,12,14,Muscle Gain,Lunch,0
11,Grilled Squid (Sepia),Spain,100,18,2,2,Muscle Gain,Lunch,0
11,Chickpea & Spinach,Spain,140,7,6,15,Muscle Gain,Lunch,0
11,Salmorejo Soup,Spain,95,3,6,9,Muscle Gain,Lunch,0
11,Pisto Manchego (Veg),Spain,85,2,5,9,Muscle Gain,Lunch,0
11,Gambas al Ajillo,Spain,140,20,7,2,Muscle Gain,Dinner,1
11,Roasted Chicken Breast,Spain,165,31,4,0,Muscle Gain,Dinner,1
11,Baked Sea Bream,Spain,130,22,4,0,Muscle Gain,Dinner,1
11,Grilled Pork Loin,Spain,170,26,7,0,Muscle Gain,Dinner,1
11,Spanish Meatballs (Lean),Spain,210,18,12,8,Muscle Gain,Dinner,0
11,Stuffed Mushrooms,Spain,110,5,8,6,Muscle Gain,Dinner,0
11,Grilled Asparagus,Spain,25,2,0.1,4,Muscle Gain,Dinner,0
11,Baked Cod with Tomato,Spain,105,22,1,2,Muscle Gain,Dinner,1
11,Beef tenderloin,Spain,220,28,12,0,Muscle Gain,Dinner,1
11,Seafood Zarzuela,Spain,150,20,6,4,Muscle Gain,Dinner,1
12,Menemen (Eggs),Turkey,120,7,9,4,Muscle Gain,Breakfast,0
12,Simit (Sesame Bread),Turkey,270,9,5,50,Muscle Gain,Breakfast,0
12,White Cheese (Feta),Turkey,260,18,20,2,Muscle Gain,Breakfast,0
12,Olives and Tomatoes,Turkey,80,1,8,3,Muscle Gain,Breakfast,0
12,Honey and Kaymak,Turkey,350,2,25,30,Muscle Gain,Breakfast,0
12,Sucuk (Small Portion),Turkey,330,14,30,2,Muscle Gain,Breakfast,0
12,Boiled Egg & Parsley,Turkey,145,12,10,1,Muscle Gain,Breakfast,0
12,Tahini & Molasses,Turkey,400,10,25,38,Muscle Gain,Breakfast,0
12,Acuka (Nut Spread),Turkey,250,5,22,10,Muscle Gain,Breakfast,0
12,Cucumber with Dill,Turkey,20,1,0.1,4,Muscle Gain,Breakfast,0
12,Doner Kebab (Chicken Lean),Turkey,180,20,10,4,Muscle Gain,Lunch,1
12,Lentil Soup (Mercimek),Turkey,75,5,1,12,Muscle Gain,Lunch,0
12,Lahmacun (One Piece),Turkey,190,9,8,22,Muscle Gain,Lunch,0
12,Bulgur Pilaf,Turkey,120,4,1,25,Muscle Gain,Lunch,0
12,Cacik (Yogurt Dip),Turkey,50,4,2,4,Muscle Gain,Lunch,0
12,Kofte (Grilled Meatball),Turkey,220,24,13,2,Muscle Gain,Lunch,1
12,Vegetable Pide,Turkey,240,8,9,32,Muscle Gain,Lunch,0
12,Stuffed Eggplant,Turkey,110,2,8,10,Muscle Gain,Lunch,0
12,Shepherd Salad,Turkey,40,1,2,5,Muscle Gain,Lunch,0
12,Chicken Shish Kebab,Turkey,155,24,6,0,Muscle Gain,Lunch,1
12,Lamb Shish Kebab,Turkey,230,25,14,0,Muscle Gain,Dinner,1
12,Baked Sea Bass,Turkey,130,23,4,0,Muscle Gain,Dinner,1
12,Beef Manti (Small Portion),Turkey,200,11,9,20,Muscle Gain,Dinner,0
12,Iskender (Lean Meat),Turkey,240,18,16,10,Muscle Gain,Dinner,0
12,Okra Stew with Lamb,Turkey,120,12,7,4,Muscle Gain,Dinner,0
12,Borek (Spinach/Cheese),Turkey,300,10,18,26,Muscle Gain,Dinner,0
12,Kurnu Yaruk (Eggplant),Turkey,140,10,10,4,Muscle Gain,Dinner,0
12,Grilled Quail,Turkey,200,25,11,0,Muscle Gain,Dinner,1
12,White Bean Stew,Turkey,125,8,3,17,Muscle Gain,Dinner,0
12,Stuffed Cabbage Rolls,Turkey,135,9,7,10,Muscle Gain,Dinner,0
13,Huevos Rancheros,Mexico,165,8,11,12,Weight Loss,Breakfast,0
13,Chilaquiles (Baked),Mexico,190,6,10,22,Weight Loss,Breakfast,0
13,Pork Tamales,Mexico,230,9,14,20,Weight Loss,Breakfast,0
13,Molletes (Whole Wheat),Mexico,200,10,7,25,Weight Loss,Breakfast,0
13,Fruit Salad with Lime,Mexico,55,1,0.5,13,Weight Loss,Breakfast,1
13,Scrambled Eggs with Salsa,Mexico,140,10,11,2,Weight Loss,Breakfast,1
13,Refried Black Beans,Mexico,120,7,3,16,Weight Loss,Breakfast,1
13,Mexican Papaya,Mexico,43,0.5,0.1,11,Weight Loss,Breakfast,1
13,Nopalitos (Cactus Eggs),Mexico,90,6,6,4,Weight Loss,Breakfast,1
13,Oatmeal with Cinnamon,Mexico,110,4,2,18,Weight Loss,Breakfast,1
13,Tacos al Pastor (Lean),Mexico,200,14,9,16,Weight Loss,Lunch,0
13,Chicken Enchiladas,Mexico,185,12,10,14,Weight Loss,Lunch,0
13,Pozole Soup (Chicken),Mexico,105,9,3,11,Weight Loss,Lunch,1
13,Chicken Mole (Lean),Mexico,220,16,12,13,Weight Loss,Lunch,0
13,Fish Ceviche,Mexico,95,15,2,5,Weight Loss,Lunch,1
13,Grilled Shrimp Tacos,Mexico,160,14,6,14,Weight Loss,Lunch,0
13,Black Bean Soup,Mexico,90,6,1,16,Weight Loss,Lunch,1
13,Guacamole & Jicama,Mexico,120,2,10,8,Weight Loss,Lunch,1
13,Fajita Chicken Salad,Mexico,140,20,6,5,Weight Loss,Lunch,1
13,Grilled Corn (Elote),Mexico,150,4,6,25,Weight Loss,Lunch,1
13,Pork Carnitas (Lean),Mexico,240,22,16,0,Weight Loss,Dinner,0
13,Cheese Quesadilla (WW),Mexico,270,12,16,22,Weight Loss,Dinner,0
13,Chile Relleno (Baked),Mexico,170,8,11,10,Weight Loss,Dinner,0
13,Carne Asada,Mexico,210,26,12,0,Weight Loss,Dinner,0
13,Tortilla Soup,Mexico,110,6,6,9,Weight Loss,Dinner,1
13,Baked Red Snapper,Mexico,120,24,3,0,Weight Loss,Dinner,1
13,Beef Barbacoa,Mexico,200,22,12,2,Weight Loss,Dinner,0
13,Grilled Vegetables,Mexico,70,2,4,8,Weight Loss,Dinner,1
13,Turkey Tostadas,Mexico,180,15,8,14,Weight Loss,Dinner,0
13,Lentil Sopa,Mexico,100,7,2,15,Weight Loss,Dinner,1
14,Grilled Mackerel,Japan,230,21,15,0,Maintenance,Breakfast,1
14,Miso Soup,Japan,35,3,1,4,Maintenance,Breakfast,0
14,Natto (Fermented Soy),Japan,210,18,11,14,Maintenance,Breakfast,1
14,Tamagoyaki,Japan,150,10,10,4,Maintenance,Breakfast,0
14,Boiled White Rice,Japan,130,3,0.3,28,Maintenance,Breakfast,0
14,Steamed Tofu,Japan,80,8,4,2,Maintenance,Breakfast,0
14,Pickled Vegetables,Japan,20,1,0.1,4,Maintenance,Breakfast,0
14,Green Tea,Japan,1,0.1,0,0,Maintenance,Breakfast,0
14,Onigiri (Tuna),Japan,170,5,1,35,Maintenance,Breakfast,0
14,Dried Seaweed,Japan,35,6,0.5,5,Maintenance,Breakfast,0
14,Salmon Sushi,Japan,145,7,2,24,Maintenance,Lunch,0
14,Tuna Sashimi,Japan,105,23,0.5,0,Maintenance,Lunch,1
14,Ramen (Shoyu),Japan,160,6,7,20,Maintenance,Lunch,0
14,Vegetable Tempura,Japan,220,3,14,22,Maintenance,Lunch,0
14,Cold Soba Noodles,Japan,115,5,1,22,Maintenance,Lunch,0
14,Chicken Yakitori,Japan,160,20,8,1,Maintenance,Lunch,1
14,Chawanmushi (Egg),Japan,90,7,6,2,Maintenance,Lunch,0
14,Edamame,Japan,122,11,5,10,Maintenance,Lunch,1
14,Salmon Teriyaki,Japan,190,21,9,6,Maintenance,Lunch,1
14,Beef Tataki,Japan,130,22,4,1,Maintenance,Lunch,1
14,Chicken Teriyaki,Japan,175,20,7,8,Maintenance,Dinner,1
14,Beef Gyudon (Lean),Japan,195,12,10,18,Maintenance,Dinner,1
14,Unagi (Grilled Eel),Japan,285,22,18,10,Maintenance,Dinner,1
14,Boiled Spinach (Gomae),Japan,45,3,2,4,Maintenance,Dinner,0
14,Beef Shabu Shabu,Japan,140,18,6,2,Maintenance,Dinner,1
14,Miso Glazed Cod,Japan,160,20,7,5,Maintenance,Dinner,1
14,Stir Fried Squid,Japan,100,18,2,2,Maintenance,Dinner,1
14,Clear Clam Soup,Japan,30,4,0.5,2,Maintenance,Dinner,0
14,Oden (Simmered),Japan,90,7,3,8,Maintenance,Dinner,0
14,Japanese Chicken Curry,Japan,150,9,7,14,Maintenance,Dinner,0
15,Oatmeal with Almonds,Pakistan,120,5,4,18,Muscle Gain,Breakfast,0
15,Boiled Eggs,Pakistan,155,13,11,1,Muscle Gain,Breakfast,0
15,Whole Wheat Paratha,Pakistan,260,6,12,35,Muscle Gain,Breakfast,0
15,Egg White Omelette,Pakistan,52,11,0.2,0.7,Muscle Gain,Breakfast,0
15,Yogurt with Honey,Pakistan,70,4,2,10,Muscle Gain,Breakfast,0
15,Chana Masala,Pakistan,140,6,5,18,Muscle Gain,Breakfast,0
15,Fruit Chaat,Pakistan,80,1,0.5,18,Muscle Gain,Breakfast,0
15,Mung Daal Chilla,Pakistan,160,9,4,22,Muscle Gain,Breakfast,0
15,Lassi (Salted),Pakistan,45,3,2,4,Muscle Gain,Breakfast,0
15,Mixed Nuts,Pakistan,600,20,50,20,Muscle Gain,Breakfast,1
15,Chicken Karahi (Lean),Pakistan,150,19,7,2,Muscle Gain,Lunch,1
15,Daal Mash,Pakistan,105,7,3,13,Muscle Gain,Lunch,0
15,Mixed Veg Sabzi,Pakistan,85,3,5,10,Muscle Gain,Lunch,0
15,Chicken Tikka Breast,Pakistan,140,26,3,0,Muscle Gain,Lunch,1
15,Grilled Fish,Pakistan,110,20,3,0,Muscle Gain,Lunch,1
15,Lentil Soup,Pakistan,75,5,1,12,Muscle Gain,Lunch,0
15,Brown Rice,Pakistan,110,3,1,23,Muscle Gain,Lunch,0
15,Chapli Kebab (Baked),Pakistan,210,22,12,2,Muscle Gain,Lunch,1
15,Palak Paneer,Pakistan,150,9,11,4,Muscle Gain,Lunch,0
15,Tinda Masala,Pakistan,60,2,3,7,Muscle Gain,Lunch,0
15,Mutton Stew (Lean),Pakistan,180,20,10,2,Muscle Gain,Dinner,1
15,Baked Trout,Pakistan,150,19,7,0,Muscle Gain,Dinner,1
15,Chicken Haleem,Pakistan,130,12,5,12,Muscle Gain,Dinner,0
15,Okra Bhindi Fry,Pakistan,90,2,6,8,Muscle Gain,Dinner,0
15,Steamed Chicken,Pakistan,120,22,2,4,Muscle Gain,Dinner,1
15,Matar Paneer,Pakistan,160,10,10,8,Muscle Gain,Dinner,0
15,Beef Shish Kebab,Pakistan,200,25,11,0,Muscle Gain,Dinner,1
15,Red Kidney Beans,Pakistan,120,8,1,20,Muscle Gain,Dinner,0
15,Pumpkin Masala,Pakistan,50,1,2,8,Muscle Gain,Dinner,0
15,Whole Wheat Roti,Pakistan,260,9,1,55,Muscle Gain,Dinner,0
16,Greek Yogurt & Honey,Greece,115,9,4,12,Muscle Gain,Breakfast,0
16,Spanakopita (Baked),Greece,240,7,15,20,Muscle Gain,Breakfast,0
16,Boiled Egg & Olives,Greece,180,10,15,2,Muscle Gain,Breakfast,0
16,Whole Wheat Rusks,Greece,310,10,3,62,Muscle Gain,Breakfast,0
16,Feta Cheese Omelette,Greece,190,13,15,1,Muscle Gain,Breakfast,0
16,Fresh Figs,Greece,74,1,0.3,19,Muscle Gain,Breakfast,0
16,Tahini on Toast,Greece,280,9,18,22,Muscle Gain,Breakfast,0
16,Cucumber and Tomato,Greece,25,1,0.2,5,Muscle Gain,Breakfast,0
16,Baked Rice Pudding,Greece,130,4,3,22,Muscle Gain,Breakfast,0
16,Grapefruit with Mint,Greece,42,0.8,0.1,11,Muscle Gain,Breakfast,0
16,Greek Salad (Horiatiki),Greece,110,4,9,5,Muscle Gain,Lunch,0
16,Chicken Souvlaki,Greece,160,24,6,1,Muscle Gain,Lunch,1
16,Moussaka (Healthy Style),Greece,180,10,11,12,Muscle Gain,Lunch,0
16,Lentil Soup (Fakes),Greece,105,8,3,14,Muscle Gain,Lunch,0
16,Grilled Octopus,Greece,160,30,2,0,Muscle Gain,Lunch,1
16,Stuffed Grape Leaves,Greece,140,4,8,15,Muscle Gain,Lunch,0
16,Baked Cod with Herbs,Greece,110,22,2,0,Muscle Gain,Lunch,1
16,Chickpea Stew,Greece,130,7,4,18,Muscle Gain,Lunch,0
16,Roasted Eggplant Dip,Greece,75,2,5,7,Muscle Gain,Lunch,0
16,Shrimp Saganaki,Greece,140,18,6,4,Muscle Gain,Lunch,0
16,Lamb Chops (Trimmed),Greece,260,25,18,0,Muscle Gain,Dinner,1
16,Baked Sea Bream,Greece,130,22,4,0,Muscle Gain,Dinner,1
16,Chicken Gyro Plate (Lean),Greece,190,22,10,3,Muscle Gain,Dinner,1
16,Stuffed Peppers (Gemista),Greece,110,6,4,14,Muscle Gain,Dinner,0
16,Beef Stifado Stew,Greece,180,20,10,4,Muscle Gain,Dinner,1
16,Grilled Sardines,Greece,200,25,11,0,Muscle Gain,Dinner,1
16,Gigantes Plaki (Beans),Greece,125,7,4,16,Muscle Gain,Dinner,0
16,Roasted Chicken & Lemon,Greece,160,24,7,2,Muscle Gain,Dinner,1
16,Grilled Squid,Greece,95,18,2,1,Muscle Gain,Dinner,0
16,Vegetable Briam,Greece,85,2,5,9,Muscle Gain,Dinner,0
17,Shakshuka,Saudi Arabia,115,8,8,4,Maintenance,Breakfast,0
17,Foul Medames,Saudi Arabia,110,7,2,18,Maintenance,Breakfast,0
17,Sukkari Dates,Saudi Arabia,280,2,0.4,75,Maintenance,Breakfast,0
17,Labneh (Low Fat),Saudi Arabia,120,10,7,5,Maintenance,Breakfast,0
17,Whole Wheat Tamis,Saudi Arabia,240,8,2,48,Maintenance,Breakfast,0
17,Boiled Fava Beans,Saudi Arabia,110,8,1,19,Maintenance,Breakfast,0
17,Arabic Salad,Saudi Arabia,45,1,2,6,Maintenance,Breakfast,0
17,Egg and Tomato,Saudi Arabia,95,7,6,3,Maintenance,Breakfast,0
17,Grilled Halloumi,Saudi Arabia,320,21,24,2,Maintenance,Breakfast,1
17,Olive Bread,Saudi Arabia,250,7,9,35,Maintenance,Breakfast,0
17,Chicken Kabsa (Skinless),Saudi Arabia,170,12,6,20,Maintenance,Lunch,1
17,Lamb Mandi (Lean),Saudi Arabia,210,17,12,15,Maintenance,Lunch,1
17,Grilled Fish Sayadiya,Saudi Arabia,160,19,6,10,Maintenance,Lunch,1
17,Jareesh (Whole Wheat),Saudi Arabia,130,7,4,18,Maintenance,Lunch,0
17,Grilled Chicken Shish,Saudi Arabia,150,24,5,0,Maintenance,Lunch,1
17,Lentil Salad,Saudi Arabia,115,8,3,15,Maintenance,Lunch,0
17,Steamed Shrimp,Saudi Arabia,100,21,1,1,Maintenance,Lunch,1
17,Hummus (Plain),Saudi Arabia,160,8,10,14,Maintenance,Lunch,0
17,Roasted Eggplant,Saudi Arabia,70,1,4,8,Maintenance,Lunch,0
17,Okra Stew (Bamia),Saudi Arabia,85,3,4,10,Maintenance,Lunch,0
17,Grilled Lamb Chops,Saudi Arabia,240,25,16,0,Maintenance,Dinner,0
17,Chicken Shawarma Plate,Saudi Arabia,180,20,9,2,Maintenance,Dinner,1
17,Vegetable Harees,Saudi Arabia,110,5,2,18,Maintenance,Dinner,0
17,Baked Sea Bream,Saudi Arabia,130,20,5,0,Maintenance,Dinner,1
17,Kousa Mahshi (Squash),Saudi Arabia,90,5,3,12,Maintenance,Dinner,0
17,Arabic Lentil Soup,Saudi Arabia,70,5,1,11,Maintenance,Dinner,0
17,Mutabbaq (Veggie),Saudi Arabia,180,8,10,15,Maintenance,Dinner,0
17,Grilled Octopus,Saudi Arabia,160,30,2,0,Maintenance,Dinner,0
17,Stuffed Bell Peppers,Saudi Arabia,110,6,4,13,Maintenance,Dinner,0
17,Mutton Kofta,Saudi Arabia,220,24,13,1,Maintenance,Dinner,1
18,Huevos Rancheros,Mexico,165,8,11,12,Muscle Gain,Breakfast,0
18,Chilaquiles (Baked),Mexico,190,6,10,22,Muscle Gain,Breakfast,0
18,Pork Tamales,Mexico,230,9,14,20,Muscle Gain,Breakfast,0
18,Molletes (Whole Wheat),Mexico,200,10,7,25,Muscle Gain,Breakfast,0
18,Fruit Salad with Lime,Mexico,55,1,0.5,13,Muscle Gain,Breakfast,0
18,Scrambled Eggs with Salsa,Mexico,140,10,11,2,Muscle Gain,Breakfast,0
18,Refried Black Beans,Mexico,120,7,3,16,Muscle Gain,Breakfast,0
18,Mexican Papaya,Mexico,43,0.5,0.1,11,Muscle Gain,Breakfast,0
18,Nopalitos (Cactus Eggs),Mexico,90,6,6,4,Muscle Gain,Breakfast,0
18,Oatmeal with Cinnamon,Mexico,110,4,2,18,Muscle Gain,Breakfast,0
18,Tacos al Pastor (Lean),Mexico,200,14,9,16,Muscle Gain,Lunch,0
18,Chicken Enchiladas,Mexico,185,12,10,14,Muscle Gain,Lunch,0
18,Pozole Soup (Chicken),Mexico,105,9,3,11,Muscle Gain,Lunch,0
18,Chicken Mole (Lean),Mexico,220,16,12,13,Muscle Gain,Lunch,0
18,Fish Ceviche,Mexico,95,15,2,5,Muscle Gain,Lunch,0
18,Grilled Shrimp Tacos,Mexico,160,14,6,14,Muscle Gain,Lunch,0
18,Black Bean Soup,Mexico,90,6,1,16,Muscle Gain,Lunch,0
18,Guacamole & Jicama,Mexico,120,2,10,8,Muscle Gain,Lunch,0
18,Fajita Chicken Salad,Mexico,140,20,6,5,Muscle Gain,Lunch,1
18,Grilled Corn (Elote),Mexico,150,4,6,25,Muscle Gain,Lunch,0
18,Pork Carnitas (Lean),Mexico,240,22,16,0,Muscle Gain,Dinner,1
18,Cheese Quesadilla (WW),Mexico,270,12,16,22,Muscle Gain,Dinner,0
18,Chile Relleno (Baked),Mexico,170,8,11,10,Muscle Gain,Dinner,0
18,Carne Asada,Mexico,210,26,12,0,Muscle Gain,Dinner,1
18,Tortilla Soup,Mexico,110,6,6,9,Muscle Gain,Dinner,0
18,Baked Red Snapper,Mexico,120,24,3,0,Muscle Gain,Dinner,1
18,Beef Barbacoa,Mexico,200,22,12,2,Muscle Gain,Dinner,1
18,Grilled Vegetables,Mexico,70,2,4,8,Muscle Gain,Dinner,0
18,Turkey Tostadas,Mexico,180,15,8,14,Muscle Gain,Dinner,0
18,Lentil Sopa,Mexico,100,7,2,15,Muscle Gain,Dinner,0
19,Greek Yogurt (Fat Free),USA,59,10,0.4,3.6,Maintenance,Breakfast,0
19,Steel Cut Oats,USA,70,3,1.5,12,Maintenance,Breakfast,0
19,Scrambled Egg Whites,USA,52,11,0.2,0.7,Maintenance,Breakfast,1
19,Whole Grain Toast,USA,250,12,4,42,Maintenance,Breakfast,1
19,Blueberries,USA,57,0.7,0.3,14,Maintenance,Breakfast,0
19,Turkey Bacon,USA,230,20,15,1,Maintenance,Breakfast,1
19,Cottage Cheese,USA,98,11,4,3,Maintenance,Breakfast,1
19,Avocado Toast,USA,160,4,12,12,Maintenance,Breakfast,0
19,Peanut Butter on Apple,USA,110,3,8,10,Maintenance,Breakfast,0
19,Green Smoothie,USA,50,2,0.5,10,Maintenance,Breakfast,0
19,Grilled Chicken Breast,USA,165,31,3.6,0,Maintenance,Lunch,0
19,Tuna Salad (Light),USA,120,20,4,0,Maintenance,Lunch,1
19,Turkey Sandwich (WW),USA,190,15,6,20,Maintenance,Lunch,1
19,Quinoa Veggie Bowl,USA,140,5,3,22,Maintenance,Lunch,0
19,Grilled Salmon,USA,200,22,12,0,Maintenance,Lunch,1
19,Spinach Salad,USA,23,3,0.4,3.6,Maintenance,Lunch,0
19,Lentil Soup,USA,116,9,0.4,20,Maintenance,Lunch,0
19,Roast Beef (Lean),USA,150,25,5,0,Maintenance,Lunch,0
19,Steam Broccoli,USA,35,3,0.4,7,Maintenance,Lunch,0
19,Chickpea Salad,USA,160,8,6,18,Maintenance,Lunch,0
19,Baked Cod,USA,105,23,0.9,0,Maintenance,Dinner,1
19,Roasted Turkey Breast,USA,140,29,2,0,Maintenance,Dinner,0
19,Sirloin Steak (Lean),USA,240,27,14,0,Maintenance,Dinner,0
19,Grilled Asparagus,USA,20,2,0.1,4,Maintenance,Dinner,0
19,Baked Sweet Potato,USA,86,1.6,0.1,20,Maintenance,Dinner,0
19,Spaghetti Squash,USA,31,0.6,0.6,7,Maintenance,Dinner,0
19,Venison Roast,USA,150,30,3,0,Maintenance,Dinner,0
19,Boiled Shrimp,USA,99,24,0.3,0,Maintenance,Dinner,1
19,Chicken Noodle Soup,USA,40,3,1,5,Maintenance,Dinner,0
19,Tofu Stir Fry,USA,100,10,5,4,Maintenance,Dinner,0
20,Steamed Shrimp Dim Sum,China,160,9,6,18,Weight Loss,Breakfast,0
20,Rice Congee (Plain),China,50,1,0.2,11,Weight Loss,Breakfast,1
20,Pork Baozi (Steamed),China,230,10,8,30,Weight Loss,Breakfast,0
20,Scallion Pancake,China,280,5,14,34,Weight Loss,Breakfast,0
20,Soy Milk (Unsweetened),China,35,3,2,2,Weight Loss,Breakfast,1
20,Tea Leaf Egg,China,155,13,11,1,Weight Loss,Breakfast,0
20,Wonton Soup,China,80,5,3,9,Weight Loss,Breakfast,1
20,Steamed Rice Rolls,China,140,3,0.5,31,Weight Loss,Breakfast,1
20,Millet Porridge,China,60,2,1,12,Weight Loss,Breakfast,1
20,Red Bean Bun,China,250,6,4,48,Weight Loss,Breakfast,0
20,Kung Pao Chicken (Lean),China,180,16,11,7,Weight Loss,Lunch,0
20,Mapo Tofu (Low Fat),China,115,9,7,4,Weight Loss,Lunch,1
20,Beef and Broccoli,China,130,14,6,6,Weight Loss,Lunch,1
20,Steamed Sea Bass,China,110,21,3,0,Weight Loss,Lunch,1
20,Buddha's Delight (Veg),China,80,4,3,10,Weight Loss,Lunch,1
20,Chicken Cashew Nut,China,200,18,12,8,Weight Loss,Lunch,0
20,Hot and Sour Soup,China,65,4,3,7,Weight Loss,Lunch,1
20,Shrimp Fried Rice (Small),China,170,7,5,24,Weight Loss,Lunch,0
20,Stir Fried Spinach,China,45,3,2,4,Weight Loss,Lunch,1
20,Chicken Dumplings,China,190,12,8,18,Weight Loss,Lunch,0
20,Peking Duck (No Skin),China,220,25,13,0,Weight Loss,Dinner,0
20,Twice Cooked Pork (Lean),China,240,20,17,3,Weight Loss,Dinner,0
20,Szechuan Fish,China,150,18,8,2,Weight Loss,Dinner,1
20,Ants Climbing a Tree,China,210,12,11,16,Weight Loss,Dinner,0
20,Bitter Melon with Egg,China,90,6,6,4,Weight Loss,Dinner,1
20,Lemon Chicken (Baked),China,180,21,8,7,Weight Loss,Dinner,0
20,Bok Choy with Garlic,China,35,2,2,3,Weight Loss,Dinner,1
20,Ma Po Eggplant,China,100,2,7,8,Weight Loss,Dinner,1
20,Braised Beef Noodle,China,160,10,6,16,Weight Loss,Dinner,0
20,Egg Drop Soup,China,40,2,3,2,Weight Loss,Dinner,1
21,Menemen (Eggs),Turkey,120,7,9,4,Weight Loss,Breakfast,1
21,Simit (Sesame Bread),Turkey,270,9,5,50,Weight Loss,Breakfast,0
21,White Cheese (Feta),Turkey,260,18,20,2,Weight Loss,Breakfast,0
21,Olives and Tomatoes,Turkey,80,1,8,3,Weight Loss,Breakfast,1
21,Honey and Kaymak,Turkey,350,2,25,30,Weight Loss,Breakfast,0
21,Sucuk (Small Portion),Turkey,330,14,30,2,Weight Loss,Breakfast,0
21,Boiled Egg & Parsley,Turkey,145,12,10,1,Weight Loss,Breakfast,1
21,Tahini & Molasses,Turkey,400,10,25,38,Weight Loss,Breakfast,0
21,Acuka (Nut Spread),Turkey,250,5,22,10,Weight Loss,Breakfast,0
21,Cucumber with Dill,Turkey,20,1,0.1,4,Weight Loss,Breakfast,1
21,Doner Kebab (Chicken Lean),Turkey,180,20,10,4,Weight Loss,Lunch,0
21,Lentil Soup (Mercimek),Turkey,75,5,1,12,Weight Loss,Lunch,1
21,Lahmacun (One Piece),Turkey,190,9,8,22,Weight Loss,Lunch,0
21,Bulgur Pilaf,Turkey,120,4,1,25,Weight Loss,Lunch,1
21,Cacik (Yogurt Dip),Turkey,50,4,2,4,Weight Loss,Lunch,1
21,Kofte (Grilled Meatball),Turkey,220,24,13,2,Weight Loss,Lunch,0
21,Vegetable Pide,Turkey,240,8,9,32,Weight Loss,Lunch,0
21,Stuffed Eggplant,Turkey,110,2,8,10,Weight Loss,Lunch,1
21,Shepherd Salad,Turkey,40,1,2,5,Weight Loss,Lunch,1
21,Chicken Shish Kebab,Turkey,155,24,6,0,Weight Loss,Lunch,0
21,Lamb Shish Kebab,Turkey,230,25,14,0,Weight Loss,Dinner,0
21,Baked Sea Bass,Turkey,130,23,4,0,Weight Loss,Dinner,1
21,Beef Manti (Small Portion),Turkey,200,11,9,20,Weight Loss,Dinner,0
21,Iskender (Lean Meat),Turkey,240,18,16,10,Weight Loss,Dinner,0
21,Okra Stew with Lamb,Turkey,120,12,7,4,Weight Loss,Dinner,1
21,Borek (Spinach/Cheese),Turkey,300,10,18,26,Weight Loss,Dinner,0
21,Kurnu Yaruk (Eggplant),Turkey,140,10,10,4,Weight Loss,Dinner,1
21,Grilled Quail,Turkey,200,25,11,0,Weight Loss,Dinner,0
21,White Bean Stew,Turkey,125,8,3,17,Weight Loss,Dinner,1
21,Stuffed Cabbage Rolls,Turkey,135,9,7,10,Weight Loss,Dinner,1
22,Grilled Mackerel,Japan,230,21,15,0,Weight Loss,Breakfast,0
22,Miso Soup,Japan,35,3,1,4,Weight Loss,Breakfast,1
22,Natto (Fermented Soy),Japan,210,18,11,14,Weight Loss,Breakfast,0
22,Tamagoyaki,Japan,150,10,10,4,Weight Loss,Breakfast,1
22,Boiled White Rice,Japan,130,3,0.3,28,Weight Loss,Breakfast,1
22,Steamed Tofu,Japan,80,8,4,2,Weight Loss,Breakfast,1
22,Pickled Vegetables,Japan,20,1,0.1,4,Weight Loss,Breakfast,1
22,Green Tea,Japan,1,0.1,0,0,Weight Loss,Breakfast,1
22,Onigiri (Tuna),Japan,170,5,1,35,Weight Loss,Breakfast,0
22,Dried Seaweed,Japan,35,6,0.5,5,Weight Loss,Breakfast,1
22,Salmon Sushi,Japan,145,7,2,24,Weight Loss,Lunch,1
22,Tuna Sashimi,Japan,105,23,0.5,0,Weight Loss,Lunch,1
22,Ramen (Shoyu),Japan,160,6,7,20,Weight Loss,Lunch,0
22,Vegetable Tempura,Japan,220,3,14,22,Weight Loss,Lunch,0
22,Cold Soba Noodles,Japan,115,5,1,22,Weight Loss,Lunch,1
22,Chicken Yakitori,Japan,160,20,8,1,Weight Loss,Lunch,0
22,Chawanmushi (Egg),Japan,90,7,6,2,Weight Loss,Lunch,1
22,Edamame,Japan,122,11,5,10,Weight Loss,Lunch,1
22,Salmon Teriyaki,Japan,190,21,9,6,Weight Loss,Lunch,0
22,Beef Tataki,Japan,130,22,4,1,Weight Loss,Lunch,1
22,Chicken Teriyaki,Japan,175,20,7,8,Weight Loss,Dinner,0
22,Beef Gyudon (Lean),Japan,195,12,10,18,Weight Loss,Dinner,0
22,Unagi (Grilled Eel),Japan,285,22,18,10,Weight Loss,Dinner,0
22,Boiled Spinach (Gomae),Japan,45,3,2,4,Weight Loss,Dinner,1
22,Beef Shabu Shabu,Japan,140,18,6,2,Weight Loss,Dinner,1
22,Miso Glazed Cod,Japan,160,20,7,5,Weight Loss,Dinner,0
22,Stir Fried Squid,Japan,100,18,2,2,Weight Loss,Dinner,1
22,Clear Clam Soup,Japan,30,4,0.5,2,Weight Loss,Dinner,1
22,Oden (Simmered),Japan,90,7,3,8,Weight Loss,Dinner,1
22,Japanese Chicken Curry,Japan,150,9,7,14,Weight Loss,Dinner,1
23,Greek Yogurt & Honey,Greece,115,9,4,12,Muscle Gain,Breakfast,0
23,Spanakopita (Baked),Greece,240,7,15,20,Muscle Gain,Breakfast,0
23,Boiled Egg & Olives,Greece,180,10,15,2,Muscle Gain,Breakfast,0
23,Whole Wheat Rusks,Greece,310,10,3,62,Muscle Gain,Breakfast,0
23,Feta Cheese Omelette,Greece,190,13,15,1,Muscle Gain,Breakfast,0
23,Fresh Figs,Greece,74,1,0.3,19,Muscle Gain,Breakfast,0
23,Tahini on Toast,Greece,280,9,18,22,Muscle Gain,Breakfast,0
23,Cucumber and Tomato,Greece,25,1,0.2,5,Muscle Gain,Breakfast,0
23,Baked Rice Pudding,Greece,130,4,3,22,Muscle Gain,Breakfast,0
23,Grapefruit with Mint,Greece,42,0.8,0.1,11,Muscle Gain,Breakfast,0
23,Greek Salad (Horiatiki),Greece,110,4,9,5,Muscle Gain,Lunch,0
23,Chicken Souvlaki,Greece,160,24,6,1,Muscle Gain,Lunch,1
23,Moussaka (Healthy Style),Greece,180,10,11,12,Muscle Gain,Lunch,0
23,Lentil Soup (Fakes),Greece,105,8,3,14,Muscle Gain,Lunch,0
23,Grilled Octopus,Greece,160,30,2,0,Muscle Gain,Lunch,1
23,Stuffed Grape Leaves,Greece,140,4,8,15,Muscle Gain,Lunch,0
23,Baked Cod with Herbs,Greece,110,22,2,0,Muscle Gain,Lunch,1
23,Chickpea Stew,Greece,130,7,4,18,Muscle Gain,Lunch,0
23,Roasted Eggplant Dip,Greece,75,2,5,7,Muscle Gain,Lunch,0
23,Shrimp Saganaki,Greece,140,18,6,4,Muscle Gain,Lunch,0
23,Lamb Chops (Trimmed),Greece,260,25,18,0,Muscle Gain,Dinner,1
23,Baked Sea Bream,Greece,130,22,4,0,Muscle Gain,Dinner,1
23,Chicken Gyro Plate (Lean),Greece,190,22,10,3,Muscle Gain,Dinner,1
23,Stuffed Peppers (Gemista),Greece,110,6,4,14,Muscle Gain,Dinner,0
23,Beef Stifado Stew,Greece,180,20,10,4,Muscle Gain,Dinner,1
23,Grilled Sardines,Greece,200,25,11,0,Muscle Gain,Dinner,1
23,Gigantes Plaki (Beans),Greece,125,7,4,16,Muscle Gain,Dinner,0
23,Roasted Chicken & Lemon,Greece,160,24,7,2,Muscle Gain,Dinner,1
23,Grilled Squid,Greece,95,18,2,1,Muscle Gain,Dinner,0
23,Vegetable Briam,Greece,85,2,5,9,Muscle Gain,Dinner,0
24,Masala Dosa,India,170,4,7,26,Muscle Gain,Breakfast,0
24,Poha,India,160,3,4,28,Muscle Gain,Breakfast,0
24,Idli,India,130,4,0.5,28,Muscle Gain,Breakfast,0
24,Upma,India,180,5,8,25,Muscle Gain,Breakfast,0
24,Sprouted Moong,India,105,7,0.5,19,Muscle Gain,Breakfast,0
24,Oatmeal Upma,India,140,5,4,22,Muscle Gain,Breakfast,0
24,Egg Bhurji,India,160,12,11,2,Muscle Gain,Breakfast,0
24,Dhokla,India,160,6,4,26,Muscle Gain,Breakfast,0
24,Fruit Salad,India,50,1,0.3,12,Muscle Gain,Breakfast,0
24,Almonds and Walnuts,India,600,20,52,18,Muscle Gain,Breakfast,1
24,Palak Paneer,India,160,9,12,6,Muscle Gain,Lunch,0
24,Chicken Biryani (Lean),India,195,12,8,23,Muscle Gain,Lunch,0
24,Rajma (Kidney Beans),India,135,6,3,24,Muscle Gain,Lunch,0
24,Fish Curry,India,145,15,8,4,Muscle Gain,Lunch,0
24,Mixed Vegetable Curry,India,110,3,6,12,Muscle Gain,Lunch,0
24,Dal Tadka,India,115,7,4,15,Muscle Gain,Lunch,0
24,Curd Rice,India,130,3,4,20,Muscle Gain,Lunch,0
24,Tandoori Fish,India,120,20,4,1,Muscle Gain,Lunch,1
24,Millet Roti,India,250,8,2,50,Muscle Gain,Lunch,0
24,Cabbage Sabzi,India,60,2,3,8,Muscle Gain,Lunch,0
24,Tandoori Chicken,India,150,24,5,1,Muscle Gain,Dinner,1
24,Yellow Moong Dal,India,100,7,2,14,Muscle Gain,Dinner,0
24,Roasted Baingan Bharta,India,80,2,5,8,Muscle Gain,Dinner,0
24,Lean Mutton Curry,India,210,18,14,4,Muscle Gain,Dinner,0
24,Stir Fried Paneer,India,230,18,16,4,Muscle Gain,Dinner,0
24,Soybean Curry,India,150,14,7,10,Muscle Gain,Dinner,0
24,Lauki Sabzi,India,45,1,2,6,Muscle Gain,Dinner,0
24,Chicken Saag,India,140,18,7,4,Muscle Gain,Dinner,0
24,Boiled Brown Rice,India,110,3,1,23,Muscle Gain,Dinner,0
24,Kadhai Mushroom,India,100,4,7,6,Muscle Gain,Dinner,0
25,Huevos Rancheros,Mexico,165,8,11,12,Muscle Gain,Breakfast,0
25,Chilaquiles (Baked),Mexico,190,6,10,22,Muscle Gain,Breakfast,0
25,Pork Tamales,Mexico,230,9,14,20,Muscle Gain,Breakfast,0
25,Molletes (Whole Wheat),Mexico,200,10,7,25,Muscle Gain,Breakfast,0
25,Fruit Salad with Lime,Mexico,55,1,0.5,13,Muscle Gain,Breakfast,0
25,Scrambled Eggs with Salsa,Mexico,140,10,11,2,Muscle Gain,Breakfast,0
25,Refried Black Beans,Mexico,120,7,3,16,Muscle Gain,Breakfast,0
25,Mexican Papaya,Mexico,43,0.5,0.1,11,Muscle Gain,Breakfast,0
25,Nopalitos (Cactus Eggs),Mexico,90,6,6,4,Muscle Gain,Breakfast,0
25,Oatmeal with Cinnamon,Mexico,110,4,2,18,Muscle Gain,Breakfast,0
25,Tacos al Pastor (Lean),Mexico,200,14,9,16,Muscle Gain,Lunch,0
25,Chicken Enchiladas,Mexico,185,12,10,14,Muscle Gain,Lunch,0
25,Pozole Soup (Chicken),Mexico,105,9,3,11,Muscle Gain,Lunch,0
25,Chicken Mole (Lean),Mexico,220,16,12,13,Muscle Gain,Lunch,0
25,Fish Ceviche,Mexico,95,15,2,5,Muscle Gain,Lunch,0
25,Grilled Shrimp Tacos,Mexico,160,14,6,14,Muscle Gain,Lunch,0
25,Black Bean Soup,Mexico,90,6,1,16,Muscle Gain,Lunch,0
25,Guacamole & Jicama,Mexico,120,2,10,8,Muscle Gain,Lunch,0
25,Fajita Chicken Salad,Mexico,140,20,6,5,Muscle Gain,Lunch,1
25,Grilled Corn (Elote),Mexico,150,4,6,25,Muscle Gain,Lunch,0
25,Pork Carnitas (Lean),Mexico,240,22,16,0,Muscle Gain,Dinner,1
25,Cheese Quesadilla (WW),Mexico,270,12,16,22,Muscle Gain,Dinner,0
25,Chile Relleno (Baked),Mexico,170,8,11,10,Muscle Gain,Dinner,0
25,Carne Asada,Mexico,210,26,12,0,Muscle Gain,Dinner,1
25,Tortilla Soup,Mexico,110,6,6,9,Muscle Gain,Dinner,0
25,Baked Red Snapper,Mexico,120,24,3,0,Muscle Gain,Dinner,1
25,Beef Barbacoa,Mexico,200,22,12,2,Muscle Gain,Dinner,1
25,Grilled Vegetables,Mexico,70,2,4,8,Muscle Gain,Dinner,0
25,Turkey Tostadas,Mexico,180,15,8,14,Muscle Gain,Dinner,0
25,Lentil Sopa,Mexico,100,7,2,15,Muscle Gain,Dinner,0
26,Huevos Rancheros,Mexico,165,8,11,12,Muscle Gain,Breakfast,0
26,Chilaquiles (Baked),Mexico,190,6,10,22,Muscle Gain,Breakfast,0
26,Pork Tamales,Mexico,230,9,14,20,Muscle Gain,Breakfast,0
26,Molletes (Whole Wheat),Mexico,200,10,7,25,Muscle Gain,Breakfast,0
26,Fruit Salad with Lime,Mexico,55,1,0.5,13,Muscle Gain,Breakfast,0
26,Scrambled Eggs with Salsa,Mexico,140,10,11,2,Muscle Gain,Breakfast,0
26,Refried Black Beans,Mexico,120,7,3,16,Muscle Gain,Breakfast,0
26,Mexican Papaya,Mexico,43,0.5,0.1,11,Muscle Gain,Breakfast,0
26,Nopalitos (Cactus Eggs),Mexico,90,6,6,4,Muscle Gain,Breakfast,0
26,Oatmeal with Cinnamon,Mexico,110,4,2,18,Muscle Gain,Breakfast,0
26,Tacos al Pastor (Lean),Mexico,200,14,9,16,Muscle Gain,Lunch,0
26,Chicken Enchiladas,Mexico,185,12,10,14,Muscle Gain,Lunch,0
26,Pozole Soup (Chicken),Mexico,105,9,3,11,Muscle Gain,Lunch,0
26,Chicken Mole (Lean),Mexico,220,16,12,13,Muscle Gain,Lunch,0
26,Fish Ceviche,Mexico,95,15,2,5,Muscle Gain,Lunch,0
26,Grilled Shrimp Tacos,Mexico,160,14,6,14,Muscle Gain,Lunch,0
26,Black Bean Soup,Mexico,90,6,1,16,Muscle Gain,Lunch,0
26,Guacamole & Jicama,Mexico,120,2,10,8,Muscle Gain,Lunch,0
26,Fajita Chicken Salad,Mexico,140,20,6,5,Muscle Gain,Lunch,1
26,Grilled Corn (Elote),Mexico,150,4,6,25,Muscle Gain,Lunch,0
26,Pork Carnitas (Lean),Mexico,240,22,16,0,Muscle Gain,Dinner,1
26,Cheese Quesadilla (WW),Mexico,270,12,16,22,Muscle Gain,Dinner,0
26,Chile Relleno (Baked),Mexico,170,8,11,10,Muscle Gain,Dinner,0
26,Carne Asada,Mexico,210,26,12,0,Muscle Gain,Dinner,1
26,Tortilla Soup,Mexico,110,6,6,9,Muscle Gain,Dinner,0
26,Baked Red Snapper,Mexico,120,24,3,0,Muscle Gain,Dinner,1
26,Beef Barbacoa,Mexico,200,22,12,2,Muscle Gain,Dinner,1
26,Grilled Vegetables,Mexico,70,2,4,8,Muscle Gain,Dinner,0
26,Turkey Tostadas,Mexico,180,15,8,14,Muscle Gain,Dinner,0
26,Lentil Sopa,Mexico,100,7,2,15,Muscle Gain,Dinner,0
27,Greek Yogurt (Fat Free),USA,59,10,0.4,3.6,Weight Loss,Breakfast,1
27,Steel Cut Oats,USA,70,3,1.5,12,Weight Loss,Breakfast,1
27,Scrambled Egg Whites,USA,52,11,0.2,0.7,Weight Loss,Breakfast,1
27,Whole Grain Toast,USA,250,12,4,42,Weight Loss,Breakfast,0
27,Blueberries,USA,57,0.7,0.3,14,Weight Loss,Breakfast,1
27,Turkey Bacon,USA,230,20,15,1,Weight Loss,Breakfast,0
27,Cottage Cheese,USA,98,11,4,3,Weight Loss,Breakfast,1
27,Avocado Toast,USA,160,4,12,12,Weight Loss,Breakfast,0
27,Peanut Butter on Apple,USA,110,3,8,10,Weight Loss,Breakfast,1
27,Green Smoothie,USA,50,2,0.5,10,Weight Loss,Breakfast,1
27,Grilled Chicken Breast,USA,165,31,3.6,0,Weight Loss,Lunch,0
27,Tuna Salad (Light),USA,120,20,4,0,Weight Loss,Lunch,1
27,Turkey Sandwich (WW),USA,190,15,6,20,Weight Loss,Lunch,0
27,Quinoa Veggie Bowl,USA,140,5,3,22,Weight Loss,Lunch,1
27,Grilled Salmon,USA,200,22,12,0,Weight Loss,Lunch,0
27,Spinach Salad,USA,23,3,0.4,3.6,Weight Loss,Lunch,1
27,Lentil Soup,USA,116,9,0.4,20,Weight Loss,Lunch,1
27,Roast Beef (Lean),USA,150,25,5,0,Weight Loss,Lunch,1
27,Steam Broccoli,USA,35,3,0.4,7,Weight Loss,Lunch,1
27,Chickpea Salad,USA,160,8,6,18,Weight Loss,Lunch,0
27,Baked Cod,USA,105,23,0.9,0,Weight Loss,Dinner,1
27,Roasted Turkey Breast,USA,140,29,2,0,Weight Loss,Dinner,1
27,Sirloin Steak (Lean),USA,240,27,14,0,Weight Loss,Dinner,0
27,Grilled Asparagus,USA,20,2,0.1,4,Weight Loss,Dinner,1
27,Baked Sweet Potato,USA,86,1.6,0.1,20,Weight Loss,Dinner,1
27,Spaghetti Squash,USA,31,0.6,0.6,7,Weight Loss,Dinner,1
27,Venison Roast,USA,150,30,3,0,Weight Loss,Dinner,1
27,Boiled Shrimp,USA,99,24,0.3,0,Weight Loss,Dinner,1
27,Chicken Noodle Soup,USA,40,3,1,5,Weight Loss,Dinner,1
27,Tofu Stir Fry,USA,100,10,5,4,Weight Loss,Dinner,1
28,Menemen (Eggs),Turkey,120,7,9,4,Muscle Gain,Breakfast,0
28,Simit (Sesame Bread),Turkey,270,9,5,50,Muscle Gain,Breakfast,0
28,White Cheese (Feta),Turkey,260,18,20,2,Muscle Gain,Breakfast,0
28,Olives and Tomatoes,Turkey,80,1,8,3,Muscle Gain,Breakfast,0
28,Honey and Kaymak,Turkey,350,2,25,30,Muscle Gain,Breakfast,0
28,Sucuk (Small Portion),Turkey,330,14,30,2,Muscle Gain,Breakfast,0
28,Boiled Egg & Parsley,Turkey,145,12,10,1,Muscle Gain,Breakfast,0
28,Tahini & Molasses,Turkey,400,10,25,38,Muscle Gain,Breakfast,0
28,Acuka (Nut Spread),Turkey,250,5,22,10,Muscle Gain,Breakfast,0
28,Cucumber with Dill,Turkey,20,1,0.1,4,Muscle Gain,Breakfast,0
28,Doner Kebab (Chicken Lean),Turkey,180,20,10,4,Muscle Gain,Lunch,1
28,Lentil Soup (Mercimek),Turkey,75,5,1,12,Muscle Gain,Lunch,0
28,Lahmacun (One Piece),Turkey,190,9,8,22,Muscle Gain,Lunch,0
28,Bulgur Pilaf,Turkey,120,4,1,25,Muscle Gain,Lunch,0
28,Cacik (Yogurt Dip),Turkey,50,4,2,4,Muscle Gain,Lunch,0
28,Kofte (Grilled Meatball),Turkey,220,24,13,2,Muscle Gain,Lunch,1
28,Vegetable Pide,Turkey,240,8,9,32,Muscle Gain,Lunch,0
28,Stuffed Eggplant,Turkey,110,2,8,10,Muscle Gain,Lunch,0
28,Shepherd Salad,Turkey,40,1,2,5,Muscle Gain,Lunch,0
28,Chicken Shish Kebab,Turkey,155,24,6,0,Muscle Gain,Lunch,1
28,Lamb Shish Kebab,Turkey,230,25,14,0,Muscle Gain,Dinner,1
28,Baked Sea Bass,Turkey,130,23,4,0,Muscle Gain,Dinner,1
28,Beef Manti (Small Portion),Turkey,200,11,9,20,Muscle Gain,Dinner,0
28,Iskender (Lean Meat),Turkey,240,18,16,10,Muscle Gain,Dinner,0
28,Okra Stew with Lamb,Turkey,120,12,7,4,Muscle Gain,Dinner,0
28,Borek (Spinach/Cheese),Turkey,300,10,18,26,Muscle Gain,Dinner,0
28,Kurnu Yaruk (Eggplant),Turkey,140,10,10,4,Muscle Gain,Dinner,0
28,Grilled Quail,Turkey,200,25,11,0,Muscle Gain,Dinner,1
28,White Bean Stew,Turkey,125,8,3,17,Muscle Gain,Dinner,0
28,Stuffed Cabbage Rolls,Turkey,135,9,7,10,Muscle Gain,Dinner,0
29,Greek Yogurt & Honey,Greece,115,9,4,12,Muscle Gain,Breakfast,0
29,Spanakopita (Baked),Greece,240,7,15,20,Muscle Gain,Breakfast,0
29,Boiled Egg & Olives,Greece,180,10,15,2,Muscle Gain,Breakfast,0
29,Whole Wheat Rusks,Greece,310,10,3,62,Muscle Gain,Breakfast,0
29,Feta Cheese Omelette,Greece,190,13,15,1,Muscle Gain,Breakfast,0
29,Fresh Figs,Greece,74,1,0.3,19,Muscle Gain,Breakfast,0
29,Tahini on Toast,Greece,280,9,18,22,Muscle Gain,Breakfast,0
29,Cucumber and Tomato,Greece,25,1,0.2,5,Muscle Gain,Breakfast,0
29,Baked Rice Pudding,Greece,130,4,3,22,Muscle Gain,Breakfast,0
29,Grapefruit with Mint,Greece,42,0.8,0.1,11,Muscle Gain,Breakfast,0
29,Greek Salad (Horiatiki),Greece,110,4,9,5,Muscle Gain,Lunch,0
29,Chicken Souvlaki,Greece,160,24,6,1,Muscle Gain,Lunch,1
29,Moussaka (Healthy Style),Greece,180,10,11,12,Muscle Gain,Lunch,0
29,Lentil Soup (Fakes),Greece,105,8,3,14,Muscle Gain,Lunch,0
29,Grilled Octopus,Greece,160,30,2,0,Muscle Gain,Lunch,1
29,Stuffed Grape Leaves,Greece,140,4,8,15,Muscle Gain,Lunch,0
29,Baked Cod with Herbs,Greece,110,22,2,0,Muscle Gain,Lunch,1
29,Chickpea Stew,Greece,130,7,4,18,Muscle Gain,Lunch,0
29,Roasted Eggplant Dip,Greece,75,2,5,7,Muscle Gain,Lunch,0
29,Shrimp Saganaki,Greece,140,18,6,4,Muscle Gain,Lunch,0
29,Lamb Chops (Trimmed),Greece,260,25,18,0,Muscle Gain,Dinner,1
29,Baked Sea Bream,Greece,130,22,4,0,Muscle Gain,Dinner,1
29,Chicken Gyro Plate (Lean),Greece,190,22,10,3,Muscle Gain,Dinner,1
29,Stuffed Peppers (Gemista),Greece,110,6,4,14,Muscle Gain,Dinner,0
29,Beef Stifado Stew,Greece,180,20,10,4,Muscle Gain,Dinner,1
29,Grilled Sardines,Greece,200,25,11,0,Muscle Gain,Dinner,1
29,Gigantes Plaki (Beans),Greece,125,7,4,16,Muscle Gain,Dinner,0
29,Roasted Chicken & Lemon,Greece,160,24,7,2,Muscle Gain,Dinner,1
29,Grilled Squid,Greece,95,18,2,1,Muscle Gain,Dinner,0
29,Vegetable Briam,Greece,85,2,5,9,Muscle Gain,Dinner,0
30,Shakshuka,Saudi Arabia,115,8,8,4,Muscle Gain,Breakfast,0
30,Foul Medames,Saudi Arabia,110,7,2,18,Muscle Gain,Breakfast,0
30,Sukkari Dates,Saudi Arabia,280,2,0.4,75,Muscle Gain,Breakfast,0
30,Labneh (Low Fat),Saudi Arabia,120,10,7,5,Muscle Gain,Breakfast,0
30,Whole Wheat Tamis,Saudi Arabia,240,8,2,48,Muscle Gain,Breakfast,0
30,Boiled Fava Beans,Saudi Arabia,110,8,1,19,Muscle Gain,Breakfast,0
30,Arabic Salad,Saudi Arabia,45,1,2,6,Muscle Gain,Breakfast,0
30,Egg and Tomato,Saudi Arabia,95,7,6,3,Muscle Gain,Breakfast,0
30,Grilled Halloumi,Saudi Arabia,320,21,24,2,Muscle Gain,Breakfast,1
30,Olive Bread,Saudi Arabia,250,7,9,35,Muscle Gain,Breakfast,0
30,Chicken Kabsa (Skinless),Saudi Arabia,170,12,6,20,Muscle Gain,Lunch,0
30,Lamb Mandi (Lean),Saudi Arabia,210,17,12,15,Muscle Gain,Lunch,0
30,Grilled Fish Sayadiya,Saudi Arabia,160,19,6,10,Muscle Gain,Lunch,1
30,Jareesh (Whole Wheat),Saudi Arabia,130,7,4,18,Muscle Gain,Lunch,0
30,Grilled Chicken Shish,Saudi Arabia,150,24,5,0,Muscle Gain,Lunch,1
30,Lentil Salad,Saudi Arabia,115,8,3,15,Muscle Gain,Lunch,0
30,Steamed Shrimp,Saudi Arabia,100,21,1,1,Muscle Gain,Lunch,1
30,Hummus (Plain),Saudi Arabia,160,8,10,14,Muscle Gain,Lunch,0
30,Roasted Eggplant,Saudi Arabia,70,1,4,8,Muscle Gain,Lunch,0
30,Okra Stew (Bamia),Saudi Arabia,85,3,4,10,Muscle Gain,Lunch,0
30,Grilled Lamb Chops,Saudi Arabia,240,25,16,0,Muscle Gain,Dinner,1
30,Chicken Shawarma Plate,Saudi Arabia,180,20,9,2,Muscle Gain,Dinner,1
30,Vegetable Harees,Saudi Arabia,110,5,2,18,Muscle Gain,Dinner,0
30,Baked Sea Bream,Saudi Arabia,130,20,5,0,Muscle Gain,Dinner,1
30,Kousa Mahshi (Squash),Saudi Arabia,90,5,3,12,Muscle Gain,Dinner,0
30,Arabic Lentil Soup,Saudi Arabia,70,5,1,11,Muscle Gain,Dinner,0
30,Mutabbaq (Veggie),Saudi Arabia,180,8,10,15,Muscle Gain,Dinner,0
30,Grilled Octopus,Saudi Arabia,160,30,2,0,Muscle Gain,Dinner,1
30,Stuffed Bell Peppers,Saudi Arabia,110,6,4,13,Muscle Gain,Dinner,0
30,Mutton Kofta,Saudi Arabia,220,24,13,1,Muscle Gain,Dinner,1
31,Acai Bowl (Unsweetened),Brazil,100,2,5,14,Weight Loss,Breakfast,1
31,Pao de Queijo (Small),Brazil,310,6,18,34,Weight Loss,Breakfast,0
31,Tapioca with Cheese,Brazil,180,4,6,30,Weight Loss,Breakfast,0
31,Papaya Fruit,Brazil,43,0.5,0.1,11,Weight Loss,Breakfast,1
31,Bolo de Fuba (Corn),Brazil,320,5,14,45,Weight Loss,Breakfast,0
31,Grilled Pineapple,Brazil,50,0.5,0.2,13,Weight Loss,Breakfast,1
31,Scrambled Eggs (2),Brazil,145,12,10,1,Weight Loss,Breakfast,1
31,Whole Wheat Bread,Brazil,250,9,3,48,Weight Loss,Breakfast,0
31,Couscous (Nordestino),Brazil,110,4,0.5,23,Weight Loss,Breakfast,1
31,Fruit Smoothie,Brazil,60,2,0.5,12,Weight Loss,Breakfast,1
31,Feijoada (Lean Version),Brazil,170,14,9,10,Weight Loss,Lunch,0
31,Moqueca (Fish Stew),Brazil,150,12,9,6,Weight Loss,Lunch,1
31,Picanha (Lean Fat Cap),Brazil,240,25,15,0,Weight Loss,Lunch,0
31,Chicken Coxinha (Baked),Brazil,220,12,10,22,Weight Loss,Lunch,0
31,Rice and Black Beans,Brazil,130,6,1,25,Weight Loss,Lunch,1
31,Grilled Chicken Breast,Brazil,165,31,3.6,0,Weight Loss,Lunch,0
31,Shrimp Bobo,Brazil,180,15,11,8,Weight Loss,Lunch,0
31,Hearts of Palm Salad,Brazil,30,2,0.2,5,Weight Loss,Lunch,1
31,Roasted Pumpkin,Brazil,50,1,2,8,Weight Loss,Lunch,1
31,Farofa (Toasted Cassava),Brazil,350,3,12,60,Weight Loss,Lunch,0
31,Churrasco Skewer,Brazil,230,26,14,0,Weight Loss,Dinner,0
31,Baked Snapper,Brazil,120,23,3,0,Weight Loss,Dinner,1
31,Chicken Stroganoff,Brazil,190,16,12,7,Weight Loss,Dinner,0
31,Mandioka (Boiled Yuca),Brazil,160,1.5,0.3,38,Weight Loss,Dinner,0
31,Mixed Green Salad,Brazil,20,2,0.2,4,Weight Loss,Dinner,1
31,Grilled Lobster Tail,Brazil,110,22,2,1,Weight Loss,Dinner,1
31,Beef Kofta (Brazilian),Brazil,210,22,13,1,Weight Loss,Dinner,0
31,Sauteed Kale (Couve),Brazil,50,3,3,6,Weight Loss,Dinner,1
31,Garlic Shrimp,Brazil,130,20,5,2,Weight Loss,Dinner,1
31,Veggie Moqueca,Brazil,110,4,7,9,Weight Loss,Dinner,1
32,Greek Yogurt & Honey,Greece,115,9,4,12,Maintenance,Breakfast,0
32,Spanakopita (Baked),Greece,240,7,15,20,Maintenance,Breakfast,0
32,Boiled Egg & Olives,Greece,180,10,15,2,Maintenance,Breakfast,0
32,Whole Wheat Rusks,Greece,310,10,3,62,Maintenance,Breakfast,0
32,Feta Cheese Omelette,Greece,190,13,15,1,Maintenance,Breakfast,1
32,Fresh Figs,Greece,74,1,0.3,19,Maintenance,Breakfast,0
32,Tahini on Toast,Greece,280,9,18,22,Maintenance,Breakfast,0
32,Cucumber and Tomato,Greece,25,1,0.2,5,Maintenance,Breakfast,0
32,Baked Rice Pudding,Greece,130,4,3,22,Maintenance,Breakfast,0
32,Grapefruit with Mint,Greece,42,0.8,0.1,11,Maintenance,Breakfast,0
32,Greek Salad (Horiatiki),Greece,110,4,9,5,Maintenance,Lunch,0
32,Chicken Souvlaki,Greece,160,24,6,1,Maintenance,Lunch,1
32,Moussaka (Healthy Style),Greece,180,10,11,12,Maintenance,Lunch,0
32,Lentil Soup (Fakes),Greece,105,8,3,14,Maintenance,Lunch,0
32,Grilled Octopus,Greece,160,30,2,0,Maintenance,Lunch,0
32,Stuffed Grape Leaves,Greece,140,4,8,15,Maintenance,Lunch,0
32,Baked Cod with Herbs,Greece,110,22,2,0,Maintenance,Lunch,1
32,Chickpea Stew,Greece,130,7,4,18,Maintenance,Lunch,0
32,Roasted Eggplant Dip,Greece,75,2,5,7,Maintenance,Lunch,0
32,Shrimp Saganaki,Greece,140,18,6,4,Maintenance,Lunch,1
32,Lamb Chops (Trimmed),Greece,260,25,18,0,Maintenance,Dinner,0
32,Baked Sea Bream,Greece,130,22,4,0,Maintenance,Dinner,1
32,Chicken Gyro Plate (Lean),Greece,190,22,10,3,Maintenance,Dinner,1
32,Stuffed Peppers (Gemista),Greece,110,6,4,14,Maintenance,Dinner,0
32,Beef Stifado Stew,Greece,180,20,10,4,Maintenance,Dinner,1
32,Grilled Sardines,Greece,200,25,11,0,Maintenance,Dinner,0
32,Gigantes Plaki (Beans),Greece,125,7,4,16,Maintenance,Dinner,0
32,Roasted Chicken & Lemon,Greece,160,24,7,2,Maintenance,Dinner,1
32,Grilled Squid,Greece,95,18,2,1,Maintenance,Dinner,1
32,Vegetable Briam,Greece,85,2,5,9,Maintenance,Dinner,0
33,Ricotta with Berries,Italy,150,9,10,8,Weight Loss,Breakfast,1
33,Fresh Fruit Salad,Italy,50,1,0.3,12,Weight Loss,Breakfast,1
33,Whole Wheat Biscotti,Italy,380,8,12,60,Weight Loss,Breakfast,0
33,Greek Yogurt with Nuts,Italy,130,11,8,6,Weight Loss,Breakfast,1
33,Boiled Egg with Spinach,Italy,140,11,10,1,Weight Loss,Breakfast,1
33,Focaccia with Tomato,Italy,250,7,9,36,Weight Loss,Breakfast,0
33,Bruschetta (Tomato),Italy,180,4,6,28,Weight Loss,Breakfast,0
33,Baked Peaches,Italy,60,1,0.2,15,Weight Loss,Breakfast,1
33,Plain Cornetto,Italy,340,6,17,40,Weight Loss,Breakfast,0
33,Espresso with Milk,Italy,30,2,1,3,Weight Loss,Breakfast,1
33,Caprese Salad,Italy,170,9,14,3,Weight Loss,Lunch,0
33,Minestrone Soup,Italy,60,3,1,10,Weight Loss,Lunch,1
33,Mushroom Risotto,Italy,140,4,5,21,Weight Loss,Lunch,1
33,Pasta e Fagioli,Italy,150,7,3,24,Weight Loss,Lunch,1
33,Grilled Calamari,Italy,100,18,2,2,Weight Loss,Lunch,1
33,Tuna & White Bean Salad,Italy,160,15,8,10,Weight Loss,Lunch,0
33,Whole Wheat Margherita,Italy,220,10,8,28,Weight Loss,Lunch,0
33,Lentil Pasta,Italy,180,12,2,30,Weight Loss,Lunch,0
33,Seafood Pasta (Lean),Italy,160,14,4,18,Weight Loss,Lunch,0
33,Roasted Eggplant,Italy,75,2,5,7,Weight Loss,Lunch,1
33,Grilled Branzino,Italy,120,23,3,0,Weight Loss,Dinner,1
33,Osso Buco (Lean),Italy,180,22,10,3,Weight Loss,Dinner,0
33,Chicken Piccata,Italy,175,21,9,4,Weight Loss,Dinner,0
33,Veal Marsala (Lean),Italy,200,24,10,5,Weight Loss,Dinner,0
33,Baked Sea Bream,Italy,130,22,4,0,Weight Loss,Dinner,1
33,Bresaola with Arugula,Italy,150,25,4,2,Weight Loss,Dinner,1
33,Stuffed Zucchini,Italy,110,6,5,12,Weight Loss,Dinner,1
33,Tomato Basil Cod,Italy,105,22,1,2,Weight Loss,Dinner,1
33,Beef Tagliata,Italy,210,26,12,0,Weight Loss,Dinner,0
33,Vegetable Lasagna,Italy,160,8,7,18,Weight Loss,Dinner,0
34,Pan con Tomate,Spain,180,5,8,24,Muscle Gain,Breakfast,0
34,Spanish Tortilla (Lean),Spain,160,6,10,12,Muscle Gain,Breakfast,0
34,Fresh Orange Juice,Spain,45,1,0.1,10,Muscle Gain,Breakfast,0
34,Manchego & Grapes,Spain,210,12,15,8,Muscle Gain,Breakfast,0
34,Boiled Egg with Ham,Spain,200,18,14,1,Muscle Gain,Breakfast,0
34,Greek Yogurt with Figs,Spain,120,8,4,14,Muscle Gain,Breakfast,0
34,Whole Wheat Toast & Oil,Spain,260,8,10,34,Muscle Gain,Breakfast,0
34,Grilled Peaches,Spain,60,1,0.2,15,Muscle Gain,Breakfast,0
34,Ensaimada (Small),Spain,360,6,18,45,Muscle Gain,Breakfast,0
34,Churros (Plain),Spain,340,4,20,38,Muscle Gain,Breakfast,0
34,Seafood Paella,Spain,165,10,5,22,Muscle Gain,Lunch,0
34,Gazpacho Soup,Spain,50,1,3,5,Muscle Gain,Lunch,0
34,Grilled Hake Fish,Spain,110,22,2,0,Muscle Gain,Lunch,1
34,Lentil Stew (Lentejas),Spain,120,8,4,15,Muscle Gain,Lunch,0
34,Jamon Iberico (Lean),Spain,310,32,20,0,Muscle Gain,Lunch,1
34,Russian Salad (Lean),Spain,180,5,12,14,Muscle Gain,Lunch,0
34,Grilled Squid (Sepia),Spain,100,18,2,2,Muscle Gain,Lunch,0
34,Chickpea & Spinach,Spain,140,7,6,15,Muscle Gain,Lunch,0
34,Salmorejo Soup,Spain,95,3,6,9,Muscle Gain,Lunch,0
34,Pisto Manchego (Veg),Spain,85,2,5,9,Muscle Gain,Lunch,0
34,Gambas al Ajillo,Spain,140,20,7,2,Muscle Gain,Dinner,1
34,Roasted Chicken Breast,Spain,165,31,4,0,Muscle Gain,Dinner,1
34,Baked Sea Bream,Spain,130,22,4,0,Muscle Gain,Dinner,1
34,Grilled Pork Loin,Spain,170,26,7,0,Muscle Gain,Dinner,1
34,Spanish Meatballs (Lean),Spain,210,18,12,8,Muscle Gain,Dinner,0
34,Stuffed Mushrooms,Spain,110,5,8,6,Muscle Gain,Dinner,0
34,Grilled Asparagus,Spain,25,2,0.1,4,Muscle Gain,Dinner,0
34,Baked Cod with Tomato,Spain,105,22,1,2,Muscle Gain,Dinner,1
34,Beef tenderloin,Spain,220,28,12,0,Muscle Gain,Dinner,1
34,Seafood Zarzuela,Spain,150,20,6,4,Muscle Gain,Dinner,1
35,Huevos Rancheros,Mexico,165,8,11,12,Muscle Gain,Breakfast,0
35,Chilaquiles (Baked),Mexico,190,6,10,22,Muscle Gain,Breakfast,0
35,Pork Tamales,Mexico,230,9,14,20,Muscle Gain,Breakfast,0
35,Molletes (Whole Wheat),Mexico,200,10,7,25,Muscle Gain,Breakfast,0
35,Fruit Salad with Lime,Mexico,55,1,0.5,13,Muscle Gain,Breakfast,0
35,Scrambled Eggs with Salsa,Mexico,140,10,11,2,Muscle Gain,Breakfast,0
35,Refried Black Beans,Mexico,120,7,3,16,Muscle Gain,Breakfast,0
35,Mexican Papaya,Mexico,43,0.5,0.1,11,Muscle Gain,Breakfast,0
35,Nopalitos (Cactus Eggs),Mexico,90,6,6,4,Muscle Gain,Breakfast,0
35,Oatmeal with Cinnamon,Mexico,110,4,2,18,Muscle Gain,Breakfast,0
35,Tacos al Pastor (Lean),Mexico,200,14,9,16,Muscle Gain,Lunch,0
35,Chicken Enchiladas,Mexico,185,12,10,14,Muscle Gain,Lunch,0
35,Pozole Soup (Chicken),Mexico,105,9,3,11,Muscle Gain,Lunch,0
35,Chicken Mole (Lean),Mexico,220,16,12,13,Muscle Gain,Lunch,0
35,Fish Ceviche,Mexico,95,15,2,5,Muscle Gain,Lunch,0
35,Grilled Shrimp Tacos,Mexico,160,14,6,14,Muscle Gain,Lunch,0
35,Black Bean Soup,Mexico,90,6,1,16,Muscle Gain,Lunch,0
35,Guacamole & Jicama,Mexico,120,2,10,8,Muscle Gain,Lunch,0
35,Fajita Chicken Salad,Mexico,140,20,6,5,Muscle Gain,Lunch,1
35,Grilled Corn (Elote),Mexico,150,4,6,25,Muscle Gain,Lunch,0
35,Pork Carnitas (Lean),Mexico,240,22,16,0,Muscle Gain,Dinner,1
35,Cheese Quesadilla (WW),Mexico,270,12,16,22,Muscle Gain,Dinner,0
35,Chile Relleno (Baked),Mexico,170,8,11,10,Muscle Gain,Dinner,0
35,Carne Asada,Mexico,210,26,12,0,Muscle Gain,Dinner,1
35,Tortilla Soup,Mexico,110,6,6,9,Muscle Gain,Dinner,0
35,Baked Red Snapper,Mexico,120,24,3,0,Muscle Gain,Dinner,1
35,Beef Barbacoa,Mexico,200,22,12,2,Muscle Gain,Dinner,1
35,Grilled Vegetables,Mexico,70,2,4,8,Muscle Gain,Dinner,0
35,Turkey Tostadas,Mexico,180,15,8,14,Muscle Gain,Dinner,0
35,Lentil Sopa,Mexico,100,7,2,15,Muscle Gain,Dinner,0
36,Shakshuka,Saudi Arabia,115,8,8,4,Muscle Gain,Breakfast,0
36,Foul Medames,Saudi Arabia,110,7,2,18,Muscle Gain,Breakfast,0
36,Sukkari Dates,Saudi Arabia,280,2,0.4,75,Muscle Gain,Breakfast,0
36,Labneh (Low Fat),Saudi Arabia,120,10,7,5,Muscle Gain,Breakfast,0
36,Whole Wheat Tamis,Saudi Arabia,240,8,2,48,Muscle Gain,Breakfast,0
36,Boiled Fava Beans,Saudi Arabia,110,8,1,19,Muscle Gain,Breakfast,0
36,Arabic Salad,Saudi Arabia,45,1,2,6,Muscle Gain,Breakfast,0
36,Egg and Tomato,Saudi Arabia,95,7,6,3,Muscle Gain,Breakfast,0
36,Grilled Halloumi,Saudi Arabia,320,21,24,2,Muscle Gain,Breakfast,1
36,Olive Bread,Saudi Arabia,250,7,9,35,Muscle Gain,Breakfast,0
36,Chicken Kabsa (Skinless),Saudi Arabia,170,12,6,20,Muscle Gain,Lunch,0
36,Lamb Mandi (Lean),Saudi Arabia,210,17,12,15,Muscle Gain,Lunch,0
36,Grilled Fish Sayadiya,Saudi Arabia,160,19,6,10,Muscle Gain,Lunch,1
36,Jareesh (Whole Wheat),Saudi Arabia,130,7,4,18,Muscle Gain,Lunch,0
36,Grilled Chicken Shish,Saudi Arabia,150,24,5,0,Muscle Gain,Lunch,1
36,Lentil Salad,Saudi Arabia,115,8,3,15,Muscle Gain,Lunch,0
36,Steamed Shrimp,Saudi Arabia,100,21,1,1,Muscle Gain,Lunch,1
36,Hummus (Plain),Saudi Arabia,160,8,10,14,Muscle Gain,Lunch,0
36,Roasted Eggplant,Saudi Arabia,70,1,4,8,Muscle Gain,Lunch,0
36,Okra Stew (Bamia),Saudi Arabia,85,3,4,10,Muscle Gain,Lunch,0
36,Grilled Lamb Chops,Saudi Arabia,240,25,16,0,Muscle Gain,Dinner,1
36,Chicken Shawarma Plate,Saudi Arabia,180,20,9,2,Muscle Gain,Dinner,1
36,Vegetable Harees,Saudi Arabia,110,5,2,18,Muscle Gain,Dinner,0
36,Baked Sea Bream,Saudi Arabia,130,20,5,0,Muscle Gain,Dinner,1
36,Kousa Mahshi (Squash),Saudi Arabia,90,5,3,12,Muscle Gain,Dinner,0
36,Arabic Lentil Soup,Saudi Arabia,70,5,1,11,Muscle Gain,Dinner,0
36,Mutabbaq (Veggie),Saudi Arabia,180,8,10,15,Muscle Gain,Dinner,0
36,Grilled Octopus,Saudi Arabia,160,30,2,0,Muscle Gain,Dinner,1
36,Stuffed Bell Peppers,Saudi Arabia,110,6,4,13,Muscle Gain,Dinner,0
36,Mutton Kofta,Saudi Arabia,220,24,13,1,Muscle Gain,Dinner,1
37,Steamed Shrimp Dim Sum,China,160,9,6,18,Weight Loss,Breakfast,0
37,Rice Congee (Plain),China,50,1,0.2,11,Weight Loss,Breakfast,1
37,Pork Baozi (Steamed),China,230,10,8,30,Weight Loss,Breakfast,0
37,Scallion Pancake,China,280,5,14,34,Weight Loss,Breakfast,0
37,Soy Milk (Unsweetened),China,35,3,2,2,Weight Loss,Breakfast,1
37,Tea Leaf Egg,China,155,13,11,1,Weight Loss,Breakfast,0
37,Wonton Soup,China,80,5,3,9,Weight Loss,Breakfast,1
37,Steamed Rice Rolls,China,140,3,0.5,31,Weight Loss,Breakfast,1
37,Millet Porridge,China,60,2,1,12,Weight Loss,Breakfast,1
37,Red Bean Bun,China,250,6,4,48,Weight Loss,Breakfast,0
37,Kung Pao Chicken (Lean),China,180,16,11,7,Weight Loss,Lunch,0
37,Mapo Tofu (Low Fat),China,115,9,7,4,Weight Loss,Lunch,1
37,Beef and Broccoli,China,130,14,6,6,Weight Loss,Lunch,1
37,Steamed Sea Bass,China,110,21,3,0,Weight Loss,Lunch,1
37,Buddha's Delight (Veg),China,80,4,3,10,Weight Loss,Lunch,1
37,Chicken Cashew Nut,China,200,18,12,8,Weight Loss,Lunch,0
37,Hot and Sour Soup,China,65,4,3,7,Weight Loss,Lunch,1
37,Shrimp Fried Rice (Small),China,170,7,5,24,Weight Loss,Lunch,0
37,Stir Fried Spinach,China,45,3,2,4,Weight Loss,Lunch,1
37,Chicken Dumplings,China,190,12,8,18,Weight Loss,Lunch,0
37,Peking Duck (No Skin),China,220,25,13,0,Weight Loss,Dinner,0
37,Twice Cooked Pork (Lean),China,240,20,17,3,Weight Loss,Dinner,0
37,Szechuan Fish,China,150,18,8,2,Weight Loss,Dinner,1
37,Ants Climbing a Tree,China,210,12,11,16,Weight Loss,Dinner,0
37,Bitter Melon with Egg,China,90,6,6,4,Weight Loss,Dinner,1
37,Lemon Chicken (Baked),China,180,21,8,7,Weight Loss,Dinner,0
37,Bok Choy with Garlic,China,35,2,2,3,Weight Loss,Dinner,1
37,Ma Po Eggplant,China,100,2,7,8,Weight Loss,Dinner,1
37,Braised Beef Noodle,China,160,10,6,16,Weight Loss,Dinner,0
37,Egg Drop Soup,China,40,2,3,2,Weight Loss,Dinner,1
38,Oatmeal with Almonds,Pakistan,120,5,4,18,Muscle Gain,Breakfast,0
38,Boiled Eggs,Pakistan,155,13,11,1,Muscle Gain,Breakfast,0
38,Whole Wheat Paratha,Pakistan,260,6,12,35,Muscle Gain,Breakfast,0
38,Egg White Omelette,Pakistan,52,11,0.2,0.7,Muscle Gain,Breakfast,0
38,Yogurt with Honey,Pakistan,70,4,2,10,Muscle Gain,Breakfast,0
38,Chana Masala,Pakistan,140,6,5,18,Muscle Gain,Breakfast,0
38,Fruit Chaat,Pakistan,80,1,0.5,18,Muscle Gain,Breakfast,0
38,Mung Daal Chilla,Pakistan,160,9,4,22,Muscle Gain,Breakfast,0
38,Lassi (Salted),Pakistan,45,3,2,4,Muscle Gain,Breakfast,0
38,Mixed Nuts,Pakistan,600,20,50,20,Muscle Gain,Breakfast,1
38,Chicken Karahi (Lean),Pakistan,150,19,7,2,Muscle Gain,Lunch,1
38,Daal Mash,Pakistan,105,7,3,13,Muscle Gain,Lunch,0
38,Mixed Veg Sabzi,Pakistan,85,3,5,10,Muscle Gain,Lunch,0
38,Chicken Tikka Breast,Pakistan,140,26,3,0,Muscle Gain,Lunch,1
38,Grilled Fish,Pakistan,110,20,3,0,Muscle Gain,Lunch,1
38,Lentil Soup,Pakistan,75,5,1,12,Muscle Gain,Lunch,0
38,Brown Rice,Pakistan,110,3,1,23,Muscle Gain,Lunch,0
38,Chapli Kebab (Baked),Pakistan,210,22,12,2,Muscle Gain,Lunch,1
38,Palak Paneer,Pakistan,150,9,11,4,Muscle Gain,Lunch,0
38,Tinda Masala,Pakistan,60,2,3,7,Muscle Gain,Lunch,0
38,Mutton Stew (Lean),Pakistan,180,20,10,2,Muscle Gain,Dinner,1
38,Baked Trout,Pakistan,150,19,7,0,Muscle Gain,Dinner,1
38,Chicken Haleem,Pakistan,130,12,5,12,Muscle Gain,Dinner,0
38,Okra Bhindi Fry,Pakistan,90,2,6,8,Muscle Gain,Dinner,0
38,Steamed Chicken,Pakistan,120,22,2,4,Muscle Gain,Dinner,1
38,Matar Paneer,Pakistan,160,10,10,8,Muscle Gain,Dinner,0
38,Beef Shish Kebab,Pakistan,200,25,11,0,Muscle Gain,Dinner,1
38,Red Kidney Beans,Pakistan,120,8,1,20,Muscle Gain,Dinner,0
38,Pumpkin Masala,Pakistan,50,1,2,8,Muscle Gain,Dinner,0
38,Whole Wheat Roti,Pakistan,260,9,1,55,Muscle Gain,Dinner,0
39,Masala Dosa,India,170,4,7,26,Muscle Gain,Breakfast,0
39,Poha,India,160,3,4,28,Muscle Gain,Breakfast,0
39,Idli,India,130,4,0.5,28,Muscle Gain,Breakfast,0
39,Upma,India,180,5,8,25,Muscle Gain,Breakfast,0
39,Sprouted Moong,India,105,7,0.5,19,Muscle Gain,Breakfast,0
39,Oatmeal Upma,India,140,5,4,22,Muscle Gain,Breakfast,0
39,Egg Bhurji,India,160,12,11,2,Muscle Gain,Breakfast,0
39,Dhokla,India,160,6,4,26,Muscle Gain,Breakfast,0
39,Fruit Salad,India,50,1,0.3,12,Muscle Gain,Breakfast,0
39,Almonds and Walnuts,India,600,20,52,18,Muscle Gain,Breakfast,1
39,Palak Paneer,India,160,9,12,6,Muscle Gain,Lunch,0
39,Chicken Biryani (Lean),India,195,12,8,23,Muscle Gain,Lunch,0
39,Rajma (Kidney Beans),India,135,6,3,24,Muscle Gain,Lunch,0
39,Fish Curry,India,145,15,8,4,Muscle Gain,Lunch,0
39,Mixed Vegetable Curry,India,110,3,6,12,Muscle Gain,Lunch,0
39,Dal Tadka,India,115,7,4,15,Muscle Gain,Lunch,0
39,Curd Rice,India,130,3,4,20,Muscle Gain,Lunch,0
39,Tandoori Fish,India,120,20,4,1,Muscle Gain,Lunch,1
39,Millet Roti,India,250,8,2,50,Muscle Gain,Lunch,0
39,Cabbage Sabzi,India,60,2,3,8,Muscle Gain,Lunch,0
39,Tandoori Chicken,India,150,24,5,1,Muscle Gain,Dinner,1
39,Yellow Moong Dal,India,100,7,2,14,Muscle Gain,Dinner,0
39,Roasted Baingan Bharta,India,80,2,5,8,Muscle Gain,Dinner,0
39,Lean Mutton Curry,India,210,18,14,4,Muscle Gain,Dinner,0
39,Stir Fried Paneer,India,230,18,16,4,Muscle Gain,Dinner,0
39,Soybean Curry,India,150,14,7,10,Muscle Gain,Dinner,0
39,Lauki Sabzi,India,45,1,2,6,Muscle Gain,Dinner,0
39,Chicken Saag,India,140,18,7,4,Muscle Gain,Dinner,0
39,Boiled Brown Rice,India,110,3,1,23,Muscle Gain,Dinner,0
39,Kadhai Mushroom,India,100,4,7,6,Muscle Gain,Dinner,0
40,Huevos Rancheros,Mexico,165,8,11,12,Maintenance,Breakfast,0
40,Chilaquiles (Baked),Mexico,190,6,10,22,Maintenance,Breakfast,0
40,Pork Tamales,Mexico,230,9,14,20,Maintenance,Breakfast,0
40,Molletes (Whole Wheat),Mexico,200,10,7,25,Maintenance,Breakfast,0
40,Fruit Salad with Lime,Mexico,55,1,0.5,13,Maintenance,Breakfast,0
40,Scrambled Eggs with Salsa,Mexico,140,10,11,2,Maintenance,Breakfast,0
40,Refried Black Beans,Mexico,120,7,3,16,Maintenance,Breakfast,0
40,Mexican Papaya,Mexico,43,0.5,0.1,11,Maintenance,Breakfast,0
40,Nopalitos (Cactus Eggs),Mexico,90,6,6,4,Maintenance,Breakfast,0
40,Oatmeal with Cinnamon,Mexico,110,4,2,18,Maintenance,Breakfast,0
40,Tacos al Pastor (Lean),Mexico,200,14,9,16,Maintenance,Lunch,1
40,Chicken Enchiladas,Mexico,185,12,10,14,Maintenance,Lunch,1
40,Pozole Soup (Chicken),Mexico,105,9,3,11,Maintenance,Lunch,0
40,Chicken Mole (Lean),Mexico,220,16,12,13,Maintenance,Lunch,1
40,Fish Ceviche,Mexico,95,15,2,5,Maintenance,Lunch,1
40,Grilled Shrimp Tacos,Mexico,160,14,6,14,Maintenance,Lunch,1
40,Black Bean Soup,Mexico,90,6,1,16,Maintenance,Lunch,0
40,Guacamole & Jicama,Mexico,120,2,10,8,Maintenance,Lunch,0
40,Fajita Chicken Salad,Mexico,140,20,6,5,Maintenance,Lunch,1
40,Grilled Corn (Elote),Mexico,150,4,6,25,Maintenance,Lunch,0
40,Pork Carnitas (Lean),Mexico,240,22,16,0,Maintenance,Dinner,1
40,Cheese Quesadilla (WW),Mexico,270,12,16,22,Maintenance,Dinner,1
40,Chile Relleno (Baked),Mexico,170,8,11,10,Maintenance,Dinner,0
40,Carne Asada,Mexico,210,26,12,0,Maintenance,Dinner,0
40,Tortilla Soup,Mexico,110,6,6,9,Maintenance,Dinner,0
40,Baked Red Snapper,Mexico,120,24,3,0,Maintenance,Dinner,1
40,Beef Barbacoa,Mexico,200,22,12,2,Maintenance,Dinner,1
40,Grilled Vegetables,Mexico,70,2,4,8,Maintenance,Dinner,0
40,Turkey Tostadas,Mexico,180,15,8,14,Maintenance,Dinner,1
40,Lentil Sopa,Mexico,100,7,2,15,Maintenance,Dinner,0
41,Huevos Rancheros,Mexico,165,8,11,12,Weight Loss,Breakfast,0
41,Chilaquiles (Baked),Mexico,190,6,10,22,Weight Loss,Breakfast,0
41,Pork Tamales,Mexico,230,9,14,20,Weight Loss,Breakfast,0
41,Molletes (Whole Wheat),Mexico,200,10,7,25,Weight Loss,Breakfast,0
41,Fruit Salad with Lime,Mexico,55,1,0.5,13,Weight Loss,Breakfast,1
41,Scrambled Eggs with Salsa,Mexico,140,10,11,2,Weight Loss,Breakfast,1
41,Refried Black Beans,Mexico,120,7,3,16,Weight Loss,Breakfast,1
41,Mexican Papaya,Mexico,43,0.5,0.1,11,Weight Loss,Breakfast,1
41,Nopalitos (Cactus Eggs),Mexico,90,6,6,4,Weight Loss,Breakfast,1
41,Oatmeal with Cinnamon,Mexico,110,4,2,18,Weight Loss,Breakfast,1
41,Tacos al Pastor (Lean),Mexico,200,14,9,16,Weight Loss,Lunch,0
41,Chicken Enchiladas,Mexico,185,12,10,14,Weight Loss,Lunch,0
41,Pozole Soup (Chicken),Mexico,105,9,3,11,Weight Loss,Lunch,1
41,Chicken Mole (Lean),Mexico,220,16,12,13,Weight Loss,Lunch,0
41,Fish Ceviche,Mexico,95,15,2,5,Weight Loss,Lunch,1
41,Grilled Shrimp Tacos,Mexico,160,14,6,14,Weight Loss,Lunch,0
41,Black Bean Soup,Mexico,90,6,1,16,Weight Loss,Lunch,1
41,Guacamole & Jicama,Mexico,120,2,10,8,Weight Loss,Lunch,1
41,Fajita Chicken Salad,Mexico,140,20,6,5,Weight Loss,Lunch,1
41,Grilled Corn (Elote),Mexico,150,4,6,25,Weight Loss,Lunch,1
41,Pork Carnitas (Lean),Mexico,240,22,16,0,Weight Loss,Dinner,0
41,Cheese Quesadilla (WW),Mexico,270,12,16,22,Weight Loss,Dinner,0
41,Chile Relleno (Baked),Mexico,170,8,11,10,Weight Loss,Dinner,0
41,Carne Asada,Mexico,210,26,12,0,Weight Loss,Dinner,0
41,Tortilla Soup,Mexico,110,6,6,9,Weight Loss,Dinner,1
41,Baked Red Snapper,Mexico,120,24,3,0,Weight Loss,Dinner,1
41,Beef Barbacoa,Mexico,200,22,12,2,Weight Loss,Dinner,0
41,Grilled Vegetables,Mexico,70,2,4,8,Weight Loss,Dinner,1
41,Turkey Tostadas,Mexico,180,15,8,14,Weight Loss,Dinner,0
41,Lentil Sopa,Mexico,100,7,2,15,Weight Loss,Dinner,1
42,Greek Yogurt & Honey,Greece,115,9,4,12,Weight Loss,Breakfast,1
42,Spanakopita (Baked),Greece,240,7,15,20,Weight Loss,Breakfast,0
42,Boiled Egg & Olives,Greece,180,10,15,2,Weight Loss,Breakfast,0
42,Whole Wheat Rusks,Greece,310,10,3,62,Weight Loss,Breakfast,0
42,Feta Cheese Omelette,Greece,190,13,15,1,Weight Loss,Breakfast,0
42,Fresh Figs,Greece,74,1,0.3,19,Weight Loss,Breakfast,1
42,Tahini on Toast,Greece,280,9,18,22,Weight Loss,Breakfast,0
42,Cucumber and Tomato,Greece,25,1,0.2,5,Weight Loss,Breakfast,1
42,Baked Rice Pudding,Greece,130,4,3,22,Weight Loss,Breakfast,1
42,Grapefruit with Mint,Greece,42,0.8,0.1,11,Weight Loss,Breakfast,1
42,Greek Salad (Horiatiki),Greece,110,4,9,5,Weight Loss,Lunch,1
42,Chicken Souvlaki,Greece,160,24,6,1,Weight Loss,Lunch,0
42,Moussaka (Healthy Style),Greece,180,10,11,12,Weight Loss,Lunch,0
42,Lentil Soup (Fakes),Greece,105,8,3,14,Weight Loss,Lunch,1
42,Grilled Octopus,Greece,160,30,2,0,Weight Loss,Lunch,0
42,Stuffed Grape Leaves,Greece,140,4,8,15,Weight Loss,Lunch,1
42,Baked Cod with Herbs,Greece,110,22,2,0,Weight Loss,Lunch,1
42,Chickpea Stew,Greece,130,7,4,18,Weight Loss,Lunch,1
42,Roasted Eggplant Dip,Greece,75,2,5,7,Weight Loss,Lunch,1
42,Shrimp Saganaki,Greece,140,18,6,4,Weight Loss,Lunch,1
42,Lamb Chops (Trimmed),Greece,260,25,18,0,Weight Loss,Dinner,0
42,Baked Sea Bream,Greece,130,22,4,0,Weight Loss,Dinner,1
42,Chicken Gyro Plate (Lean),Greece,190,22,10,3,Weight Loss,Dinner,0
42,Stuffed Peppers (Gemista),Greece,110,6,4,14,Weight Loss,Dinner,1
42,Beef Stifado Stew,Greece,180,20,10,4,Weight Loss,Dinner,0
42,Grilled Sardines,Greece,200,25,11,0,Weight Loss,Dinner,0
42,Gigantes Plaki (Beans),Greece,125,7,4,16,Weight Loss,Dinner,1
42,Roasted Chicken & Lemon,Greece,160,24,7,2,Weight Loss,Dinner,0
42,Grilled Squid,Greece,95,18,2,1,Weight Loss,Dinner,1
42,Vegetable Briam,Greece,85,2,5,9,Weight Loss,Dinner,1
43,Greek Yogurt (Fat Free),USA,59,10,0.4,3.6,Muscle Gain,Breakfast,0
43,Steel Cut Oats,USA,70,3,1.5,12,Muscle Gain,Breakfast,0
43,Scrambled Egg Whites,USA,52,11,0.2,0.7,Muscle Gain,Breakfast,0
43,Whole Grain Toast,USA,250,12,4,42,Muscle Gain,Breakfast,0
43,Blueberries,USA,57,0.7,0.3,14,Muscle Gain,Breakfast,0
43,Turkey Bacon,USA,230,20,15,1,Muscle Gain,Breakfast,1
43,Cottage Cheese,USA,98,11,4,3,Muscle Gain,Breakfast,0
43,Avocado Toast,USA,160,4,12,12,Muscle Gain,Breakfast,0
43,Peanut Butter on Apple,USA,110,3,8,10,Muscle Gain,Breakfast,0
43,Green Smoothie,USA,50,2,0.5,10,Muscle Gain,Breakfast,0
43,Grilled Chicken Breast,USA,165,31,3.6,0,Muscle Gain,Lunch,1
43,Tuna Salad (Light),USA,120,20,4,0,Muscle Gain,Lunch,1
43,Turkey Sandwich (WW),USA,190,15,6,20,Muscle Gain,Lunch,0
43,Quinoa Veggie Bowl,USA,140,5,3,22,Muscle Gain,Lunch,0
43,Grilled Salmon,USA,200,22,12,0,Muscle Gain,Lunch,1
43,Spinach Salad,USA,23,3,0.4,3.6,Muscle Gain,Lunch,0
43,Lentil Soup,USA,116,9,0.4,20,Muscle Gain,Lunch,0
43,Roast Beef (Lean),USA,150,25,5,0,Muscle Gain,Lunch,1
43,Steam Broccoli,USA,35,3,0.4,7,Muscle Gain,Lunch,0
43,Chickpea Salad,USA,160,8,6,18,Muscle Gain,Lunch,0
43,Baked Cod,USA,105,23,0.9,0,Muscle Gain,Dinner,1
43,Roasted Turkey Breast,USA,140,29,2,0,Muscle Gain,Dinner,1
43,Sirloin Steak (Lean),USA,240,27,14,0,Muscle Gain,Dinner,1
43,Grilled Asparagus,USA,20,2,0.1,4,Muscle Gain,Dinner,0
43,Baked Sweet Potato,USA,86,1.6,0.1,20,Muscle Gain,Dinner,0
43,Spaghetti Squash,USA,31,0.6,0.6,7,Muscle Gain,Dinner,0
43,Venison Roast,USA,150,30,3,0,Muscle Gain,Dinner,1
43,Boiled Shrimp,USA,99,24,0.3,0,Muscle Gain,Dinner,1
43,Chicken Noodle Soup,USA,40,3,1,5,Muscle Gain,Dinner,0
43,Tofu Stir Fry,USA,100,10,5,4,Muscle Gain,Dinner,0
44,Menemen (Eggs),Turkey,120,7,9,4,Muscle Gain,Breakfast,0
44,Simit (Sesame Bread),Turkey,270,9,5,50,Muscle Gain,Breakfast,0
44,White Cheese (Feta),Turkey,260,18,20,2,Muscle Gain,Breakfast,0
44,Olives and Tomatoes,Turkey,80,1,8,3,Muscle Gain,Breakfast,0
44,Honey and Kaymak,Turkey,350,2,25,30,Muscle Gain,Breakfast,0
44,Sucuk (Small Portion),Turkey,330,14,30,2,Muscle Gain,Breakfast,0
44,Boiled Egg & Parsley,Turkey,145,12,10,1,Muscle Gain,Breakfast,0
44,Tahini & Molasses,Turkey,400,10,25,38,Muscle Gain,Breakfast,0
44,Acuka (Nut Spread),Turkey,250,5,22,10,Muscle Gain,Breakfast,0
44,Cucumber with Dill,Turkey,20,1,0.1,4,Muscle Gain,Breakfast,0
44,Doner Kebab (Chicken Lean),Turkey,180,20,10,4,Muscle Gain,Lunch,1
44,Lentil Soup (Mercimek),Turkey,75,5,1,12,Muscle Gain,Lunch,0
44,Lahmacun (One Piece),Turkey,190,9,8,22,Muscle Gain,Lunch,0
44,Bulgur Pilaf,Turkey,120,4,1,25,Muscle Gain,Lunch,0
44,Cacik (Yogurt Dip),Turkey,50,4,2,4,Muscle Gain,Lunch,0
44,Kofte (Grilled Meatball),Turkey,220,24,13,2,Muscle Gain,Lunch,1
44,Vegetable Pide,Turkey,240,8,9,32,Muscle Gain,Lunch,0
44,Stuffed Eggplant,Turkey,110,2,8,10,Muscle Gain,Lunch,0
44,Shepherd Salad,Turkey,40,1,2,5,Muscle Gain,Lunch,0
44,Chicken Shish Kebab,Turkey,155,24,6,0,Muscle Gain,Lunch,1
44,Lamb Shish Kebab,Turkey,230,25,14,0,Muscle Gain,Dinner,1
44,Baked Sea Bass,Turkey,130,23,4,0,Muscle Gain,Dinner,1
44,Beef Manti (Small Portion),Turkey,200,11,9,20,Muscle Gain,Dinner,0
44,Iskender (Lean Meat),Turkey,240,18,16,10,Muscle Gain,Dinner,0
44,Okra Stew with Lamb,Turkey,120,12,7,4,Muscle Gain,Dinner,0
44,Borek (Spinach/Cheese),Turkey,300,10,18,26,Muscle Gain,Dinner,0
44,Kurnu Yaruk (Eggplant),Turkey,140,10,10,4,Muscle Gain,Dinner,0
44,Grilled Quail,Turkey,200,25,11,0,Muscle Gain,Dinner,1
44,White Bean Stew,Turkey,125,8,3,17,Muscle Gain,Dinner,0
44,Stuffed Cabbage Rolls,Turkey,135,9,7,10,Muscle Gain,Dinner,0
45,Greek Yogurt & Honey,Greece,115,9,4,12,Maintenance,Breakfast,0
45,Spanakopita (Baked),Greece,240,7,15,20,Maintenance,Breakfast,0
45,Boiled Egg & Olives,Greece,180,10,15,2,Maintenance,Breakfast,0
45,Whole Wheat Rusks,Greece,310,10,3,62,Maintenance,Breakfast,0
45,Feta Cheese Omelette,Greece,190,13,15,1,Maintenance,Breakfast,1
45,Fresh Figs,Greece,74,1,0.3,19,Maintenance,Breakfast,0
45,Tahini on Toast,Greece,280,9,18,22,Maintenance,Breakfast,0
45,Cucumber and Tomato,Greece,25,1,0.2,5,Maintenance,Breakfast,0
45,Baked Rice Pudding,Greece,130,4,3,22,Maintenance,Breakfast,0
45,Grapefruit with Mint,Greece,42,0.8,0.1,11,Maintenance,Breakfast,0
45,Greek Salad (Horiatiki),Greece,110,4,9,5,Maintenance,Lunch,0
45,Chicken Souvlaki,Greece,160,24,6,1,Maintenance,Lunch,1
45,Moussaka (Healthy Style),Greece,180,10,11,12,Maintenance,Lunch,0
45,Lentil Soup (Fakes),Greece,105,8,3,14,Maintenance,Lunch,0
45,Grilled Octopus,Greece,160,30,2,0,Maintenance,Lunch,0
45,Stuffed Grape Leaves,Greece,140,4,8,15,Maintenance,Lunch,0
45,Baked Cod with Herbs,Greece,110,22,2,0,Maintenance,Lunch,1
45,Chickpea Stew,Greece,130,7,4,18,Maintenance,Lunch,0
45,Roasted Eggplant Dip,Greece,75,2,5,7,Maintenance,Lunch,0
45,Shrimp Saganaki,Greece,140,18,6,4,Maintenance,Lunch,1
45,Lamb Chops (Trimmed),Greece,260,25,18,0,Maintenance,Dinner,0
45,Baked Sea Bream,Greece,130,22,4,0,Maintenance,Dinner,1
45,Chicken Gyro Plate (Lean),Greece,190,22,10,3,Maintenance,Dinner,1
45,Stuffed Peppers (Gemista),Greece,110,6,4,14,Maintenance,Dinner,0
45,Beef Stifado Stew,Greece,180,20,10,4,Maintenance,Dinner,1
45,Grilled Sardines,Greece,200,25,11,0,Maintenance,Dinner,0
45,Gigantes Plaki (Beans),Greece,125,7,4,16,Maintenance,Dinner,0
45,Roasted Chicken & Lemon,Greece,160,24,7,2,Maintenance,Dinner,1
45,Grilled Squid,Greece,95,18,2,1,Maintenance,Dinner,1
45,Vegetable Briam,Greece,85,2,5,9,Maintenance,Dinner,0
46,French Omelette,France,154,11,12,1,Weight Loss,Breakfast,1
46,Greek Yogurt,France,59,10,0.5,4,Weight Loss,Breakfast,1
46,Fruit Crepe (Lean),France,180,4,6,28,Weight Loss,Breakfast,0
46,Whole Grain Baguette,France,250,9,2,48,Weight Loss,Breakfast,0
46,Soft Boiled Egg,France,155,13,11,1,Weight Loss,Breakfast,0
46,Cottage Cheese with Berries,France,95,11,4,5,Weight Loss,Breakfast,1
46,Baked Apple,France,60,0.5,0.2,15,Weight Loss,Breakfast,1
46,Ratatouille Tart,France,160,4,9,15,Weight Loss,Breakfast,0
46,Walnut Bread,France,280,9,12,35,Weight Loss,Breakfast,0
46,Low Fat Brie,France,250,20,18,1,Weight Loss,Breakfast,0
46,Salad Nicoise,France,145,12,9,5,Weight Loss,Lunch,1
46,Ratatouille,France,60,1,3,7,Weight Loss,Lunch,1
46,Steak Frites (Lean),France,240,18,12,15,Weight Loss,Lunch,0
46,French Onion Soup,France,95,4,5,10,Weight Loss,Lunch,1
46,Quiche Lorraine (Lean),France,250,9,18,14,Weight Loss,Lunch,0
46,Roasted Chicken Breast,France,165,31,4,0,Weight Loss,Lunch,0
46,Lentils with Herbs,France,110,9,0.5,18,Weight Loss,Lunch,1
46,Grilled Mussels,France,170,24,4,7,Weight Loss,Lunch,0
46,Vegetable Consomme,France,20,1,0,4,Weight Loss,Lunch,1
46,Nicoise Sandwich,France,190,11,8,20,Weight Loss,Lunch,0
46,Coq au Vin,France,165,18,8,4,Weight Loss,Dinner,0
46,Salmon en Papillote,France,180,22,10,2,Weight Loss,Dinner,0
46,Boeuf Bourguignon,France,190,20,11,5,Weight Loss,Dinner,0
46,Roasted Duck Breast,France,220,19,15,0,Weight Loss,Dinner,0
46,Bouillabaisse (Fish),France,110,18,3,4,Weight Loss,Dinner,1
46,Veal Blanquette,France,170,20,9,4,Weight Loss,Dinner,0
46,Steamed Asparagus,France,20,2,0.1,4,Weight Loss,Dinner,1
46,Baked Camembert (Small),France,290,18,24,1,Weight Loss,Dinner,0
46,Provencal Sea Bass,France,130,22,4,0,Weight Loss,Dinner,1
46,Chicken Fricassee,France,160,18,9,3,Weight Loss,Dinner,0
47,Rice Porridge (Jok),Thailand,60,3,1,11,Maintenance,Breakfast,0
47,Thai Omelette,Thailand,180,12,14,2,Maintenance,Breakfast,1
47,Sticky Rice with Mango,Thailand,190,3,6,35,Maintenance,Breakfast,0
47,Boiled Egg & Soy,Thailand,150,12,10,1,Maintenance,Breakfast,1
47,Fresh Dragon Fruit,Thailand,60,1,1,12,Maintenance,Breakfast,0
47,Coconut Yogurt,Thailand,100,2,8,6,Maintenance,Breakfast,0
47,Thai Tea with Milk,Thailand,80,2,3,12,Maintenance,Breakfast,0
47,Khao Tom (Rice Soup),Thailand,90,6,2,13,Maintenance,Breakfast,0
47,Grilled fish,Thailand,250,18,18,4,Maintenance,Breakfast,1
47,Papaya with Lime,Thailand,43,0.5,0.1,11,Maintenance,Breakfast,0
47,Pad Thai (Lean),Thailand,200,8,8,26,Maintenance,Lunch,0
47,Som Tum (Papaya Salad),Thailand,80,2,0.5,18,Maintenance,Lunch,0
47,Green Curry Chicken,Thailand,165,12,11,6,Maintenance,Lunch,1
47,Tom Yum Goong,Thailand,90,12,3,5,Maintenance,Lunch,1
47,Chicken Satay,Thailand,185,20,10,4,Maintenance,Lunch,1
47,Thai Beef Salad,Thailand,150,22,6,4,Maintenance,Lunch,1
47,Red Curry Fish,Thailand,170,18,10,5,Maintenance,Lunch,1
47,Stir Fried Morning Glory,Thailand,60,3,4,4,Maintenance,Lunch,0
47,Steamed Jasmine Rice,Thailand,130,3,0.3,28,Maintenance,Lunch,0
47,Larb Gai (Chicken),Thailand,140,18,6,4,Maintenance,Lunch,1
47,Massaman Curry (Lean),Thailand,180,11,12,9,Maintenance,Dinner,1
47,Cashew Chicken,Thailand,200,19,12,8,Maintenance,Dinner,1
47,Steamed Lemon Fish,Thailand,110,22,2,1,Maintenance,Dinner,1
47,Pad See Ew (Lean),Thailand,190,10,8,22,Maintenance,Dinner,0
47,Panang Curry Chicken,Thailand,175,14,11,6,Maintenance,Dinner,1
47,Basil Chicken Stir Fry,Thailand,155,18,8,3,Maintenance,Dinner,1
47,Grilled Prawns,Thailand,100,21,2,1,Maintenance,Dinner,1
47,Glass Noodle Salad,Thailand,120,8,4,14,Maintenance,Dinner,0
47,Yellow Curry Veggie,Thailand,140,4,9,10,Maintenance,Dinner,0
47,Duck Curry (No Skin),Thailand,210,18,14,4,Maintenance,Dinner,1
48,Shakshuka,Saudi Arabia,115,8,8,4,Maintenance,Breakfast,0
48,Foul Medames,Saudi Arabia,110,7,2,18,Maintenance,Breakfast,0
48,Sukkari Dates,Saudi Arabia,280,2,0.4,75,Maintenance,Breakfast,0
48,Labneh (Low Fat),Saudi Arabia,120,10,7,5,Maintenance,Breakfast,0
48,Whole Wheat Tamis,Saudi Arabia,240,8,2,48,Maintenance,Breakfast,0
48,Boiled Fava Beans,Saudi Arabia,110,8,1,19,Maintenance,Breakfast,0
48,Arabic Salad,Saudi Arabia,45,1,2,6,Maintenance,Breakfast,0
48,Egg and Tomato,Saudi Arabia,95,7,6,3,Maintenance,Breakfast,0
48,Grilled Halloumi,Saudi Arabia,320,21,24,2,Maintenance,Breakfast,1
48,Olive Bread,Saudi Arabia,250,7,9,35,Maintenance,Breakfast,0
48,Chicken Kabsa (Skinless),Saudi Arabia,170,12,6,20,Maintenance,Lunch,1
48,Lamb Mandi (Lean),Saudi Arabia,210,17,12,15,Maintenance,Lunch,1
48,Grilled Fish Sayadiya,Saudi Arabia,160,19,6,10,Maintenance,Lunch,1
48,Jareesh (Whole Wheat),Saudi Arabia,130,7,4,18,Maintenance,Lunch,0
48,Grilled Chicken Shish,Saudi Arabia,150,24,5,0,Maintenance,Lunch,1
48,Lentil Salad,Saudi Arabia,115,8,3,15,Maintenance,Lunch,0
48,Steamed Shrimp,Saudi Arabia,100,21,1,1,Maintenance,Lunch,1
48,Hummus (Plain),Saudi Arabia,160,8,10,14,Maintenance,Lunch,0
48,Roasted Eggplant,Saudi Arabia,70,1,4,8,Maintenance,Lunch,0
48,Okra Stew (Bamia),Saudi Arabia,85,3,4,10,Maintenance,Lunch,0
48,Grilled Lamb Chops,Saudi Arabia,240,25,16,0,Maintenance,Dinner,0
48,Chicken Shawarma Plate,Saudi Arabia,180,20,9,2,Maintenance,Dinner,1
48,Vegetable Harees,Saudi Arabia,110,5,2,18,Maintenance,Dinner,0
48,Baked Sea Bream,Saudi Arabia,130,20,5,0,Maintenance,Dinner,1
48,Kousa Mahshi (Squash),Saudi Arabia,90,5,3,12,Maintenance,Dinner,0
48,Arabic Lentil Soup,Saudi Arabia,70,5,1,11,Maintenance,Dinner,0
48,Mutabbaq (Veggie),Saudi Arabia,180,8,10,15,Maintenance,Dinner,0
48,Grilled Octopus,Saudi Arabia,160,30,2,0,Maintenance,Dinner,0
48,Stuffed Bell Peppers,Saudi Arabia,110,6,4,13,Maintenance,Dinner,0
48,Mutton Kofta,Saudi Arabia,220,24,13,1,Maintenance,Dinner,1
49,Grilled Mackerel,Japan,230,21,15,0,Muscle Gain,Breakfast,1
49,Miso Soup,Japan,35,3,1,4,Muscle Gain,Breakfast,0
49,Natto (Fermented Soy),Japan,210,18,11,14,Muscle Gain,Breakfast,0
49,Tamagoyaki,Japan,150,10,10,4,Muscle Gain,Breakfast,0
49,Boiled White Rice,Japan,130,3,0.3,28,Muscle Gain,Breakfast,0
49,Steamed Tofu,Japan,80,8,4,2,Muscle Gain,Breakfast,0
49,Pickled Vegetables,Japan,20,1,0.1,4,Muscle Gain,Breakfast,0
49,Green Tea,Japan,1,0.1,0,0,Muscle Gain,Breakfast,0
49,Onigiri (Tuna),Japan,170,5,1,35,Muscle Gain,Breakfast,0
49,Dried Seaweed,Japan,35,6,0.5,5,Muscle Gain,Breakfast,0
49,Salmon Sushi,Japan,145,7,2,24,Muscle Gain,Lunch,0
49,Tuna Sashimi,Japan,105,23,0.5,0,Muscle Gain,Lunch,1
49,Ramen (Shoyu),Japan,160,6,7,20,Muscle Gain,Lunch,0
49,Vegetable Tempura,Japan,220,3,14,22,Muscle Gain,Lunch,0
49,Cold Soba Noodles,Japan,115,5,1,22,Muscle Gain,Lunch,0
49,Chicken Yakitori,Japan,160,20,8,1,Muscle Gain,Lunch,1
49,Chawanmushi (Egg),Japan,90,7,6,2,Muscle Gain,Lunch,0
49,Edamame,Japan,122,11,5,10,Muscle Gain,Lunch,0
49,Salmon Teriyaki,Japan,190,21,9,6,Muscle Gain,Lunch,1
49,Beef Tataki,Japan,130,22,4,1,Muscle Gain,Lunch,1
49,Chicken Teriyaki,Japan,175,20,7,8,Muscle Gain,Dinner,1
49,Beef Gyudon (Lean),Japan,195,12,10,18,Muscle Gain,Dinner,0
49,Unagi (Grilled Eel),Japan,285,22,18,10,Muscle Gain,Dinner,1
49,Boiled Spinach (Gomae),Japan,45,3,2,4,Muscle Gain,Dinner,0
49,Beef Shabu Shabu,Japan,140,18,6,2,Muscle Gain,Dinner,0
49,Miso Glazed Cod,Japan,160,20,7,5,Muscle Gain,Dinner,1
49,Stir Fried Squid,Japan,100,18,2,2,Muscle Gain,Dinner,0
49,Clear Clam Soup,Japan,30,4,0.5,2,Muscle Gain,Dinner,0
49,Oden (Simmered),Japan,90,7,3,8,Muscle Gain,Dinner,0
49,Japanese Chicken Curry,Japan,150,9,7,14,Muscle Gain,Dinner,0
50,Rice Porridge (Jok),Thailand,60,3,1,11,Weight Loss,Breakfast,1
50,Thai Omelette,Thailand,180,12,14,2,Weight Loss,Breakfast,0
50,Sticky Rice with Mango,Thailand,190,3,6,35,Weight Loss,Breakfast,0
50,Boiled Egg & Soy,Thailand,150,12,10,1,Weight Loss,Breakfast,1
50,Fresh Dragon Fruit,Thailand,60,1,1,12,Weight Loss,Breakfast,1
50,Coconut Yogurt,Thailand,100,2,8,6,Weight Loss,Breakfast,1
50,Thai Tea with Milk,Thailand,80,2,3,12,Weight Loss,Breakfast,1
50,Khao Tom (Rice Soup),Thailand,90,6,2,13,Weight Loss,Breakfast,1
50,Grilled Pork Skewer,Thailand,250,18,18,4,Weight Loss,Breakfast,0
50,Papaya with Lime,Thailand,43,0.5,0.1,11,Weight Loss,Breakfast,1
50,Pad Thai (Lean),Thailand,200,8,8,26,Weight Loss,Lunch,0
50,Som Tum (Papaya Salad),Thailand,80,2,0.5,18,Weight Loss,Lunch,1
50,Green Curry Chicken,Thailand,165,12,11,6,Weight Loss,Lunch,0
50,Tom Yum Goong,Thailand,90,12,3,5,Weight Loss,Lunch,1
50,Chicken Satay,Thailand,185,20,10,4,Weight Loss,Lunch,0
50,Thai Beef Salad,Thailand,150,22,6,4,Weight Loss,Lunch,1
50,Red Curry Fish,Thailand,170,18,10,5,Weight Loss,Lunch,0
50,Stir Fried Morning Glory,Thailand,60,3,4,4,Weight Loss,Lunch,1
50,Steamed Jasmine Rice,Thailand,130,3,0.3,28,Weight Loss,Lunch,1
50,Larb Gai (Chicken),Thailand,140,18,6,4,Weight Loss,Lunch,1
50,Massaman Curry (Lean),Thailand,180,11,12,9,Weight Loss,Dinner,0
50,Cashew Chicken,Thailand,200,19,12,8,Weight Loss,Dinner,0
50,Steamed Lemon Fish,Thailand,110,22,2,1,Weight Loss,Dinner,1
50,Pad See Ew (Lean),Thailand,190,10,8,22,Weight Loss,Dinner,0
50,Panang Curry Chicken,Thailand,175,14,11,6,Weight Loss,Dinner,0
50,Basil Chicken Stir Fry,Thailand,155,18,8,3,Weight Loss,Dinner,0
50,Grilled Prawns,Thailand,100,21,2,1,Weight Loss,Dinner,1
50,Glass Noodle Salad,Thailand,120,8,4,14,Weight Loss,Dinner,1
50,Yellow Curry Veggie,Thailand,140,4,9,10,Weight Loss,Dinner,1
50,Duck Curry (No Skin),Thailand,210,18,14,4,Weight Loss,Dinner,0
51,Greek Yogurt (Fat Free),USA,59,10,0.4,3.6,Weight Loss,Breakfast,1
51,Steel Cut Oats,USA,70,3,1.5,12,Weight Loss,Breakfast,1
51,Scrambled Egg Whites,USA,52,11,0.2,0.7,Weight Loss,Breakfast,1
51,Whole Grain Toast,USA,250,12,4,42,Weight Loss,Breakfast,0
51,Blueberries,USA,57,0.7,0.3,14,Weight Loss,Breakfast,1
51,Turkey Bacon,USA,230,20,15,1,Weight Loss,Breakfast,0
51,Cottage Cheese,USA,98,11,4,3,Weight Loss,Breakfast,1
51,Avocado Toast,USA,160,4,12,12,Weight Loss,Breakfast,0
51,Peanut Butter on Apple,USA,110,3,8,10,Weight Loss,Breakfast,1
51,Green Smoothie,USA,50,2,0.5,10,Weight Loss,Breakfast,1
51,Grilled Chicken Breast,USA,165,31,3.6,0,Weight Loss,Lunch,0
51,Tuna Salad (Light),USA,120,20,4,0,Weight Loss,Lunch,1
51,Turkey Sandwich (WW),USA,190,15,6,20,Weight Loss,Lunch,0
51,Quinoa Veggie Bowl,USA,140,5,3,22,Weight Loss,Lunch,1
51,Grilled Salmon,USA,200,22,12,0,Weight Loss,Lunch,0
51,Spinach Salad,USA,23,3,0.4,3.6,Weight Loss,Lunch,1
51,Lentil Soup,USA,116,9,0.4,20,Weight Loss,Lunch,1
51,Roast Beef (Lean),USA,150,25,5,0,Weight Loss,Lunch,1
51,Steam Broccoli,USA,35,3,0.4,7,Weight Loss,Lunch,1
51,Chickpea Salad,USA,160,8,6,18,Weight Loss,Lunch,0
51,Baked Cod,USA,105,23,0.9,0,Weight Loss,Dinner,1
51,Roasted Turkey Breast,USA,140,29,2,0,Weight Loss,Dinner,1
51,Sirloin Steak (Lean),USA,240,27,14,0,Weight Loss,Dinner,0
51,Grilled Asparagus,USA,20,2,0.1,4,Weight Loss,Dinner,1
51,Baked Sweet Potato,USA,86,1.6,0.1,20,Weight Loss,Dinner,1
51,Spaghetti Squash,USA,31,0.6,0.6,7,Weight Loss,Dinner,1
51,Venison Roast,USA,150,30,3,0,Weight Loss,Dinner,1
51,Boiled Shrimp,USA,99,24,0.3,0,Weight Loss,Dinner,1
51,Chicken Noodle Soup,USA,40,3,1,5,Weight Loss,Dinner,1
51,Tofu Stir Fry,USA,100,10,5,4,Weight Loss,Dinner,1
52,Ricotta with Berries,Italy,150,9,10,8,Maintenance,Breakfast,0
52,Fresh Fruit Salad,Italy,50,1,0.3,12,Maintenance,Breakfast,0
52,Whole Wheat Biscotti,Italy,380,8,12,60,Maintenance,Breakfast,0
52,Greek Yogurt with Nuts,Italy,130,11,8,6,Maintenance,Breakfast,1
52,Boiled Egg with Spinach,Italy,140,11,10,1,Maintenance,Breakfast,1
52,Focaccia with Tomato,Italy,250,7,9,36,Maintenance,Breakfast,0
52,Bruschetta (Tomato),Italy,180,4,6,28,Maintenance,Breakfast,0
52,Baked Peaches,Italy,60,1,0.2,15,Maintenance,Breakfast,0
52,Plain Cornetto,Italy,340,6,17,40,Maintenance,Breakfast,0
52,Espresso with Milk,Italy,30,2,1,3,Maintenance,Breakfast,0
52,Caprese Salad,Italy,170,9,14,3,Maintenance,Lunch,0
52,Minestrone Soup,Italy,60,3,1,10,Maintenance,Lunch,0
52,Mushroom Risotto,Italy,140,4,5,21,Maintenance,Lunch,0
52,Pasta e Fagioli,Italy,150,7,3,24,Maintenance,Lunch,0
52,Grilled Calamari,Italy,100,18,2,2,Maintenance,Lunch,1
52,Tuna & White Bean Salad,Italy,160,15,8,10,Maintenance,Lunch,1
52,Whole Wheat Margherita,Italy,220,10,8,28,Maintenance,Lunch,0
52,Lentil Pasta,Italy,180,12,2,30,Maintenance,Lunch,1
52,Seafood Pasta (Lean),Italy,160,14,4,18,Maintenance,Lunch,1
52,Roasted Eggplant,Italy,75,2,5,7,Maintenance,Lunch,0
52,Grilled Branzino,Italy,120,23,3,0,Maintenance,Dinner,1
52,Osso Buco (Lean),Italy,180,22,10,3,Maintenance,Dinner,1
52,Chicken Piccata,Italy,175,21,9,4,Maintenance,Dinner,1
52,Veal Marsala (Lean),Italy,200,24,10,5,Maintenance,Dinner,1
52,Baked Sea Bream,Italy,130,22,4,0,Maintenance,Dinner,1
52,Bresaola with Arugula,Italy,150,25,4,2,Maintenance,Dinner,0
52,Stuffed Zucchini,Italy,110,6,5,12,Maintenance,Dinner,0
52,Tomato Basil Cod,Italy,105,22,1,2,Maintenance,Dinner,1
52,Beef Tagliata,Italy,210,26,12,0,Maintenance,Dinner,0
52,Vegetable Lasagna,Italy,160,8,7,18,Maintenance,Dinner,0
53,Greek Yogurt & Honey,Greece,115,9,4,12,Maintenance,Breakfast,0
53,Spanakopita (Baked),Greece,240,7,15,20,Maintenance,Breakfast,0
53,Boiled Egg & Olives,Greece,180,10,15,2,Maintenance,Breakfast,0
53,Whole Wheat Rusks,Greece,310,10,3,62,Maintenance,Breakfast,0
53,Feta Cheese Omelette,Greece,190,13,15,1,Maintenance,Breakfast,1
53,Fresh Figs,Greece,74,1,0.3,19,Maintenance,Breakfast,0
53,Tahini on Toast,Greece,280,9,18,22,Maintenance,Breakfast,0
53,Cucumber and Tomato,Greece,25,1,0.2,5,Maintenance,Breakfast,0
53,Baked Rice Pudding,Greece,130,4,3,22,Maintenance,Breakfast,0
53,Grapefruit with Mint,Greece,42,0.8,0.1,11,Maintenance,Breakfast,0
53,Greek Salad (Horiatiki),Greece,110,4,9,5,Maintenance,Lunch,0
53,Chicken Souvlaki,Greece,160,24,6,1,Maintenance,Lunch,1
53,Moussaka (Healthy Style),Greece,180,10,11,12,Maintenance,Lunch,0
53,Lentil Soup (Fakes),Greece,105,8,3,14,Maintenance,Lunch,0
53,Grilled Octopus,Greece,160,30,2,0,Maintenance,Lunch,0
53,Stuffed Grape Leaves,Greece,140,4,8,15,Maintenance,Lunch,0
53,Baked Cod with Herbs,Greece,110,22,2,0,Maintenance,Lunch,1
53,Chickpea Stew,Greece,130,7,4,18,Maintenance,Lunch,0
53,Roasted Eggplant Dip,Greece,75,2,5,7,Maintenance,Lunch,0
53,Shrimp Saganaki,Greece,140,18,6,4,Maintenance,Lunch,1
53,Lamb Chops (Trimmed),Greece,260,25,18,0,Maintenance,Dinner,0
53,Baked Sea Bream,Greece,130,22,4,0,Maintenance,Dinner,1
53,Chicken Gyro Plate (Lean),Greece,190,22,10,3,Maintenance,Dinner,1
53,Stuffed Peppers (Gemista),Greece,110,6,4,14,Maintenance,Dinner,0
53,Beef Stifado Stew,Greece,180,20,10,4,Maintenance,Dinner,1
53,Grilled Sardines,Greece,200,25,11,0,Maintenance,Dinner,0
53,Gigantes Plaki (Beans),Greece,125,7,4,16,Maintenance,Dinner,0
53,Roasted Chicken & Lemon,Greece,160,24,7,2,Maintenance,Dinner,1
53,Grilled Squid,Greece,95,18,2,1,Maintenance,Dinner,1
53,Vegetable Briam,Greece,85,2,5,9,Maintenance,Dinner,0
54,Huevos Rancheros,Mexico,165,8,11,12,Maintenance,Breakfast,0
54,Chilaquiles (Baked),Mexico,190,6,10,22,Maintenance,Breakfast,0
54,Pork Tamales,Mexico,230,9,14,20,Maintenance,Breakfast,0
54,Molletes (Whole Wheat),Mexico,200,10,7,25,Maintenance,Breakfast,0
54,Fruit Salad with Lime,Mexico,55,1,0.5,13,Maintenance,Breakfast,0
54,Scrambled Eggs with Salsa,Mexico,140,10,11,2,Maintenance,Breakfast,0
54,Refried Black Beans,Mexico,120,7,3,16,Maintenance,Breakfast,0
54,Mexican Papaya,Mexico,43,0.5,0.1,11,Maintenance,Breakfast,0
54,Nopalitos (Cactus Eggs),Mexico,90,6,6,4,Maintenance,Breakfast,0
54,Oatmeal with Cinnamon,Mexico,110,4,2,18,Maintenance,Breakfast,0
54,Tacos al Pastor (Lean),Mexico,200,14,9,16,Maintenance,Lunch,1
54,Chicken Enchiladas,Mexico,185,12,10,14,Maintenance,Lunch,1
54,Pozole Soup (Chicken),Mexico,105,9,3,11,Maintenance,Lunch,0
54,Chicken Mole (Lean),Mexico,220,16,12,13,Maintenance,Lunch,1
54,Fish Ceviche,Mexico,95,15,2,5,Maintenance,Lunch,1
54,Grilled Shrimp Tacos,Mexico,160,14,6,14,Maintenance,Lunch,1
54,Black Bean Soup,Mexico,90,6,1,16,Maintenance,Lunch,0
54,Guacamole & Jicama,Mexico,120,2,10,8,Maintenance,Lunch,0
54,Fajita Chicken Salad,Mexico,140,20,6,5,Maintenance,Lunch,1
54,Grilled Corn (Elote),Mexico,150,4,6,25,Maintenance,Lunch,0
54,Pork Carnitas (Lean),Mexico,240,22,16,0,Maintenance,Dinner,1
54,Cheese Quesadilla (WW),Mexico,270,12,16,22,Maintenance,Dinner,1
54,Chile Relleno (Baked),Mexico,170,8,11,10,Maintenance,Dinner,0
54,Carne Asada,Mexico,210,26,12,0,Maintenance,Dinner,0
54,Tortilla Soup,Mexico,110,6,6,9,Maintenance,Dinner,0
54,Baked Red Snapper,Mexico,120,24,3,0,Maintenance,Dinner,1
54,Beef Barbacoa,Mexico,200,22,12,2,Maintenance,Dinner,1
54,Grilled Vegetables,Mexico,70,2,4,8,Maintenance,Dinner,0
54,Turkey Tostadas,Mexico,180,15,8,14,Maintenance,Dinner,1
54,Lentil Sopa,Mexico,100,7,2,15,Maintenance,Dinner,0
55,Greek Yogurt & Honey,Greece,115,9,4,12,Muscle Gain,Breakfast,0
55,Spanakopita (Baked),Greece,240,7,15,20,Muscle Gain,Breakfast,0
55,Boiled Egg & Olives,Greece,180,10,15,2,Muscle Gain,Breakfast,0
55,Whole Wheat Rusks,Greece,310,10,3,62,Muscle Gain,Breakfast,0
55,Feta Cheese Omelette,Greece,190,13,15,1,Muscle Gain,Breakfast,0
55,Fresh Figs,Greece,74,1,0.3,19,Muscle Gain,Breakfast,0
55,Tahini on Toast,Greece,280,9,18,22,Muscle Gain,Breakfast,0
55,Cucumber and Tomato,Greece,25,1,0.2,5,Muscle Gain,Breakfast,0
55,Baked Rice Pudding,Greece,130,4,3,22,Muscle Gain,Breakfast,0
55,Grapefruit with Mint,Greece,42,0.8,0.1,11,Muscle Gain,Breakfast,0
55,Greek Salad (Horiatiki),Greece,110,4,9,5,Muscle Gain,Lunch,0
55,Chicken Souvlaki,Greece,160,24,6,1,Muscle Gain,Lunch,1
55,Moussaka (Healthy Style),Greece,180,10,11,12,Muscle Gain,Lunch,0
55,Lentil Soup (Fakes),Greece,105,8,3,14,Muscle Gain,Lunch,0
55,Grilled Octopus,Greece,160,30,2,0,Muscle Gain,Lunch,1
55,Stuffed Grape Leaves,Greece,140,4,8,15,Muscle Gain,Lunch,0
55,Baked Cod with Herbs,Greece,110,22,2,0,Muscle Gain,Lunch,1
55,Chickpea Stew,Greece,130,7,4,18,Muscle Gain,Lunch,0
55,Roasted Eggplant Dip,Greece,75,2,5,7,Muscle Gain,Lunch,0
55,Shrimp Saganaki,Greece,140,18,6,4,Muscle Gain,Lunch,0
55,Lamb Chops (Trimmed),Greece,260,25,18,0,Muscle Gain,Dinner,1
55,Baked Sea Bream,Greece,130,22,4,0,Muscle Gain,Dinner,1
55,Chicken Gyro Plate (Lean),Greece,190,22,10,3,Muscle Gain,Dinner,1
55,Stuffed Peppers (Gemista),Greece,110,6,4,14,Muscle Gain,Dinner,0
55,Beef Stifado Stew,Greece,180,20,10,4,Muscle Gain,Dinner,1
55,Grilled Sardines,Greece,200,25,11,0,Muscle Gain,Dinner,1
55,Gigantes Plaki (Beans),Greece,125,7,4,16,Muscle Gain,Dinner,0
55,Roasted Chicken & Lemon,Greece,160,24,7,2,Muscle Gain,Dinner,1
55,Grilled Squid,Greece,95,18,2,1,Muscle Gain,Dinner,0
55,Vegetable Briam,Greece,85,2,5,9,Muscle Gain,Dinner,0
56,Pan con Tomate,Spain,180,5,8,24,Weight Loss,Breakfast,0
56,Spanish Tortilla (Lean),Spain,160,6,10,12,Weight Loss,Breakfast,0
56,Fresh Orange Juice,Spain,45,1,0.1,10,Weight Loss,Breakfast,1
56,Manchego & Grapes,Spain,210,12,15,8,Weight Loss,Breakfast,0
56,Boiled Egg with Ham,Spain,200,18,14,1,Weight Loss,Breakfast,0
56,Greek Yogurt with Figs,Spain,120,8,4,14,Weight Loss,Breakfast,1
56,Whole Wheat Toast & Oil,Spain,260,8,10,34,Weight Loss,Breakfast,0
56,Grilled Peaches,Spain,60,1,0.2,15,Weight Loss,Breakfast,1
56,Ensaimada (Small),Spain,360,6,18,45,Weight Loss,Breakfast,0
56,Churros (Plain),Spain,340,4,20,38,Weight Loss,Breakfast,0
56,Seafood Paella,Spain,165,10,5,22,Weight Loss,Lunch,0
56,Gazpacho Soup,Spain,50,1,3,5,Weight Loss,Lunch,1
56,Grilled Hake Fish,Spain,110,22,2,0,Weight Loss,Lunch,1
56,Lentil Stew (Lentejas),Spain,120,8,4,15,Weight Loss,Lunch,1
56,Jamon Iberico (Lean),Spain,310,32,20,0,Weight Loss,Lunch,0
56,Russian Salad (Lean),Spain,180,5,12,14,Weight Loss,Lunch,0
56,Grilled Squid (Sepia),Spain,100,18,2,2,Weight Loss,Lunch,1
56,Chickpea & Spinach,Spain,140,7,6,15,Weight Loss,Lunch,1
56,Salmorejo Soup,Spain,95,3,6,9,Weight Loss,Lunch,1
56,Pisto Manchego (Veg),Spain,85,2,5,9,Weight Loss,Lunch,1
56,Gambas al Ajillo,Spain,140,20,7,2,Weight Loss,Dinner,1
56,Roasted Chicken Breast,Spain,165,31,4,0,Weight Loss,Dinner,0
56,Baked Sea Bream,Spain,130,22,4,0,Weight Loss,Dinner,1
56,Grilled Pork Loin,Spain,170,26,7,0,Weight Loss,Dinner,0
56,Spanish Meatballs (Lean),Spain,210,18,12,8,Weight Loss,Dinner,0
56,Stuffed Mushrooms,Spain,110,5,8,6,Weight Loss,Dinner,1
56,Grilled Asparagus,Spain,25,2,0.1,4,Weight Loss,Dinner,1
56,Baked Cod with Tomato,Spain,105,22,1,2,Weight Loss,Dinner,1
56,Beef tenderloin,Spain,220,28,12,0,Weight Loss,Dinner,0
56,Seafood Zarzuela,Spain,150,20,6,4,Weight Loss,Dinner,1
57,Steamed Shrimp Dim Sum,China,160,9,6,18,Maintenance,Breakfast,0
57,Rice Congee (Plain),China,50,1,0.2,11,Maintenance,Breakfast,0
57,Pork Baozi (Steamed),China,230,10,8,30,Maintenance,Breakfast,0
57,Scallion Pancake,China,280,5,14,34,Maintenance,Breakfast,0
57,Soy Milk (Unsweetened),China,35,3,2,2,Maintenance,Breakfast,0
57,Tea Leaf Egg,China,155,13,11,1,Maintenance,Breakfast,1
57,Wonton Soup,China,80,5,3,9,Maintenance,Breakfast,0
57,Steamed Rice Rolls,China,140,3,0.5,31,Maintenance,Breakfast,0
57,Millet Porridge,China,60,2,1,12,Maintenance,Breakfast,0
57,Red Bean Bun,China,250,6,4,48,Maintenance,Breakfast,0
57,Kung Pao Chicken (Lean),China,180,16,11,7,Maintenance,Lunch,1
57,Mapo Tofu (Low Fat),China,115,9,7,4,Maintenance,Lunch,0
57,Beef and Broccoli,China,130,14,6,6,Maintenance,Lunch,1
57,Steamed Sea Bass,China,110,21,3,0,Maintenance,Lunch,1
57,Buddha's Delight (Veg),China,80,4,3,10,Maintenance,Lunch,0
57,Chicken Cashew Nut,China,200,18,12,8,Maintenance,Lunch,1
57,Hot and Sour Soup,China,65,4,3,7,Maintenance,Lunch,0
57,Shrimp Fried Rice (Small),China,170,7,5,24,Maintenance,Lunch,0
57,Stir Fried Spinach,China,45,3,2,4,Maintenance,Lunch,0
57,Chicken Dumplings,China,190,12,8,18,Maintenance,Lunch,1
57,Peking Duck (No Skin),China,220,25,13,0,Maintenance,Dinner,0
57,Twice Cooked Pork (Lean),China,240,20,17,3,Maintenance,Dinner,1
57,Szechuan Fish,China,150,18,8,2,Maintenance,Dinner,1
57,Ants Climbing a Tree,China,210,12,11,16,Maintenance,Dinner,1
57,Bitter Melon with Egg,China,90,6,6,4,Maintenance,Dinner,0
57,Lemon Chicken (Baked),China,180,21,8,7,Maintenance,Dinner,1
57,Bok Choy with Garlic,China,35,2,2,3,Maintenance,Dinner,0
57,Ma Po Eggplant,China,100,2,7,8,Maintenance,Dinner,0
57,Braised Beef Noodle,China,160,10,6,16,Maintenance,Dinner,0
57,Egg Drop Soup,China,40,2,3,2,Maintenance,Dinner,0
58,Greek Yogurt & Honey,Greece,115,9,4,12,Muscle Gain,Breakfast,0
58,Spanakopita (Baked),Greece,240,7,15,20,Muscle Gain,Breakfast,0
58,Boiled Egg & Olives,Greece,180,10,15,2,Muscle Gain,Breakfast,0
58,Whole Wheat Rusks,Greece,310,10,3,62,Muscle Gain,Breakfast,0
58,Feta Cheese Omelette,Greece,190,13,15,1,Muscle Gain,Breakfast,0
58,Fresh Figs,Greece,74,1,0.3,19,Muscle Gain,Breakfast,0
58,Tahini on Toast,Greece,280,9,18,22,Muscle Gain,Breakfast,0
58,Cucumber and Tomato,Greece,25,1,0.2,5,Muscle Gain,Breakfast,0
58,Baked Rice Pudding,Greece,130,4,3,22,Muscle Gain,Breakfast,0
58,Grapefruit with Mint,Greece,42,0.8,0.1,11,Muscle Gain,Breakfast,0
58,Greek Salad (Horiatiki),Greece,110,4,9,5,Muscle Gain,Lunch,0
58,Chicken Souvlaki,Greece,160,24,6,1,Muscle Gain,Lunch,1
58,Moussaka (Healthy Style),Greece,180,10,11,12,Muscle Gain,Lunch,0
58,Lentil Soup (Fakes),Greece,105,8,3,14,Muscle Gain,Lunch,0
58,Grilled Octopus,Greece,160,30,2,0,Muscle Gain,Lunch,1
58,Stuffed Grape Leaves,Greece,140,4,8,15,Muscle Gain,Lunch,0
58,Baked Cod with Herbs,Greece,110,22,2,0,Muscle Gain,Lunch,1
58,Chickpea Stew,Greece,130,7,4,18,Muscle Gain,Lunch,0
58,Roasted Eggplant Dip,Greece,75,2,5,7,Muscle Gain,Lunch,0
58,Shrimp Saganaki,Greece,140,18,6,4,Muscle Gain,Lunch,0
58,Lamb Chops (Trimmed),Greece,260,25,18,0,Muscle Gain,Dinner,1
58,Baked Sea Bream,Greece,130,22,4,0,Muscle Gain,Dinner,1
58,Chicken Gyro Plate (Lean),Greece,190,22,10,3,Muscle Gain,Dinner,1
58,Stuffed Peppers (Gemista),Greece,110,6,4,14,Muscle Gain,Dinner,0
58,Beef Stifado Stew,Greece,180,20,10,4,Muscle Gain,Dinner,1
58,Grilled Sardines,Greece,200,25,11,0,Muscle Gain,Dinner,1
58,Gigantes Plaki (Beans),Greece,125,7,4,16,Muscle Gain,Dinner,0
58,Roasted Chicken & Lemon,Greece,160,24,7,2,Muscle Gain,Dinner,1
58,Grilled Squid,Greece,95,18,2,1,Muscle Gain,Dinner,0
58,Vegetable Briam,Greece,85,2,5,9,Muscle Gain,Dinner,0
59,Rice Porridge (Jok),Thailand,60,3,1,11,Maintenance,Breakfast,0
59,Thai Omelette,Thailand,180,12,14,2,Maintenance,Breakfast,1
59,Sticky Rice with Mango,Thailand,190,3,6,35,Maintenance,Breakfast,0
59,Boiled Egg & Soy,Thailand,150,12,10,1,Maintenance,Breakfast,1
59,Fresh Dragon Fruit,Thailand,60,1,1,12,Maintenance,Breakfast,0
59,Coconut Yogurt,Thailand,100,2,8,6,Maintenance,Breakfast,0
59,Thai Tea with Milk,Thailand,80,2,3,12,Maintenance,Breakfast,0
59,Khao Tom (Rice Soup),Thailand,90,6,2,13,Maintenance,Breakfast,0
59,Grilled Pork Skewer,Thailand,250,18,18,4,Maintenance,Breakfast,1
59,Papaya with Lime,Thailand,43,0.5,0.1,11,Maintenance,Breakfast,0
59,Pad Thai (Lean),Thailand,200,8,8,26,Maintenance,Lunch,0
59,Som Tum (Papaya Salad),Thailand,80,2,0.5,18,Maintenance,Lunch,0
59,Green Curry Chicken,Thailand,165,12,11,6,Maintenance,Lunch,1
59,Tom Yum Goong,Thailand,90,12,3,5,Maintenance,Lunch,1
59,Chicken Satay,Thailand,185,20,10,4,Maintenance,Lunch,1
59,Thai Beef Salad,Thailand,150,22,6,4,Maintenance,Lunch,1
59,Red Curry Fish,Thailand,170,18,10,5,Maintenance,Lunch,1
59,Stir Fried Morning Glory,Thailand,60,3,4,4,Maintenance,Lunch,0
59,Steamed Jasmine Rice,Thailand,130,3,0.3,28,Maintenance,Lunch,0
59,Larb Gai (Chicken),Thailand,140,18,6,4,Maintenance,Lunch,1
59,Massaman Curry (Lean),Thailand,180,11,12,9,Maintenance,Dinner,1
59,Cashew Chicken,Thailand,200,19,12,8,Maintenance,Dinner,1
59,Steamed Lemon Fish,Thailand,110,22,2,1,Maintenance,Dinner,1
59,Pad See Ew (Lean),Thailand,190,10,8,22,Maintenance,Dinner,0
59,Panang Curry Chicken,Thailand,175,14,11,6,Maintenance,Dinner,1
59,Basil Chicken Stir Fry,Thailand,155,18,8,3,Maintenance,Dinner,1
59,Grilled Prawns,Thailand,100,21,2,1,Maintenance,Dinner,1
59,Glass Noodle Salad,Thailand,120,8,4,14,Maintenance,Dinner,0
59,Yellow Curry Veggie,Thailand,140,4,9,10,Maintenance,Dinner,0
59,Duck Curry (No Skin),Thailand,210,18,14,4,Maintenance,Dinner,1
60,Rice Porridge (Jok),Thailand,60,3,1,11,Weight Loss,Breakfast,1
60,Thai Omelette,Thailand,180,12,14,2,Weight Loss,Breakfast,0
60,Sticky Rice with Mango,Thailand,190,3,6,35,Weight Loss,Breakfast,0
60,Boiled Egg & Soy,Thailand,150,12,10,1,Weight Loss,Breakfast,1
60,Fresh Dragon Fruit,Thailand,60,1,1,12,Weight Loss,Breakfast,1
60,Coconut Yogurt,Thailand,100,2,8,6,Weight Loss,Breakfast,1
60,Thai Tea with Milk,Thailand,80,2,3,12,Weight Loss,Breakfast,1
60,Khao Tom (Rice Soup),Thailand,90,6,2,13,Weight Loss,Breakfast,1
60,Grilled Pork Skewer,Thailand,250,18,18,4,Weight Loss,Breakfast,0
60,Papaya with Lime,Thailand,43,0.5,0.1,11,Weight Loss,Breakfast,1
60,Pad Thai (Lean),Thailand,200,8,8,26,Weight Loss,Lunch,0
60,Som Tum (Papaya Salad),Thailand,80,2,0.5,18,Weight Loss,Lunch,1
60,Green Curry Chicken,Thailand,165,12,11,6,Weight Loss,Lunch,0
60,Tom Yum Goong,Thailand,90,12,3,5,Weight Loss,Lunch,1
60,Chicken Satay,Thailand,185,20,10,4,Weight Loss,Lunch,0
60,Thai Beef Salad,Thailand,150,22,6,4,Weight Loss,Lunch,1
60,Red Curry Fish,Thailand,170,18,10,5,Weight Loss,Lunch,0
60,Stir Fried Morning Glory,Thailand,60,3,4,4,Weight Loss,Lunch,1
60,Steamed Jasmine Rice,Thailand,130,3,0.3,28,Weight Loss,Lunch,1
60,Larb Gai (Chicken),Thailand,140,18,6,4,Weight Loss,Lunch,1
60,Massaman Curry (Lean),Thailand,180,11,12,9,Weight Loss,Dinner,0
60,Cashew Chicken,Thailand,200,19,12,8,Weight Loss,Dinner,0
60,Steamed Lemon Fish,Thailand,110,22,2,1,Weight Loss,Dinner,1
60,Pad See Ew (Lean),Thailand,190,10,8,22,Weight Loss,Dinner,0
60,Panang Curry Chicken,Thailand,175,14,11,6,Weight Loss,Dinner,0
60,Basil Chicken Stir Fry,Thailand,155,18,8,3,Weight Loss,Dinner,0
60,Grilled Prawns,Thailand,100,21,2,1,Weight Loss,Dinner,1
60,Glass Noodle Salad,Thailand,120,8,4,14,Weight Loss,Dinner,1
60,Yellow Curry Veggie,Thailand,140,4,9,10,Weight Loss,Dinner,1
60,Duck Curry (No Skin),Thailand,210,18,14,4,Weight Loss,Dinner,0
61,Acai Bowl (Unsweetened),Brazil,100,2,5,14,Muscle Gain,Breakfast,0
61,Pao de Queijo (Small),Brazil,310,6,18,34,Muscle Gain,Breakfast,0
61,Tapioca with Cheese,Brazil,180,4,6,30,Muscle Gain,Breakfast,0
61,Papaya Fruit,Brazil,43,0.5,0.1,11,Muscle Gain,Breakfast,0
61,Bolo de Fuba (Corn),Brazil,320,5,14,45,Muscle Gain,Breakfast,0
61,Grilled Pineapple,Brazil,50,0.5,0.2,13,Muscle Gain,Breakfast,0
61,Scrambled Eggs (2),Brazil,145,12,10,1,Muscle Gain,Breakfast,0
61,Whole Wheat Bread,Brazil,250,9,3,48,Muscle Gain,Breakfast,0
61,Couscous (Nordestino),Brazil,110,4,0.5,23,Muscle Gain,Breakfast,0
61,Fruit Smoothie,Brazil,60,2,0.5,12,Muscle Gain,Breakfast,0
61,Feijoada (Lean Version),Brazil,170,14,9,10,Muscle Gain,Lunch,0
61,Moqueca (Fish Stew),Brazil,150,12,9,6,Muscle Gain,Lunch,0
61,Picanha (Lean Fat Cap),Brazil,240,25,15,0,Muscle Gain,Lunch,1
61,Chicken Coxinha (Baked),Brazil,220,12,10,22,Muscle Gain,Lunch,0
61,Rice and Black Beans,Brazil,130,6,1,25,Muscle Gain,Lunch,0
61,Grilled Chicken Breast,Brazil,165,31,3.6,0,Muscle Gain,Lunch,1
61,Shrimp Bobo,Brazil,180,15,11,8,Muscle Gain,Lunch,0
61,Hearts of Palm Salad,Brazil,30,2,0.2,5,Muscle Gain,Lunch,0
61,Roasted Pumpkin,Brazil,50,1,2,8,Muscle Gain,Lunch,0
61,Farofa (Toasted Cassava),Brazil,350,3,12,60,Muscle Gain,Lunch,0
61,Churrasco Skewer,Brazil,230,26,14,0,Muscle Gain,Dinner,1
61,Baked Snapper,Brazil,120,23,3,0,Muscle Gain,Dinner,1
61,Chicken Stroganoff,Brazil,190,16,12,7,Muscle Gain,Dinner,0
61,Mandioka (Boiled Yuca),Brazil,160,1.5,0.3,38,Muscle Gain,Dinner,0
61,Mixed Green Salad,Brazil,20,2,0.2,4,Muscle Gain,Dinner,0
61,Grilled Lobster Tail,Brazil,110,22,2,1,Muscle Gain,Dinner,1
61,Beef Kofta (Brazilian),Brazil,210,22,13,1,Muscle Gain,Dinner,1
61,Sauteed Kale (Couve),Brazil,50,3,3,6,Muscle Gain,Dinner,0
61,Garlic Shrimp,Brazil,130,20,5,2,Muscle Gain,Dinner,1
61,Veggie Moqueca,Brazil,110,4,7,9,Muscle Gain,Dinner,0
62,Grilled Mackerel,Japan,230,21,15,0,Muscle Gain,Breakfast,1
62,Miso Soup,Japan,35,3,1,4,Muscle Gain,Breakfast,0
62,Natto (Fermented Soy),Japan,210,18,11,14,Muscle Gain,Breakfast,0
62,Tamagoyaki,Japan,150,10,10,4,Muscle Gain,Breakfast,0
62,Boiled White Rice,Japan,130,3,0.3,28,Muscle Gain,Breakfast,0
62,Steamed Tofu,Japan,80,8,4,2,Muscle Gain,Breakfast,0
62,Pickled Vegetables,Japan,20,1,0.1,4,Muscle Gain,Breakfast,0
62,Green Tea,Japan,1,0.1,0,0,Muscle Gain,Breakfast,0
62,Onigiri (Tuna),Japan,170,5,1,35,Muscle Gain,Breakfast,0
62,Dried Seaweed,Japan,35,6,0.5,5,Muscle Gain,Breakfast,0
62,Salmon Sushi,Japan,145,7,2,24,Muscle Gain,Lunch,0
62,Tuna Sashimi,Japan,105,23,0.5,0,Muscle Gain,Lunch,1
62,Ramen (Shoyu),Japan,160,6,7,20,Muscle Gain,Lunch,0
62,Vegetable Tempura,Japan,220,3,14,22,Muscle Gain,Lunch,0
62,Cold Soba Noodles,Japan,115,5,1,22,Muscle Gain,Lunch,0
62,Chicken Yakitori,Japan,160,20,8,1,Muscle Gain,Lunch,1
62,Chawanmushi (Egg),Japan,90,7,6,2,Muscle Gain,Lunch,0
62,Edamame,Japan,122,11,5,10,Muscle Gain,Lunch,0
62,Salmon Teriyaki,Japan,190,21,9,6,Muscle Gain,Lunch,1
62,Beef Tataki,Japan,130,22,4,1,Muscle Gain,Lunch,1
62,Chicken Teriyaki,Japan,175,20,7,8,Muscle Gain,Dinner,1
62,Beef Gyudon (Lean),Japan,195,12,10,18,Muscle Gain,Dinner,0
62,Unagi (Grilled Eel),Japan,285,22,18,10,Muscle Gain,Dinner,1
62,Boiled Spinach (Gomae),Japan,45,3,2,4,Muscle Gain,Dinner,0
62,Beef Shabu Shabu,Japan,140,18,6,2,Muscle Gain,Dinner,0
62,Miso Glazed Cod,Japan,160,20,7,5,Muscle Gain,Dinner,1
62,Stir Fried Squid,Japan,100,18,2,2,Muscle Gain,Dinner,0
62,Clear Clam Soup,Japan,30,4,0.5,2,Muscle Gain,Dinner,0
62,Oden (Simmered),Japan,90,7,3,8,Muscle Gain,Dinner,0
62,Japanese Chicken Curry,Japan,150,9,7,14,Muscle Gain,Dinner,0
63,French Omelette,France,154,11,12,1,Muscle Gain,Breakfast,0
63,Greek Yogurt,France,59,10,0.5,4,Muscle Gain,Breakfast,0
63,Fruit Crepe (Lean),France,180,4,6,28,Muscle Gain,Breakfast,0
63,Whole Grain Baguette,France,250,9,2,48,Muscle Gain,Breakfast,0
63,Soft Boiled Egg,France,155,13,11,1,Muscle Gain,Breakfast,0
63,Cottage Cheese with Berries,France,95,11,4,5,Muscle Gain,Breakfast,0
63,Baked Apple,France,60,0.5,0.2,15,Muscle Gain,Breakfast,0
63,Ratatouille Tart,France,160,4,9,15,Muscle Gain,Breakfast,0
63,Walnut Bread,France,280,9,12,35,Muscle Gain,Breakfast,0
63,Low Fat Brie,France,250,20,18,1,Muscle Gain,Breakfast,1
63,Salad Nicoise,France,145,12,9,5,Muscle Gain,Lunch,0
63,Ratatouille,France,60,1,3,7,Muscle Gain,Lunch,0
63,Steak Frites (Lean),France,240,18,12,15,Muscle Gain,Lunch,0
63,French Onion Soup,France,95,4,5,10,Muscle Gain,Lunch,0
63,Quiche Lorraine (Lean),France,250,9,18,14,Muscle Gain,Lunch,0
63,Roasted Chicken Breast,France,165,31,4,0,Muscle Gain,Lunch,1
63,Lentils with Herbs,France,110,9,0.5,18,Muscle Gain,Lunch,0
63,Grilled Mussels,France,170,24,4,7,Muscle Gain,Lunch,1
63,Vegetable Consomme,France,20,1,0,4,Muscle Gain,Lunch,0
63,Nicoise Sandwich,France,190,11,8,20,Muscle Gain,Lunch,0
63,Coq au Vin,France,165,18,8,4,Muscle Gain,Dinner,0
63,Salmon en Papillote,France,180,22,10,2,Muscle Gain,Dinner,1
63,Boeuf Bourguignon,France,190,20,11,5,Muscle Gain,Dinner,1
63,Roasted Duck Breast,France,220,19,15,0,Muscle Gain,Dinner,1
63,Bouillabaisse (Fish),France,110,18,3,4,Muscle Gain,Dinner,0
63,Veal Blanquette,France,170,20,9,4,Muscle Gain,Dinner,1
63,Steamed Asparagus,France,20,2,0.1,4,Muscle Gain,Dinner,0
63,Baked Camembert (Small),France,290,18,24,1,Muscle Gain,Dinner,0
63,Provencal Sea Bass,France,130,22,4,0,Muscle Gain,Dinner,1
63,Chicken Fricassee,France,160,18,9,3,Muscle Gain,Dinner,0
64,Grilled Mackerel,Japan,230,21,15,0,Weight Loss,Breakfast,0
64,Miso Soup,Japan,35,3,1,4,Weight Loss,Breakfast,1
64,Natto (Fermented Soy),Japan,210,18,11,14,Weight Loss,Breakfast,0
64,Tamagoyaki,Japan,150,10,10,4,Weight Loss,Breakfast,1
64,Boiled White Rice,Japan,130,3,0.3,28,Weight Loss,Breakfast,1
64,Steamed Tofu,Japan,80,8,4,2,Weight Loss,Breakfast,1
64,Pickled Vegetables,Japan,20,1,0.1,4,Weight Loss,Breakfast,1
64,Green Tea,Japan,1,0.1,0,0,Weight Loss,Breakfast,1
64,Onigiri (Tuna),Japan,170,5,1,35,Weight Loss,Breakfast,0
64,Dried Seaweed,Japan,35,6,0.5,5,Weight Loss,Breakfast,1
64,Salmon Sushi,Japan,145,7,2,24,Weight Loss,Lunch,1
64,Tuna Sashimi,Japan,105,23,0.5,0,Weight Loss,Lunch,1
64,Ramen (Shoyu),Japan,160,6,7,20,Weight Loss,Lunch,0
64,Vegetable Tempura,Japan,220,3,14,22,Weight Loss,Lunch,0
64,Cold Soba Noodles,Japan,115,5,1,22,Weight Loss,Lunch,1
64,Chicken Yakitori,Japan,160,20,8,1,Weight Loss,Lunch,0
64,Chawanmushi (Egg),Japan,90,7,6,2,Weight Loss,Lunch,1
64,Edamame,Japan,122,11,5,10,Weight Loss,Lunch,1
64,Salmon Teriyaki,Japan,190,21,9,6,Weight Loss,Lunch,0
64,Beef Tataki,Japan,130,22,4,1,Weight Loss,Lunch,1
64,Chicken Teriyaki,Japan,175,20,7,8,Weight Loss,Dinner,0
64,Beef Gyudon (Lean),Japan,195,12,10,18,Weight Loss,Dinner,0
64,Unagi (Grilled Eel),Japan,285,22,18,10,Weight Loss,Dinner,0
64,Boiled Spinach (Gomae),Japan,45,3,2,4,Weight Loss,Dinner,1
64,Beef Shabu Shabu,Japan,140,18,6,2,Weight Loss,Dinner,1
64,Miso Glazed Cod,Japan,160,20,7,5,Weight Loss,Dinner,0
64,Stir Fried Squid,Japan,100,18,2,2,Weight Loss,Dinner,1
64,Clear Clam Soup,Japan,30,4,0.5,2,Weight Loss,Dinner,1
64,Oden (Simmered),Japan,90,7,3,8,Weight Loss,Dinner,1
64,Japanese Chicken Curry,Japan,150,9,7,14,Weight Loss,Dinner,1
65,Shakshuka,Saudi Arabia,115,8,8,4,Weight Loss,Breakfast,1
65,Foul Medames,Saudi Arabia,110,7,2,18,Weight Loss,Breakfast,1
65,Sukkari Dates,Saudi Arabia,280,2,0.4,75,Weight Loss,Breakfast,0
65,Labneh (Low Fat),Saudi Arabia,120,10,7,5,Weight Loss,Breakfast,1
65,Whole Wheat Tamis,Saudi Arabia,240,8,2,48,Weight Loss,Breakfast,0
65,Boiled Fava Beans,Saudi Arabia,110,8,1,19,Weight Loss,Breakfast,1
65,Arabic Salad,Saudi Arabia,45,1,2,6,Weight Loss,Breakfast,1
65,Egg and Tomato,Saudi Arabia,95,7,6,3,Weight Loss,Breakfast,1
65,Grilled Halloumi,Saudi Arabia,320,21,24,2,Weight Loss,Breakfast,0
65,Olive Bread,Saudi Arabia,250,7,9,35,Weight Loss,Breakfast,0
65,Chicken Kabsa (Skinless),Saudi Arabia,170,12,6,20,Weight Loss,Lunch,0
65,Lamb Mandi (Lean),Saudi Arabia,210,17,12,15,Weight Loss,Lunch,0
65,Grilled Fish Sayadiya,Saudi Arabia,160,19,6,10,Weight Loss,Lunch,0
65,Jareesh (Whole Wheat),Saudi Arabia,130,7,4,18,Weight Loss,Lunch,1
65,Grilled Chicken Shish,Saudi Arabia,150,24,5,0,Weight Loss,Lunch,1
65,Lentil Salad,Saudi Arabia,115,8,3,15,Weight Loss,Lunch,1
65,Steamed Shrimp,Saudi Arabia,100,21,1,1,Weight Loss,Lunch,1
65,Hummus (Plain),Saudi Arabia,160,8,10,14,Weight Loss,Lunch,0
65,Roasted Eggplant,Saudi Arabia,70,1,4,8,Weight Loss,Lunch,1
65,Okra Stew (Bamia),Saudi Arabia,85,3,4,10,Weight Loss,Lunch,1
65,Grilled Lamb Chops,Saudi Arabia,240,25,16,0,Weight Loss,Dinner,0
65,Chicken Shawarma Plate,Saudi Arabia,180,20,9,2,Weight Loss,Dinner,0
65,Vegetable Harees,Saudi Arabia,110,5,2,18,Weight Loss,Dinner,1
65,Baked Sea Bream,Saudi Arabia,130,20,5,0,Weight Loss,Dinner,1
65,Kousa Mahshi (Squash),Saudi Arabia,90,5,3,12,Weight Loss,Dinner,1
65,Arabic Lentil Soup,Saudi Arabia,70,5,1,11,Weight Loss,Dinner,1
65,Mutabbaq (Veggie),Saudi Arabia,180,8,10,15,Weight Loss,Dinner,0
65,Grilled Octopus,Saudi Arabia,160,30,2,0,Weight Loss,Dinner,0
65,Stuffed Bell Peppers,Saudi Arabia,110,6,4,13,Weight Loss,Dinner,1
65,Mutton Kofta,Saudi Arabia,220,24,13,1,Weight Loss,Dinner,0
66,Ricotta with Berries,Italy,150,9,10,8,Muscle Gain,Breakfast,0
66,Fresh Fruit Salad,Italy,50,1,0.3,12,Muscle Gain,Breakfast,0
66,Whole Wheat Biscotti,Italy,380,8,12,60,Muscle Gain,Breakfast,0
66,Greek Yogurt with Nuts,Italy,130,11,8,6,Muscle Gain,Breakfast,0
66,Boiled Egg with Spinach,Italy,140,11,10,1,Muscle Gain,Breakfast,0
66,Focaccia with Tomato,Italy,250,7,9,36,Muscle Gain,Breakfast,0
66,Bruschetta (Tomato),Italy,180,4,6,28,Muscle Gain,Breakfast,0
66,Baked Peaches,Italy,60,1,0.2,15,Muscle Gain,Breakfast,0
66,Plain Cornetto,Italy,340,6,17,40,Muscle Gain,Breakfast,0
66,Espresso with Milk,Italy,30,2,1,3,Muscle Gain,Breakfast,0
66,Caprese Salad,Italy,170,9,14,3,Muscle Gain,Lunch,0
66,Minestrone Soup,Italy,60,3,1,10,Muscle Gain,Lunch,0
66,Mushroom Risotto,Italy,140,4,5,21,Muscle Gain,Lunch,0
66,Pasta e Fagioli,Italy,150,7,3,24,Muscle Gain,Lunch,0
66,Grilled Calamari,Italy,100,18,2,2,Muscle Gain,Lunch,0
66,Tuna & White Bean Salad,Italy,160,15,8,10,Muscle Gain,Lunch,0
66,Whole Wheat Margherita,Italy,220,10,8,28,Muscle Gain,Lunch,0
66,Lentil Pasta,Italy,180,12,2,30,Muscle Gain,Lunch,0
66,Seafood Pasta (Lean),Italy,160,14,4,18,Muscle Gain,Lunch,0
66,Roasted Eggplant,Italy,75,2,5,7,Muscle Gain,Lunch,0
66,Grilled Branzino,Italy,120,23,3,0,Muscle Gain,Dinner,1
66,Osso Buco (Lean),Italy,180,22,10,3,Muscle Gain,Dinner,1
66,Chicken Piccata,Italy,175,21,9,4,Muscle Gain,Dinner,1
66,Veal Marsala (Lean),Italy,200,24,10,5,Muscle Gain,Dinner,1
66,Baked Sea Bream,Italy,130,22,4,0,Muscle Gain,Dinner,1
66,Bresaola with Arugula,Italy,150,25,4,2,Muscle Gain,Dinner,1
66,Stuffed Zucchini,Italy,110,6,5,12,Muscle Gain,Dinner,0
66,Tomato Basil Cod,Italy,105,22,1,2,Muscle Gain,Dinner,1
66,Beef Tagliata,Italy,210,26,12,0,Muscle Gain,Dinner,1
66,Vegetable Lasagna,Italy,160,8,7,18,Muscle Gain,Dinner,0
67,Huevos Rancheros,Mexico,165,8,11,12,Muscle Gain,Breakfast,0
67,Chilaquiles (Baked),Mexico,190,6,10,22,Muscle Gain,Breakfast,0
67,Pork Tamales,Mexico,230,9,14,20,Muscle Gain,Breakfast,0
67,Molletes (Whole Wheat),Mexico,200,10,7,25,Muscle Gain,Breakfast,0
67,Fruit Salad with Lime,Mexico,55,1,0.5,13,Muscle Gain,Breakfast,0
67,Scrambled Eggs with Salsa,Mexico,140,10,11,2,Muscle Gain,Breakfast,0
67,Refried Black Beans,Mexico,120,7,3,16,Muscle Gain,Breakfast,0
67,Mexican Papaya,Mexico,43,0.5,0.1,11,Muscle Gain,Breakfast,0
67,Nopalitos (Cactus Eggs),Mexico,90,6,6,4,Muscle Gain,Breakfast,0
67,Oatmeal with Cinnamon,Mexico,110,4,2,18,Muscle Gain,Breakfast,0
67,Tacos al Pastor (Lean),Mexico,200,14,9,16,Muscle Gain,Lunch,0
67,Chicken Enchiladas,Mexico,185,12,10,14,Muscle Gain,Lunch,0
67,Pozole Soup (Chicken),Mexico,105,9,3,11,Muscle Gain,Lunch,0
67,Chicken Mole (Lean),Mexico,220,16,12,13,Muscle Gain,Lunch,0
67,Fish Ceviche,Mexico,95,15,2,5,Muscle Gain,Lunch,0
67,Grilled Shrimp Tacos,Mexico,160,14,6,14,Muscle Gain,Lunch,0
67,Black Bean Soup,Mexico,90,6,1,16,Muscle Gain,Lunch,0
67,Guacamole & Jicama,Mexico,120,2,10,8,Muscle Gain,Lunch,0
67,Fajita Chicken Salad,Mexico,140,20,6,5,Muscle Gain,Lunch,1
67,Grilled Corn (Elote),Mexico,150,4,6,25,Muscle Gain,Lunch,0
67,Pork Carnitas (Lean),Mexico,240,22,16,0,Muscle Gain,Dinner,1
67,Cheese Quesadilla (WW),Mexico,270,12,16,22,Muscle Gain,Dinner,0
67,Chile Relleno (Baked),Mexico,170,8,11,10,Muscle Gain,Dinner,0
67,Carne Asada,Mexico,210,26,12,0,Muscle Gain,Dinner,1
67,Tortilla Soup,Mexico,110,6,6,9,Muscle Gain,Dinner,0
67,Baked Red Snapper,Mexico,120,24,3,0,Muscle Gain,Dinner,1
67,Beef Barbacoa,Mexico,200,22,12,2,Muscle Gain,Dinner,1
67,Grilled Vegetables,Mexico,70,2,4,8,Muscle Gain,Dinner,0
67,Turkey Tostadas,Mexico,180,15,8,14,Muscle Gain,Dinner,0
67,Lentil Sopa,Mexico,100,7,2,15,Muscle Gain,Dinner,0
68,Acai Bowl (Unsweetened),Brazil,100,2,5,14,Maintenance,Breakfast,0
68,Pao de Queijo (Small),Brazil,310,6,18,34,Maintenance,Breakfast,0
68,Tapioca with Cheese,Brazil,180,4,6,30,Maintenance,Breakfast,0
68,Papaya Fruit,Brazil,43,0.5,0.1,11,Maintenance,Breakfast,0
68,Bolo de Fuba (Corn),Brazil,320,5,14,45,Maintenance,Breakfast,0
68,Grilled Pineapple,Brazil,50,0.5,0.2,13,Maintenance,Breakfast,0
68,Scrambled Eggs (2),Brazil,145,12,10,1,Maintenance,Breakfast,1
68,Whole Wheat Bread,Brazil,250,9,3,48,Maintenance,Breakfast,0
68,Couscous (Nordestino),Brazil,110,4,0.5,23,Maintenance,Breakfast,0
68,Fruit Smoothie,Brazil,60,2,0.5,12,Maintenance,Breakfast,0
68,Feijoada (Lean Version),Brazil,170,14,9,10,Maintenance,Lunch,1
68,Moqueca (Fish Stew),Brazil,150,12,9,6,Maintenance,Lunch,1
68,Picanha (Lean Fat Cap),Brazil,240,25,15,0,Maintenance,Lunch,0
68,Chicken Coxinha (Baked),Brazil,220,12,10,22,Maintenance,Lunch,1
68,Rice and Black Beans,Brazil,130,6,1,25,Maintenance,Lunch,0
68,Grilled Chicken Breast,Brazil,165,31,3.6,0,Maintenance,Lunch,0
68,Shrimp Bobo,Brazil,180,15,11,8,Maintenance,Lunch,1
68,Hearts of Palm Salad,Brazil,30,2,0.2,5,Maintenance,Lunch,0
68,Roasted Pumpkin,Brazil,50,1,2,8,Maintenance,Lunch,0
68,Farofa (Toasted Cassava),Brazil,350,3,12,60,Maintenance,Lunch,0
68,Churrasco Skewer,Brazil,230,26,14,0,Maintenance,Dinner,0
68,Baked Snapper,Brazil,120,23,3,0,Maintenance,Dinner,1
68,Chicken Stroganoff,Brazil,190,16,12,7,Maintenance,Dinner,1
68,Mandioka (Boiled Yuca),Brazil,160,1.5,0.3,38,Maintenance,Dinner,0
68,Mixed Green Salad,Brazil,20,2,0.2,4,Maintenance,Dinner,0
68,Grilled Lobster Tail,Brazil,110,22,2,1,Maintenance,Dinner,1
68,Beef Kofta (Brazilian),Brazil,210,22,13,1,Maintenance,Dinner,1
68,Sauteed Kale (Couve),Brazil,50,3,3,6,Maintenance,Dinner,0
68,Garlic Shrimp,Brazil,130,20,5,2,Maintenance,Dinner,1
68,Veggie Moqueca,Brazil,110,4,7,9,Maintenance,Dinner,0
69,Huevos Rancheros,Mexico,165,8,11,12,Maintenance,Breakfast,0
69,Chilaquiles (Baked),Mexico,190,6,10,22,Maintenance,Breakfast,0
69,Pork Tamales,Mexico,230,9,14,20,Maintenance,Breakfast,0
69,Molletes (Whole Wheat),Mexico,200,10,7,25,Maintenance,Breakfast,0
69,Fruit Salad with Lime,Mexico,55,1,0.5,13,Maintenance,Breakfast,0
69,Scrambled Eggs with Salsa,Mexico,140,10,11,2,Maintenance,Breakfast,0
69,Refried Black Beans,Mexico,120,7,3,16,Maintenance,Breakfast,0
69,Mexican Papaya,Mexico,43,0.5,0.1,11,Maintenance,Breakfast,0
69,Nopalitos (Cactus Eggs),Mexico,90,6,6,4,Maintenance,Breakfast,0
69,Oatmeal with Cinnamon,Mexico,110,4,2,18,Maintenance,Breakfast,0
69,Tacos al Pastor (Lean),Mexico,200,14,9,16,Maintenance,Lunch,1
69,Chicken Enchiladas,Mexico,185,12,10,14,Maintenance,Lunch,1
69,Pozole Soup (Chicken),Mexico,105,9,3,11,Maintenance,Lunch,0
69,Chicken Mole (Lean),Mexico,220,16,12,13,Maintenance,Lunch,1
69,Fish Ceviche,Mexico,95,15,2,5,Maintenance,Lunch,1
69,Grilled Shrimp Tacos,Mexico,160,14,6,14,Maintenance,Lunch,1
69,Black Bean Soup,Mexico,90,6,1,16,Maintenance,Lunch,0
69,Guacamole & Jicama,Mexico,120,2,10,8,Maintenance,Lunch,0
69,Fajita Chicken Salad,Mexico,140,20,6,5,Maintenance,Lunch,1
69,Grilled Corn (Elote),Mexico,150,4,6,25,Maintenance,Lunch,0
69,Pork Carnitas (Lean),Mexico,240,22,16,0,Maintenance,Dinner,1
69,Cheese Quesadilla (WW),Mexico,270,12,16,22,Maintenance,Dinner,1
69,Chile Relleno (Baked),Mexico,170,8,11,10,Maintenance,Dinner,0
69,Carne Asada,Mexico,210,26,12,0,Maintenance,Dinner,0
69,Tortilla Soup,Mexico,110,6,6,9,Maintenance,Dinner,0
69,Baked Red Snapper,Mexico,120,24,3,0,Maintenance,Dinner,1
69,Beef Barbacoa,Mexico,200,22,12,2,Maintenance,Dinner,1
69,Grilled Vegetables,Mexico,70,2,4,8,Maintenance,Dinner,0
69,Turkey Tostadas,Mexico,180,15,8,14,Maintenance,Dinner,1
69,Lentil Sopa,Mexico,100,7,2,15,Maintenance,Dinner,0
70,Menemen (Eggs),Turkey,120,7,9,4,Weight Loss,Breakfast,1
70,Simit (Sesame Bread),Turkey,270,9,5,50,Weight Loss,Breakfast,0
70,White Cheese (Feta),Turkey,260,18,20,2,Weight Loss,Breakfast,0
70,Olives and Tomatoes,Turkey,80,1,8,3,Weight Loss,Breakfast,1
70,Honey and Kaymak,Turkey,350,2,25,30,Weight Loss,Breakfast,0
70,Sucuk (Small Portion),Turkey,330,14,30,2,Weight Loss,Breakfast,0
70,Boiled Egg & Parsley,Turkey,145,12,10,1,Weight Loss,Breakfast,1
70,Tahini & Molasses,Turkey,400,10,25,38,Weight Loss,Breakfast,0
70,Acuka (Nut Spread),Turkey,250,5,22,10,Weight Loss,Breakfast,0
70,Cucumber with Dill,Turkey,20,1,0.1,4,Weight Loss,Breakfast,1
70,Doner Kebab (Chicken Lean),Turkey,180,20,10,4,Weight Loss,Lunch,0
70,Lentil Soup (Mercimek),Turkey,75,5,1,12,Weight Loss,Lunch,1
70,Lahmacun (One Piece),Turkey,190,9,8,22,Weight Loss,Lunch,0
70,Bulgur Pilaf,Turkey,120,4,1,25,Weight Loss,Lunch,1
70,Cacik (Yogurt Dip),Turkey,50,4,2,4,Weight Loss,Lunch,1
70,Kofte (Grilled Meatball),Turkey,220,24,13,2,Weight Loss,Lunch,0
70,Vegetable Pide,Turkey,240,8,9,32,Weight Loss,Lunch,0
70,Stuffed Eggplant,Turkey,110,2,8,10,Weight Loss,Lunch,1
70,Shepherd Salad,Turkey,40,1,2,5,Weight Loss,Lunch,1
70,Chicken Shish Kebab,Turkey,155,24,6,0,Weight Loss,Lunch,0
70,Lamb Shish Kebab,Turkey,230,25,14,0,Weight Loss,Dinner,0
70,Baked Sea Bass,Turkey,130,23,4,0,Weight Loss,Dinner,1
70,Beef Manti (Small Portion),Turkey,200,11,9,20,Weight Loss,Dinner,0
70,Iskender (Lean Meat),Turkey,240,18,16,10,Weight Loss,Dinner,0
70,Okra Stew with Lamb,Turkey,120,12,7,4,Weight Loss,Dinner,1
70,Borek (Spinach/Cheese),Turkey,300,10,18,26,Weight Loss,Dinner,0
70,Kurnu Yaruk (Eggplant),Turkey,140,10,10,4,Weight Loss,Dinner,1
70,Grilled Quail,Turkey,200,25,11,0,Weight Loss,Dinner,0
70,White Bean Stew,Turkey,125,8,3,17,Weight Loss,Dinner,1
70,Stuffed Cabbage Rolls,Turkey,135,9,7,10,Weight Loss,Dinner,1
71,Shakshuka,Saudi Arabia,115,8,8,4,Weight Loss,Breakfast,1
71,Foul Medames,Saudi Arabia,110,7,2,18,Weight Loss,Breakfast,1
71,Sukkari Dates,Saudi Arabia,280,2,0.4,75,Weight Loss,Breakfast,0
71,Labneh (Low Fat),Saudi Arabia,120,10,7,5,Weight Loss,Breakfast,1
71,Whole Wheat Tamis,Saudi Arabia,240,8,2,48,Weight Loss,Breakfast,0
71,Boiled Fava Beans,Saudi Arabia,110,8,1,19,Weight Loss,Breakfast,1
71,Arabic Salad,Saudi Arabia,45,1,2,6,Weight Loss,Breakfast,1
71,Egg and Tomato,Saudi Arabia,95,7,6,3,Weight Loss,Breakfast,1
71,Grilled Halloumi,Saudi Arabia,320,21,24,2,Weight Loss,Breakfast,0
71,Olive Bread,Saudi Arabia,250,7,9,35,Weight Loss,Breakfast,0
71,Chicken Kabsa (Skinless),Saudi Arabia,170,12,6,20,Weight Loss,Lunch,0
71,Lamb Mandi (Lean),Saudi Arabia,210,17,12,15,Weight Loss,Lunch,0
71,Grilled Fish Sayadiya,Saudi Arabia,160,19,6,10,Weight Loss,Lunch,0
71,Jareesh (Whole Wheat),Saudi Arabia,130,7,4,18,Weight Loss,Lunch,1
71,Grilled Chicken Shish,Saudi Arabia,150,24,5,0,Weight Loss,Lunch,1
71,Lentil Salad,Saudi Arabia,115,8,3,15,Weight Loss,Lunch,1
71,Steamed Shrimp,Saudi Arabia,100,21,1,1,Weight Loss,Lunch,1
71,Hummus (Plain),Saudi Arabia,160,8,10,14,Weight Loss,Lunch,0
71,Roasted Eggplant,Saudi Arabia,70,1,4,8,Weight Loss,Lunch,1
71,Okra Stew (Bamia),Saudi Arabia,85,3,4,10,Weight Loss,Lunch,1
71,Grilled Lamb Chops,Saudi Arabia,240,25,16,0,Weight Loss,Dinner,0
71,Chicken Shawarma Plate,Saudi Arabia,180,20,9,2,Weight Loss,Dinner,0
71,Vegetable Harees,Saudi Arabia,110,5,2,18,Weight Loss,Dinner,1
71,Baked Sea Bream,Saudi Arabia,130,20,5,0,Weight Loss,Dinner,1
71,Kousa Mahshi (Squash),Saudi Arabia,90,5,3,12,Weight Loss,Dinner,1
71,Arabic Lentil Soup,Saudi Arabia,70,5,1,11,Weight Loss,Dinner,1
71,Mutabbaq (Veggie),Saudi Arabia,180,8,10,15,Weight Loss,Dinner,0
71,Grilled Octopus,Saudi Arabia,160,30,2,0,Weight Loss,Dinner,0
71,Stuffed Bell Peppers,Saudi Arabia,110,6,4,13,Weight Loss,Dinner,1
71,Mutton Kofta,Saudi Arabia,220,24,13,1,Weight Loss,Dinner,0
72,Zaatar Manakish (WW),Lebanon,260,7,12,32,Muscle Gain,Breakfast,0
72,Labneh with Olive Oil,Lebanon,160,8,13,5,Muscle Gain,Breakfast,0
72,Shakshuka (Eggs),Lebanon,115,8,8,4,Muscle Gain,Breakfast,0
72,Foul Medames,Lebanon,110,7,3,17,Muscle Gain,Breakfast,0
72,Grilled Halloumi,Lebanon,320,22,25,2,Muscle Gain,Breakfast,1
72,Arabic Coffee & Dates,Lebanon,280,2,0.4,75,Muscle Gain,Breakfast,0
72,Cheese Knefeh (Small),Lebanon,360,9,20,38,Muscle Gain,Breakfast,0
72,Thyme and Cucumber,Lebanon,30,1,2,4,Muscle Gain,Breakfast,0
72,Boiled Egg & Zaatar,Lebanon,155,12,11,2,Muscle Gain,Breakfast,0
72,Honey & Ricotta,Lebanon,170,9,10,12,Muscle Gain,Breakfast,0
72,Tabbouleh Salad,Lebanon,110,2,7,11,Muscle Gain,Lunch,0
72,Fattoush Salad,Lebanon,95,2,5,10,Muscle Gain,Lunch,0
72,Hummus with Pine Nuts,Lebanon,180,8,12,12,Muscle Gain,Lunch,0
72,Baked Kibbeh (Lean),Lebanon,220,16,12,14,Muscle Gain,Lunch,0
72,Shish Tawook (Chicken),Lebanon,155,24,6,1,Muscle Gain,Lunch,1
72,Falafel (Baked),Lebanon,260,12,14,24,Muscle Gain,Lunch,0
72,Baba Ganoush,Lebanon,120,2,9,8,Muscle Gain,Lunch,0
72,Lentil Soup (Adas),Lebanon,80,5,1,13,Muscle Gain,Lunch,0
72,Stuffed Cabbage,Lebanon,130,8,7,10,Muscle Gain,Lunch,0
72,Fried Cauliflower,Lebanon,140,3,12,8,Muscle Gain,Lunch,0
72,Grilled Beef Kafta,Lebanon,230,24,15,1,Muscle Gain,Dinner,1
72,Baked Sea Bass,Lebanon,130,23,4,0,Muscle Gain,Dinner,1
72,Lamb Chops (Lean),Lebanon,250,26,16,0,Muscle Gain,Dinner,1
72,Mujadara (Lentil/Rice),Lebanon,145,6,4,24,Muscle Gain,Dinner,0
72,Green Bean Stew,Lebanon,90,3,5,9,Muscle Gain,Dinner,0
72,Okra in Oil,Lebanon,80,2,5,8,Muscle Gain,Dinner,0
72,Grilled Prawns,Lebanon,110,22,2,1,Muscle Gain,Dinner,1
72,Lebanese Moussaka,Lebanon,120,4,7,11,Muscle Gain,Dinner,0
72,Roast Chicken & Garlic,Lebanon,165,30,5,1,Muscle Gain,Dinner,1
72,Beef Shawarma Plate,Lebanon,210,22,12,3,Muscle Gain,Dinner,1
73,Steamed Shrimp Dim Sum,China,160,9,6,18,Maintenance,Breakfast,0
73,Rice Congee (Plain),China,50,1,0.2,11,Maintenance,Breakfast,0
73,Pork Baozi (Steamed),China,230,10,8,30,Maintenance,Breakfast,0
73,Scallion Pancake,China,280,5,14,34,Maintenance,Breakfast,0
73,Soy Milk (Unsweetened),China,35,3,2,2,Maintenance,Breakfast,0
73,Tea Leaf Egg,China,155,13,11,1,Maintenance,Breakfast,1
73,Wonton Soup,China,80,5,3,9,Maintenance,Breakfast,0
73,Steamed Rice Rolls,China,140,3,0.5,31,Maintenance,Breakfast,0
73,Millet Porridge,China,60,2,1,12,Maintenance,Breakfast,0
73,Red Bean Bun,China,250,6,4,48,Maintenance,Breakfast,0
73,Kung Pao Chicken (Lean),China,180,16,11,7,Maintenance,Lunch,1
73,Mapo Tofu (Low Fat),China,115,9,7,4,Maintenance,Lunch,0
73,Beef and Broccoli,China,130,14,6,6,Maintenance,Lunch,1
73,Steamed Sea Bass,China,110,21,3,0,Maintenance,Lunch,1
73,Buddha's Delight (Veg),China,80,4,3,10,Maintenance,Lunch,0
73,Chicken Cashew Nut,China,200,18,12,8,Maintenance,Lunch,1
73,Hot and Sour Soup,China,65,4,3,7,Maintenance,Lunch,0
73,Shrimp Fried Rice (Small),China,170,7,5,24,Maintenance,Lunch,0
73,Stir Fried Spinach,China,45,3,2,4,Maintenance,Lunch,0
73,Chicken Dumplings,China,190,12,8,18,Maintenance,Lunch,1
73,Peking Duck (No Skin),China,220,25,13,0,Maintenance,Dinner,0
73,Twice Cooked Pork (Lean),China,240,20,17,3,Maintenance,Dinner,1
73,Szechuan Fish,China,150,18,8,2,Maintenance,Dinner,1
73,Ants Climbing a Tree,China,210,12,11,16,Maintenance,Dinner,1
73,Bitter Melon with Egg,China,90,6,6,4,Maintenance,Dinner,0
73,Lemon Chicken (Baked),China,180,21,8,7,Maintenance,Dinner,1
73,Bok Choy with Garlic,China,35,2,2,3,Maintenance,Dinner,0
73,Ma Po Eggplant,China,100,2,7,8,Maintenance,Dinner,0
73,Braised Beef Noodle,China,160,10,6,16,Maintenance,Dinner,0
73,Egg Drop Soup,China,40,2,3,2,Maintenance,Dinner,0
74,Oatmeal with Almonds,Pakistan,120,5,4,18,Weight Loss,Breakfast,1
74,Boiled Eggs,Pakistan,155,13,11,1,Weight Loss,Breakfast,0
74,Whole Wheat Paratha,Pakistan,260,6,12,35,Weight Loss,Breakfast,0
74,Egg White Omelette,Pakistan,52,11,0.2,0.7,Weight Loss,Breakfast,1
74,Yogurt with Honey,Pakistan,70,4,2,10,Weight Loss,Breakfast,1
74,Chana Masala,Pakistan,140,6,5,18,Weight Loss,Breakfast,1
74,Fruit Chaat,Pakistan,80,1,0.5,18,Weight Loss,Breakfast,1
74,Mung Daal Chilla,Pakistan,160,9,4,22,Weight Loss,Breakfast,0
74,Lassi (Salted),Pakistan,45,3,2,4,Weight Loss,Breakfast,1
74,Mixed Nuts,Pakistan,600,20,50,20,Weight Loss,Breakfast,0
74,Chicken Karahi (Lean),Pakistan,150,19,7,2,Weight Loss,Lunch,1
74,Daal Mash,Pakistan,105,7,3,13,Weight Loss,Lunch,1
74,Mixed Veg Sabzi,Pakistan,85,3,5,10,Weight Loss,Lunch,1
74,Chicken Tikka Breast,Pakistan,140,26,3,0,Weight Loss,Lunch,1
74,Grilled Fish,Pakistan,110,20,3,0,Weight Loss,Lunch,1
74,Lentil Soup,Pakistan,75,5,1,12,Weight Loss,Lunch,1
74,Brown Rice,Pakistan,110,3,1,23,Weight Loss,Lunch,1
74,Chapli Kebab (Baked),Pakistan,210,22,12,2,Weight Loss,Lunch,0
74,Palak Paneer,Pakistan,150,9,11,4,Weight Loss,Lunch,1
74,Tinda Masala,Pakistan,60,2,3,7,Weight Loss,Lunch,1
74,Mutton Stew (Lean),Pakistan,180,20,10,2,Weight Loss,Dinner,0
74,Baked Trout,Pakistan,150,19,7,0,Weight Loss,Dinner,1
74,Chicken Haleem,Pakistan,130,12,5,12,Weight Loss,Dinner,1
74,Okra Bhindi Fry,Pakistan,90,2,6,8,Weight Loss,Dinner,1
74,Steamed Chicken,Pakistan,120,22,2,4,Weight Loss,Dinner,1
74,Matar Paneer,Pakistan,160,10,10,8,Weight Loss,Dinner,0
74,Beef Shish Kebab,Pakistan,200,25,11,0,Weight Loss,Dinner,0
74,Red Kidney Beans,Pakistan,120,8,1,20,Weight Loss,Dinner,1
74,Pumpkin Masala,Pakistan,50,1,2,8,Weight Loss,Dinner,1
74,Whole Wheat Roti,Pakistan,260,9,1,55,Weight Loss,Dinner,0
75,Zaatar Manakish (WW),Lebanon,260,7,12,32,Muscle Gain,Breakfast,0
75,Labneh with Olive Oil,Lebanon,160,8,13,5,Muscle Gain,Breakfast,0
75,Shakshuka (Eggs),Lebanon,115,8,8,4,Muscle Gain,Breakfast,0
75,Foul Medames,Lebanon,110,7,3,17,Muscle Gain,Breakfast,0
75,Grilled Halloumi,Lebanon,320,22,25,2,Muscle Gain,Breakfast,1
75,Arabic Coffee & Dates,Lebanon,280,2,0.4,75,Muscle Gain,Breakfast,0
75,Cheese Knefeh (Small),Lebanon,360,9,20,38,Muscle Gain,Breakfast,0
75,Thyme and Cucumber,Lebanon,30,1,2,4,Muscle Gain,Breakfast,0
75,Boiled Egg & Zaatar,Lebanon,155,12,11,2,Muscle Gain,Breakfast,0
75,Honey & Ricotta,Lebanon,170,9,10,12,Muscle Gain,Breakfast,0
75,Tabbouleh Salad,Lebanon,110,2,7,11,Muscle Gain,Lunch,0
75,Fattoush Salad,Lebanon,95,2,5,10,Muscle Gain,Lunch,0
75,Hummus with Pine Nuts,Lebanon,180,8,12,12,Muscle Gain,Lunch,0
75,Baked Kibbeh (Lean),Lebanon,220,16,12,14,Muscle Gain,Lunch,0
75,Shish Tawook (Chicken),Lebanon,155,24,6,1,Muscle Gain,Lunch,1
75,Falafel (Baked),Lebanon,260,12,14,24,Muscle Gain,Lunch,0
75,Baba Ganoush,Lebanon,120,2,9,8,Muscle Gain,Lunch,0
75,Lentil Soup (Adas),Lebanon,80,5,1,13,Muscle Gain,Lunch,0
75,Stuffed Cabbage,Lebanon,130,8,7,10,Muscle Gain,Lunch,0
75,Fried Cauliflower,Lebanon,140,3,12,8,Muscle Gain,Lunch,0
75,Grilled Beef Kafta,Lebanon,230,24,15,1,Muscle Gain,Dinner,1
75,Baked Sea Bass,Lebanon,130,23,4,0,Muscle Gain,Dinner,1
75,Lamb Chops (Lean),Lebanon,250,26,16,0,Muscle Gain,Dinner,1
75,Mujadara (Lentil/Rice),Lebanon,145,6,4,24,Muscle Gain,Dinner,0
75,Green Bean Stew,Lebanon,90,3,5,9,Muscle Gain,Dinner,0
75,Okra in Oil,Lebanon,80,2,5,8,Muscle Gain,Dinner,0
75,Grilled Prawns,Lebanon,110,22,2,1,Muscle Gain,Dinner,1
75,Lebanese Moussaka,Lebanon,120,4,7,11,Muscle Gain,Dinner,0
75,Roast Chicken & Garlic,Lebanon,165,30,5,1,Muscle Gain,Dinner,1
75,Beef Shawarma Plate,Lebanon,210,22,12,3,Muscle Gain,Dinner,1
76,Huevos Rancheros,Mexico,165,8,11,12,Muscle Gain,Breakfast,0
76,Chilaquiles (Baked),Mexico,190,6,10,22,Muscle Gain,Breakfast,0
76,Pork Tamales,Mexico,230,9,14,20,Muscle Gain,Breakfast,0
76,Molletes (Whole Wheat),Mexico,200,10,7,25,Muscle Gain,Breakfast,0
76,Fruit Salad with Lime,Mexico,55,1,0.5,13,Muscle Gain,Breakfast,0
76,Scrambled Eggs with Salsa,Mexico,140,10,11,2,Muscle Gain,Breakfast,0
76,Refried Black Beans,Mexico,120,7,3,16,Muscle Gain,Breakfast,0
76,Mexican Papaya,Mexico,43,0.5,0.1,11,Muscle Gain,Breakfast,0
76,Nopalitos (Cactus Eggs),Mexico,90,6,6,4,Muscle Gain,Breakfast,0
76,Oatmeal with Cinnamon,Mexico,110,4,2,18,Muscle Gain,Breakfast,0
76,Tacos al Pastor (Lean),Mexico,200,14,9,16,Muscle Gain,Lunch,0
76,Chicken Enchiladas,Mexico,185,12,10,14,Muscle Gain,Lunch,0
76,Pozole Soup (Chicken),Mexico,105,9,3,11,Muscle Gain,Lunch,0
76,Chicken Mole (Lean),Mexico,220,16,12,13,Muscle Gain,Lunch,0
76,Fish Ceviche,Mexico,95,15,2,5,Muscle Gain,Lunch,0
76,Grilled Shrimp Tacos,Mexico,160,14,6,14,Muscle Gain,Lunch,0
76,Black Bean Soup,Mexico,90,6,1,16,Muscle Gain,Lunch,0
76,Guacamole & Jicama,Mexico,120,2,10,8,Muscle Gain,Lunch,0
76,Fajita Chicken Salad,Mexico,140,20,6,5,Muscle Gain,Lunch,1
76,Grilled Corn (Elote),Mexico,150,4,6,25,Muscle Gain,Lunch,0
76,Pork Carnitas (Lean),Mexico,240,22,16,0,Muscle Gain,Dinner,1
76,Cheese Quesadilla (WW),Mexico,270,12,16,22,Muscle Gain,Dinner,0
76,Chile Relleno (Baked),Mexico,170,8,11,10,Muscle Gain,Dinner,0
76,Carne Asada,Mexico,210,26,12,0,Muscle Gain,Dinner,1
76,Tortilla Soup,Mexico,110,6,6,9,Muscle Gain,Dinner,0
76,Baked Red Snapper,Mexico,120,24,3,0,Muscle Gain,Dinner,1
76,Beef Barbacoa,Mexico,200,22,12,2,Muscle Gain,Dinner,1
76,Grilled Vegetables,Mexico,70,2,4,8,Muscle Gain,Dinner,0
76,Turkey Tostadas,Mexico,180,15,8,14,Muscle Gain,Dinner,0
76,Lentil Sopa,Mexico,100,7,2,15,Muscle Gain,Dinner,0
77,Acai Bowl (Unsweetened),Brazil,100,2,5,14,Maintenance,Breakfast,0
77,Pao de Queijo (Small),Brazil,310,6,18,34,Maintenance,Breakfast,0
77,Tapioca with Cheese,Brazil,180,4,6,30,Maintenance,Breakfast,0
77,Papaya Fruit,Brazil,43,0.5,0.1,11,Maintenance,Breakfast,0
77,Bolo de Fuba (Corn),Brazil,320,5,14,45,Maintenance,Breakfast,0
77,Grilled Pineapple,Brazil,50,0.5,0.2,13,Maintenance,Breakfast,0
77,Scrambled Eggs (2),Brazil,145,12,10,1,Maintenance,Breakfast,1
77,Whole Wheat Bread,Brazil,250,9,3,48,Maintenance,Breakfast,0
77,Couscous (Nordestino),Brazil,110,4,0.5,23,Maintenance,Breakfast,0
77,Fruit Smoothie,Brazil,60,2,0.5,12,Maintenance,Breakfast,0
77,Feijoada (Lean Version),Brazil,170,14,9,10,Maintenance,Lunch,1
77,Moqueca (Fish Stew),Brazil,150,12,9,6,Maintenance,Lunch,1
77,Picanha (Lean Fat Cap),Brazil,240,25,15,0,Maintenance,Lunch,0
77,Chicken Coxinha (Baked),Brazil,220,12,10,22,Maintenance,Lunch,1
77,Rice and Black Beans,Brazil,130,6,1,25,Maintenance,Lunch,0
77,Grilled Chicken Breast,Brazil,165,31,3.6,0,Maintenance,Lunch,0
77,Shrimp Bobo,Brazil,180,15,11,8,Maintenance,Lunch,1
77,Hearts of Palm Salad,Brazil,30,2,0.2,5,Maintenance,Lunch,0
77,Roasted Pumpkin,Brazil,50,1,2,8,Maintenance,Lunch,0
77,Farofa (Toasted Cassava),Brazil,350,3,12,60,Maintenance,Lunch,0
77,Churrasco Skewer,Brazil,230,26,14,0,Maintenance,Dinner,0
77,Baked Snapper,Brazil,120,23,3,0,Maintenance,Dinner,1
77,Chicken Stroganoff,Brazil,190,16,12,7,Maintenance,Dinner,1
77,Mandioka (Boiled Yuca),Brazil,160,1.5,0.3,38,Maintenance,Dinner,0
77,Mixed Green Salad,Brazil,20,2,0.2,4,Maintenance,Dinner,0
77,Grilled Lobster Tail,Brazil,110,22,2,1,Maintenance,Dinner,1
77,Beef Kofta (Brazilian),Brazil,210,22,13,1,Maintenance,Dinner,1
77,Sauteed Kale (Couve),Brazil,50,3,3,6,Maintenance,Dinner,0
77,Garlic Shrimp,Brazil,130,20,5,2,Maintenance,Dinner,1
77,Veggie Moqueca,Brazil,110,4,7,9,Maintenance,Dinner,0
78,Acai Bowl (Unsweetened),Brazil,100,2,5,14,Maintenance,Breakfast,0
78,Pao de Queijo (Small),Brazil,310,6,18,34,Maintenance,Breakfast,0
78,Tapioca with Cheese,Brazil,180,4,6,30,Maintenance,Breakfast,0
78,Papaya Fruit,Brazil,43,0.5,0.1,11,Maintenance,Breakfast,0
78,Bolo de Fuba (Corn),Brazil,320,5,14,45,Maintenance,Breakfast,0
78,Grilled Pineapple,Brazil,50,0.5,0.2,13,Maintenance,Breakfast,0
78,Scrambled Eggs (2),Brazil,145,12,10,1,Maintenance,Breakfast,1
78,Whole Wheat Bread,Brazil,250,9,3,48,Maintenance,Breakfast,0
78,Couscous (Nordestino),Brazil,110,4,0.5,23,Maintenance,Breakfast,0
78,Fruit Smoothie,Brazil,60,2,0.5,12,Maintenance,Breakfast,0
78,Feijoada (Lean Version),Brazil,170,14,9,10,Maintenance,Lunch,1
78,Moqueca (Fish Stew),Brazil,150,12,9,6,Maintenance,Lunch,1
78,Picanha (Lean Fat Cap),Brazil,240,25,15,0,Maintenance,Lunch,0
78,Chicken Coxinha (Baked),Brazil,220,12,10,22,Maintenance,Lunch,1
78,Rice and Black Beans,Brazil,130,6,1,25,Maintenance,Lunch,0
78,Grilled Chicken Breast,Brazil,165,31,3.6,0,Maintenance,Lunch,0
78,Shrimp Bobo,Brazil,180,15,11,8,Maintenance,Lunch,1
78,Hearts of Palm Salad,Brazil,30,2,0.2,5,Maintenance,Lunch,0
78,Roasted Pumpkin,Brazil,50,1,2,8,Maintenance,Lunch,0
78,Farofa (Toasted Cassava),Brazil,350,3,12,60,Maintenance,Lunch,0
78,Churrasco Skewer,Brazil,230,26,14,0,Maintenance,Dinner,0
78,Baked Snapper,Brazil,120,23,3,0,Maintenance,Dinner,1
78,Chicken Stroganoff,Brazil,190,16,12,7,Maintenance,Dinner,1
78,Mandioka (Boiled Yuca),Brazil,160,1.5,0.3,38,Maintenance,Dinner,0
78,Mixed Green Salad,Brazil,20,2,0.2,4,Maintenance,Dinner,0
78,Grilled Lobster Tail,Brazil,110,22,2,1,Maintenance,Dinner,1
78,Beef Kofta (Brazilian),Brazil,210,22,13,1,Maintenance,Dinner,1
78,Sauteed Kale (Couve),Brazil,50,3,3,6,Maintenance,Dinner,0
78,Garlic Shrimp,Brazil,130,20,5,2,Maintenance,Dinner,1
78,Veggie Moqueca,Brazil,110,4,7,9,Maintenance,Dinner,0
79,Oatmeal with Almonds,Pakistan,120,5,4,18,Muscle Gain,Breakfast,0
79,Boiled Eggs,Pakistan,155,13,11,1,Muscle Gain,Breakfast,0
79,Whole Wheat Paratha,Pakistan,260,6,12,35,Muscle Gain,Breakfast,0
79,Egg White Omelette,Pakistan,52,11,0.2,0.7,Muscle Gain,Breakfast,0
79,Yogurt with Honey,Pakistan,70,4,2,10,Muscle Gain,Breakfast,0
79,Chana Masala,Pakistan,140,6,5,18,Muscle Gain,Breakfast,0
79,Fruit Chaat,Pakistan,80,1,0.5,18,Muscle Gain,Breakfast,0
79,Mung Daal Chilla,Pakistan,160,9,4,22,Muscle Gain,Breakfast,0
79,Lassi (Salted),Pakistan,45,3,2,4,Muscle Gain,Breakfast,0
79,Mixed Nuts,Pakistan,600,20,50,20,Muscle Gain,Breakfast,1
79,Chicken Karahi (Lean),Pakistan,150,19,7,2,Muscle Gain,Lunch,1
79,Daal Mash,Pakistan,105,7,3,13,Muscle Gain,Lunch,0
79,Mixed Veg Sabzi,Pakistan,85,3,5,10,Muscle Gain,Lunch,0
79,Chicken Tikka Breast,Pakistan,140,26,3,0,Muscle Gain,Lunch,1
79,Grilled Fish,Pakistan,110,20,3,0,Muscle Gain,Lunch,1
79,Lentil Soup,Pakistan,75,5,1,12,Muscle Gain,Lunch,0
79,Brown Rice,Pakistan,110,3,1,23,Muscle Gain,Lunch,0
79,Chapli Kebab (Baked),Pakistan,210,22,12,2,Muscle Gain,Lunch,1
79,Palak Paneer,Pakistan,150,9,11,4,Muscle Gain,Lunch,0
79,Tinda Masala,Pakistan,60,2,3,7,Muscle Gain,Lunch,0
79,Mutton Stew (Lean),Pakistan,180,20,10,2,Muscle Gain,Dinner,1
79,Baked Trout,Pakistan,150,19,7,0,Muscle Gain,Dinner,1
79,Chicken Haleem,Pakistan,130,12,5,12,Muscle Gain,Dinner,0
79,Okra Bhindi Fry,Pakistan,90,2,6,8,Muscle Gain,Dinner,0
79,Steamed Chicken,Pakistan,120,22,2,4,Muscle Gain,Dinner,1
79,Matar Paneer,Pakistan,160,10,10,8,Muscle Gain,Dinner,0
79,Beef Shish Kebab,Pakistan,200,25,11,0,Muscle Gain,Dinner,1
79,Red Kidney Beans,Pakistan,120,8,1,20,Muscle Gain,Dinner,0
79,Pumpkin Masala,Pakistan,50,1,2,8,Muscle Gain,Dinner,0
79,Whole Wheat Roti,Pakistan,260,9,1,55,Muscle Gain,Dinner,0
80,Greek Yogurt & Honey,Greece,115,9,4,12,Maintenance,Breakfast,0
80,Spanakopita (Baked),Greece,240,7,15,20,Maintenance,Breakfast,0
80,Boiled Egg & Olives,Greece,180,10,15,2,Maintenance,Breakfast,0
80,Whole Wheat Rusks,Greece,310,10,3,62,Maintenance,Breakfast,0
80,Feta Cheese Omelette,Greece,190,13,15,1,Maintenance,Breakfast,1
80,Fresh Figs,Greece,74,1,0.3,19,Maintenance,Breakfast,0
80,Tahini on Toast,Greece,280,9,18,22,Maintenance,Breakfast,0
80,Cucumber and Tomato,Greece,25,1,0.2,5,Maintenance,Breakfast,0
80,Baked Rice Pudding,Greece,130,4,3,22,Maintenance,Breakfast,0
80,Grapefruit with Mint,Greece,42,0.8,0.1,11,Maintenance,Breakfast,0
80,Greek Salad (Horiatiki),Greece,110,4,9,5,Maintenance,Lunch,0
80,Chicken Souvlaki,Greece,160,24,6,1,Maintenance,Lunch,1
80,Moussaka (Healthy Style),Greece,180,10,11,12,Maintenance,Lunch,0
80,Lentil Soup (Fakes),Greece,105,8,3,14,Maintenance,Lunch,0
80,Grilled Octopus,Greece,160,30,2,0,Maintenance,Lunch,0
80,Stuffed Grape Leaves,Greece,140,4,8,15,Maintenance,Lunch,0
80,Baked Cod with Herbs,Greece,110,22,2,0,Maintenance,Lunch,1
80,Chickpea Stew,Greece,130,7,4,18,Maintenance,Lunch,0
80,Roasted Eggplant Dip,Greece,75,2,5,7,Maintenance,Lunch,0
80,Shrimp Saganaki,Greece,140,18,6,4,Maintenance,Lunch,1
80,Lamb Chops (Trimmed),Greece,260,25,18,0,Maintenance,Dinner,0
80,Baked Sea Bream,Greece,130,22,4,0,Maintenance,Dinner,1
80,Chicken Gyro Plate (Lean),Greece,190,22,10,3,Maintenance,Dinner,1
80,Stuffed Peppers (Gemista),Greece,110,6,4,14,Maintenance,Dinner,0
80,Beef Stifado Stew,Greece,180,20,10,4,Maintenance,Dinner,1
80,Grilled Sardines,Greece,200,25,11,0,Maintenance,Dinner,0
80,Gigantes Plaki (Beans),Greece,125,7,4,16,Maintenance,Dinner,0
80,Roasted Chicken & Lemon,Greece,160,24,7,2,Maintenance,Dinner,1
80,Grilled Squid,Greece,95,18,2,1,Maintenance,Dinner,1
80,Vegetable Briam,Greece,85,2,5,9,Maintenance,Dinner,0
81,French Omelette,France,154,11,12,1,Muscle Gain,Breakfast,0
81,Greek Yogurt,France,59,10,0.5,4,Muscle Gain,Breakfast,0
81,Fruit Crepe (Lean),France,180,4,6,28,Muscle Gain,Breakfast,0
81,Whole Grain Baguette,France,250,9,2,48,Muscle Gain,Breakfast,0
81,Soft Boiled Egg,France,155,13,11,1,Muscle Gain,Breakfast,0
81,Cottage Cheese with Berries,France,95,11,4,5,Muscle Gain,Breakfast,0
81,Baked Apple,France,60,0.5,0.2,15,Muscle Gain,Breakfast,0
81,Ratatouille Tart,France,160,4,9,15,Muscle Gain,Breakfast,0
81,Walnut Bread,France,280,9,12,35,Muscle Gain,Breakfast,0
81,Low Fat Brie,France,250,20,18,1,Muscle Gain,Breakfast,1
81,Salad Nicoise,France,145,12,9,5,Muscle Gain,Lunch,0
81,Ratatouille,France,60,1,3,7,Muscle Gain,Lunch,0
81,Steak Frites (Lean),France,240,18,12,15,Muscle Gain,Lunch,0
81,French Onion Soup,France,95,4,5,10,Muscle Gain,Lunch,0
81,Quiche Lorraine (Lean),France,250,9,18,14,Muscle Gain,Lunch,0
81,Roasted Chicken Breast,France,165,31,4,0,Muscle Gain,Lunch,1
81,Lentils with Herbs,France,110,9,0.5,18,Muscle Gain,Lunch,0
81,Grilled Mussels,France,170,24,4,7,Muscle Gain,Lunch,1
81,Vegetable Consomme,France,20,1,0,4,Muscle Gain,Lunch,0
81,Nicoise Sandwich,France,190,11,8,20,Muscle Gain,Lunch,0
81,Coq au Vin,France,165,18,8,4,Muscle Gain,Dinner,0
81,Salmon en Papillote,France,180,22,10,2,Muscle Gain,Dinner,1
81,Boeuf Bourguignon,France,190,20,11,5,Muscle Gain,Dinner,1
81,Roasted Duck Breast,France,220,19,15,0,Muscle Gain,Dinner,1
81,Bouillabaisse (Fish),France,110,18,3,4,Muscle Gain,Dinner,0
81,Veal Blanquette,France,170,20,9,4,Muscle Gain,Dinner,1
81,Steamed Asparagus,France,20,2,0.1,4,Muscle Gain,Dinner,0
81,Baked Camembert (Small),France,290,18,24,1,Muscle Gain,Dinner,0
81,Provencal Sea Bass,France,130,22,4,0,Muscle Gain,Dinner,1
81,Chicken Fricassee,France,160,18,9,3,Muscle Gain,Dinner,0
82,Greek Yogurt (Fat Free),USA,59,10,0.4,3.6,Maintenance,Breakfast,0
82,Steel Cut Oats,USA,70,3,1.5,12,Maintenance,Breakfast,0
82,Scrambled Egg Whites,USA,52,11,0.2,0.7,Maintenance,Breakfast,1
82,Whole Grain Toast,USA,250,12,4,42,Maintenance,Breakfast,1
82,Blueberries,USA,57,0.7,0.3,14,Maintenance,Breakfast,0
82,Turkey Bacon,USA,230,20,15,1,Maintenance,Breakfast,1
82,Cottage Cheese,USA,98,11,4,3,Maintenance,Breakfast,1
82,Avocado Toast,USA,160,4,12,12,Maintenance,Breakfast,0
82,Peanut Butter on Apple,USA,110,3,8,10,Maintenance,Breakfast,0
82,Green Smoothie,USA,50,2,0.5,10,Maintenance,Breakfast,0
82,Grilled Chicken Breast,USA,165,31,3.6,0,Maintenance,Lunch,0
82,Tuna Salad (Light),USA,120,20,4,0,Maintenance,Lunch,1
82,Turkey Sandwich (WW),USA,190,15,6,20,Maintenance,Lunch,1
82,Quinoa Veggie Bowl,USA,140,5,3,22,Maintenance,Lunch,0
82,Grilled Salmon,USA,200,22,12,0,Maintenance,Lunch,1
82,Spinach Salad,USA,23,3,0.4,3.6,Maintenance,Lunch,0
82,Lentil Soup,USA,116,9,0.4,20,Maintenance,Lunch,0
82,Roast Beef (Lean),USA,150,25,5,0,Maintenance,Lunch,0
82,Steam Broccoli,USA,35,3,0.4,7,Maintenance,Lunch,0
82,Chickpea Salad,USA,160,8,6,18,Maintenance,Lunch,0
82,Baked Cod,USA,105,23,0.9,0,Maintenance,Dinner,1
82,Roasted Turkey Breast,USA,140,29,2,0,Maintenance,Dinner,0
82,Sirloin Steak (Lean),USA,240,27,14,0,Maintenance,Dinner,0
82,Grilled Asparagus,USA,20,2,0.1,4,Maintenance,Dinner,0
82,Baked Sweet Potato,USA,86,1.6,0.1,20,Maintenance,Dinner,0
82,Spaghetti Squash,USA,31,0.6,0.6,7,Maintenance,Dinner,0
82,Venison Roast,USA,150,30,3,0,Maintenance,Dinner,0
82,Boiled Shrimp,USA,99,24,0.3,0,Maintenance,Dinner,1
82,Chicken Noodle Soup,USA,40,3,1,5,Maintenance,Dinner,0
82,Tofu Stir Fry,USA,100,10,5,4,Maintenance,Dinner,0
83,Menemen (Eggs),Turkey,120,7,9,4,Maintenance,Breakfast,0
83,Simit (Sesame Bread),Turkey,270,9,5,50,Maintenance,Breakfast,0
83,White Cheese (Feta),Turkey,260,18,20,2,Maintenance,Breakfast,1
83,Olives and Tomatoes,Turkey,80,1,8,3,Maintenance,Breakfast,0
83,Honey and Kaymak,Turkey,350,2,25,30,Maintenance,Breakfast,0
83,Sucuk (Small Portion),Turkey,330,14,30,2,Maintenance,Breakfast,1
83,Boiled Egg & Parsley,Turkey,145,12,10,1,Maintenance,Breakfast,1
83,Tahini & Molasses,Turkey,400,10,25,38,Maintenance,Breakfast,0
83,Acuka (Nut Spread),Turkey,250,5,22,10,Maintenance,Breakfast,0
83,Cucumber with Dill,Turkey,20,1,0.1,4,Maintenance,Breakfast,0
83,Doner Kebab (Chicken Lean),Turkey,180,20,10,4,Maintenance,Lunch,1
83,Lentil Soup (Mercimek),Turkey,75,5,1,12,Maintenance,Lunch,0
83,Lahmacun (One Piece),Turkey,190,9,8,22,Maintenance,Lunch,0
83,Bulgur Pilaf,Turkey,120,4,1,25,Maintenance,Lunch,0
83,Cacik (Yogurt Dip),Turkey,50,4,2,4,Maintenance,Lunch,0
83,Kofte (Grilled Meatball),Turkey,220,24,13,2,Maintenance,Lunch,1
83,Vegetable Pide,Turkey,240,8,9,32,Maintenance,Lunch,0
83,Stuffed Eggplant,Turkey,110,2,8,10,Maintenance,Lunch,0
83,Shepherd Salad,Turkey,40,1,2,5,Maintenance,Lunch,0
83,Chicken Shish Kebab,Turkey,155,24,6,0,Maintenance,Lunch,1
83,Lamb Shish Kebab,Turkey,230,25,14,0,Maintenance,Dinner,0
83,Baked Sea Bass,Turkey,130,23,4,0,Maintenance,Dinner,1
83,Beef Manti (Small Portion),Turkey,200,11,9,20,Maintenance,Dinner,1
83,Iskender (Lean Meat),Turkey,240,18,16,10,Maintenance,Dinner,1
83,Okra Stew with Lamb,Turkey,120,12,7,4,Maintenance,Dinner,1
83,Borek (Spinach/Cheese),Turkey,300,10,18,26,Maintenance,Dinner,0
83,Kurnu Yaruk (Eggplant),Turkey,140,10,10,4,Maintenance,Dinner,0
83,Grilled Quail,Turkey,200,25,11,0,Maintenance,Dinner,0
83,White Bean Stew,Turkey,125,8,3,17,Maintenance,Dinner,0
83,Stuffed Cabbage Rolls,Turkey,135,9,7,10,Maintenance,Dinner,0
84,Grilled Mackerel,Japan,230,21,15,0,Maintenance,Breakfast,1
84,Miso Soup,Japan,35,3,1,4,Maintenance,Breakfast,0
84,Natto (Fermented Soy),Japan,210,18,11,14,Maintenance,Breakfast,1
84,Tamagoyaki,Japan,150,10,10,4,Maintenance,Breakfast,0
84,Boiled White Rice,Japan,130,3,0.3,28,Maintenance,Breakfast,0
84,Steamed Tofu,Japan,80,8,4,2,Maintenance,Breakfast,0
84,Pickled Vegetables,Japan,20,1,0.1,4,Maintenance,Breakfast,0
84,Green Tea,Japan,1,0.1,0,0,Maintenance,Breakfast,0
84,Onigiri (Tuna),Japan,170,5,1,35,Maintenance,Breakfast,0
84,Dried Seaweed,Japan,35,6,0.5,5,Maintenance,Breakfast,0
84,Salmon Sushi,Japan,145,7,2,24,Maintenance,Lunch,0
84,Tuna Sashimi,Japan,105,23,0.5,0,Maintenance,Lunch,1
84,Ramen (Shoyu),Japan,160,6,7,20,Maintenance,Lunch,0
84,Vegetable Tempura,Japan,220,3,14,22,Maintenance,Lunch,0
84,Cold Soba Noodles,Japan,115,5,1,22,Maintenance,Lunch,0
84,Chicken Yakitori,Japan,160,20,8,1,Maintenance,Lunch,1
84,Chawanmushi (Egg),Japan,90,7,6,2,Maintenance,Lunch,0
84,Edamame,Japan,122,11,5,10,Maintenance,Lunch,1
84,Salmon Teriyaki,Japan,190,21,9,6,Maintenance,Lunch,1
84,Beef Tataki,Japan,130,22,4,1,Maintenance,Lunch,1
84,Chicken Teriyaki,Japan,175,20,7,8,Maintenance,Dinner,1
84,Beef Gyudon (Lean),Japan,195,12,10,18,Maintenance,Dinner,1
84,Unagi (Grilled Eel),Japan,285,22,18,10,Maintenance,Dinner,1
84,Boiled Spinach (Gomae),Japan,45,3,2,4,Maintenance,Dinner,0
84,Beef Shabu Shabu,Japan,140,18,6,2,Maintenance,Dinner,1
84,Miso Glazed Cod,Japan,160,20,7,5,Maintenance,Dinner,1
84,Stir Fried Squid,Japan,100,18,2,2,Maintenance,Dinner,1
84,Clear Clam Soup,Japan,30,4,0.5,2,Maintenance,Dinner,0
84,Oden (Simmered),Japan,90,7,3,8,Maintenance,Dinner,0
84,Japanese Chicken Curry,Japan,150,9,7,14,Maintenance,Dinner,0
85,Acai Bowl (Unsweetened),Brazil,100,2,5,14,Weight Loss,Breakfast,1
85,Pao de Queijo (Small),Brazil,310,6,18,34,Weight Loss,Breakfast,0
85,Tapioca with Cheese,Brazil,180,4,6,30,Weight Loss,Breakfast,0
85,Papaya Fruit,Brazil,43,0.5,0.1,11,Weight Loss,Breakfast,1
85,Bolo de Fuba (Corn),Brazil,320,5,14,45,Weight Loss,Breakfast,0
85,Grilled Pineapple,Brazil,50,0.5,0.2,13,Weight Loss,Breakfast,1
85,Scrambled Eggs (2),Brazil,145,12,10,1,Weight Loss,Breakfast,1
85,Whole Wheat Bread,Brazil,250,9,3,48,Weight Loss,Breakfast,0
85,Couscous (Nordestino),Brazil,110,4,0.5,23,Weight Loss,Breakfast,1
85,Fruit Smoothie,Brazil,60,2,0.5,12,Weight Loss,Breakfast,1
85,Feijoada (Lean Version),Brazil,170,14,9,10,Weight Loss,Lunch,0
85,Moqueca (Fish Stew),Brazil,150,12,9,6,Weight Loss,Lunch,1
85,Picanha (Lean Fat Cap),Brazil,240,25,15,0,Weight Loss,Lunch,0
85,Chicken Coxinha (Baked),Brazil,220,12,10,22,Weight Loss,Lunch,0
85,Rice and Black Beans,Brazil,130,6,1,25,Weight Loss,Lunch,1
85,Grilled Chicken Breast,Brazil,165,31,3.6,0,Weight Loss,Lunch,0
85,Shrimp Bobo,Brazil,180,15,11,8,Weight Loss,Lunch,0
85,Hearts of Palm Salad,Brazil,30,2,0.2,5,Weight Loss,Lunch,1
85,Roasted Pumpkin,Brazil,50,1,2,8,Weight Loss,Lunch,1
85,Farofa (Toasted Cassava),Brazil,350,3,12,60,Weight Loss,Lunch,0
85,Churrasco Skewer,Brazil,230,26,14,0,Weight Loss,Dinner,0
85,Baked Snapper,Brazil,120,23,3,0,Weight Loss,Dinner,1
85,Chicken Stroganoff,Brazil,190,16,12,7,Weight Loss,Dinner,0
85,Mandioka (Boiled Yuca),Brazil,160,1.5,0.3,38,Weight Loss,Dinner,0
85,Mixed Green Salad,Brazil,20,2,0.2,4,Weight Loss,Dinner,1
85,Grilled Lobster Tail,Brazil,110,22,2,1,Weight Loss,Dinner,1
85,Beef Kofta (Brazilian),Brazil,210,22,13,1,Weight Loss,Dinner,0
85,Sauteed Kale (Couve),Brazil,50,3,3,6,Weight Loss,Dinner,1
85,Garlic Shrimp,Brazil,130,20,5,2,Weight Loss,Dinner,1
85,Veggie Moqueca,Brazil,110,4,7,9,Weight Loss,Dinner,1
86,French Omelette,France,154,11,12,1,Maintenance,Breakfast,1
86,Greek Yogurt,France,59,10,0.5,4,Maintenance,Breakfast,0
86,Fruit Crepe (Lean),France,180,4,6,28,Maintenance,Breakfast,0
86,Whole Grain Baguette,France,250,9,2,48,Maintenance,Breakfast,0
86,Soft Boiled Egg,France,155,13,11,1,Maintenance,Breakfast,1
86,Cottage Cheese with Berries,France,95,11,4,5,Maintenance,Breakfast,1
86,Baked Apple,France,60,0.5,0.2,15,Maintenance,Breakfast,0
86,Ratatouille Tart,France,160,4,9,15,Maintenance,Breakfast,0
86,Walnut Bread,France,280,9,12,35,Maintenance,Breakfast,0
86,Low Fat Brie,France,250,20,18,1,Maintenance,Breakfast,1
86,Salad Nicoise,France,145,12,9,5,Maintenance,Lunch,1
86,Ratatouille,France,60,1,3,7,Maintenance,Lunch,0
86,Steak Frites (Lean),France,240,18,12,15,Maintenance,Lunch,1
86,French Onion Soup,France,95,4,5,10,Maintenance,Lunch,0
86,Quiche Lorraine (Lean),France,250,9,18,14,Maintenance,Lunch,0
86,Roasted Chicken Breast,France,165,31,4,0,Maintenance,Lunch,0
86,Lentils with Herbs,France,110,9,0.5,18,Maintenance,Lunch,0
86,Grilled Mussels,France,170,24,4,7,Maintenance,Lunch,1
86,Vegetable Consomme,France,20,1,0,4,Maintenance,Lunch,0
86,Nicoise Sandwich,France,190,11,8,20,Maintenance,Lunch,1
86,Coq au Vin,France,165,18,8,4,Maintenance,Dinner,1
86,Salmon en Papillote,France,180,22,10,2,Maintenance,Dinner,1
86,Boeuf Bourguignon,France,190,20,11,5,Maintenance,Dinner,1
86,Roasted Duck Breast,France,220,19,15,0,Maintenance,Dinner,1
86,Bouillabaisse (Fish),France,110,18,3,4,Maintenance,Dinner,1
86,Veal Blanquette,France,170,20,9,4,Maintenance,Dinner,1
86,Steamed Asparagus,France,20,2,0.1,4,Maintenance,Dinner,0
86,Baked Camembert (Small),France,290,18,24,1,Maintenance,Dinner,1
86,Provencal Sea Bass,France,130,22,4,0,Maintenance,Dinner,1
86,Chicken Fricassee,France,160,18,9,3,Maintenance,Dinner,1
87,Acai Bowl (Unsweetened),Brazil,100,2,5,14,Weight Loss,Breakfast,1
87,Pao de Queijo (Small),Brazil,310,6,18,34,Weight Loss,Breakfast,0
87,Tapioca with Cheese,Brazil,180,4,6,30,Weight Loss,Breakfast,0
87,Papaya Fruit,Brazil,43,0.5,0.1,11,Weight Loss,Breakfast,1
87,Bolo de Fuba (Corn),Brazil,320,5,14,45,Weight Loss,Breakfast,0
87,Grilled Pineapple,Brazil,50,0.5,0.2,13,Weight Loss,Breakfast,1
87,Scrambled Eggs (2),Brazil,145,12,10,1,Weight Loss,Breakfast,1
87,Whole Wheat Bread,Brazil,250,9,3,48,Weight Loss,Breakfast,0
87,Couscous (Nordestino),Brazil,110,4,0.5,23,Weight Loss,Breakfast,1
87,Fruit Smoothie,Brazil,60,2,0.5,12,Weight Loss,Breakfast,1
87,Feijoada (Lean Version),Brazil,170,14,9,10,Weight Loss,Lunch,0
87,Moqueca (Fish Stew),Brazil,150,12,9,6,Weight Loss,Lunch,1
87,Picanha (Lean Fat Cap),Brazil,240,25,15,0,Weight Loss,Lunch,0
87,Chicken Coxinha (Baked),Brazil,220,12,10,22,Weight Loss,Lunch,0
87,Rice and Black Beans,Brazil,130,6,1,25,Weight Loss,Lunch,1
87,Grilled Chicken Breast,Brazil,165,31,3.6,0,Weight Loss,Lunch,0
87,Shrimp Bobo,Brazil,180,15,11,8,Weight Loss,Lunch,0
87,Hearts of Palm Salad,Brazil,30,2,0.2,5,Weight Loss,Lunch,1
87,Roasted Pumpkin,Brazil,50,1,2,8,Weight Loss,Lunch,1
87,Farofa (Toasted Cassava),Brazil,350,3,12,60,Weight Loss,Lunch,0
87,Churrasco Skewer,Brazil,230,26,14,0,Weight Loss,Dinner,0
87,Baked Snapper,Brazil,120,23,3,0,Weight Loss,Dinner,1
87,Chicken Stroganoff,Brazil,190,16,12,7,Weight Loss,Dinner,0
87,Mandioka (Boiled Yuca),Brazil,160,1.5,0.3,38,Weight Loss,Dinner,0
87,Mixed Green Salad,Brazil,20,2,0.2,4,Weight Loss,Dinner,1
87,Grilled Lobster Tail,Brazil,110,22,2,1,Weight Loss,Dinner,1
87,Beef Kofta (Brazilian),Brazil,210,22,13,1,Weight Loss,Dinner,0
87,Sauteed Kale (Couve),Brazil,50,3,3,6,Weight Loss,Dinner,1
87,Garlic Shrimp,Brazil,130,20,5,2,Weight Loss,Dinner,1
87,Veggie Moqueca,Brazil,110,4,7,9,Weight Loss,Dinner,1
88,Pan con Tomate,Spain,180,5,8,24,Muscle Gain,Breakfast,0
88,Spanish Tortilla (Lean),Spain,160,6,10,12,Muscle Gain,Breakfast,0
88,Fresh Orange Juice,Spain,45,1,0.1,10,Muscle Gain,Breakfast,0
88,Manchego & Grapes,Spain,210,12,15,8,Muscle Gain,Breakfast,0
88,Boiled Egg with Ham,Spain,200,18,14,1,Muscle Gain,Breakfast,0
88,Greek Yogurt with Figs,Spain,120,8,4,14,Muscle Gain,Breakfast,0
88,Whole Wheat Toast & Oil,Spain,260,8,10,34,Muscle Gain,Breakfast,0
88,Grilled Peaches,Spain,60,1,0.2,15,Muscle Gain,Breakfast,0
88,Ensaimada (Small),Spain,360,6,18,45,Muscle Gain,Breakfast,0
88,Churros (Plain),Spain,340,4,20,38,Muscle Gain,Breakfast,0
88,Seafood Paella,Spain,165,10,5,22,Muscle Gain,Lunch,0
88,Gazpacho Soup,Spain,50,1,3,5,Muscle Gain,Lunch,0
88,Grilled Hake Fish,Spain,110,22,2,0,Muscle Gain,Lunch,1
88,Lentil Stew (Lentejas),Spain,120,8,4,15,Muscle Gain,Lunch,0
88,Jamon Iberico (Lean),Spain,310,32,20,0,Muscle Gain,Lunch,1
88,Russian Salad (Lean),Spain,180,5,12,14,Muscle Gain,Lunch,0
88,Grilled Squid (Sepia),Spain,100,18,2,2,Muscle Gain,Lunch,0
88,Chickpea & Spinach,Spain,140,7,6,15,Muscle Gain,Lunch,0
88,Salmorejo Soup,Spain,95,3,6,9,Muscle Gain,Lunch,0
88,Pisto Manchego (Veg),Spain,85,2,5,9,Muscle Gain,Lunch,0
88,Gambas al Ajillo,Spain,140,20,7,2,Muscle Gain,Dinner,1
88,Roasted Chicken Breast,Spain,165,31,4,0,Muscle Gain,Dinner,1
88,Baked Sea Bream,Spain,130,22,4,0,Muscle Gain,Dinner,1
88,Grilled Pork Loin,Spain,170,26,7,0,Muscle Gain,Dinner,1
88,Spanish Meatballs (Lean),Spain,210,18,12,8,Muscle Gain,Dinner,0
88,Stuffed Mushrooms,Spain,110,5,8,6,Muscle Gain,Dinner,0
88,Grilled Asparagus,Spain,25,2,0.1,4,Muscle Gain,Dinner,0
88,Baked Cod with Tomato,Spain,105,22,1,2,Muscle Gain,Dinner,1
88,Beef tenderloin,Spain,220,28,12,0,Muscle Gain,Dinner,1
88,Seafood Zarzuela,Spain,150,20,6,4,Muscle Gain,Dinner,1
89,Greek Yogurt & Honey,Greece,115,9,4,12,Muscle Gain,Breakfast,0
89,Spanakopita (Baked),Greece,240,7,15,20,Muscle Gain,Breakfast,0
89,Boiled Egg & Olives,Greece,180,10,15,2,Muscle Gain,Breakfast,0
89,Whole Wheat Rusks,Greece,310,10,3,62,Muscle Gain,Breakfast,0
89,Feta Cheese Omelette,Greece,190,13,15,1,Muscle Gain,Breakfast,0
89,Fresh Figs,Greece,74,1,0.3,19,Muscle Gain,Breakfast,0
89,Tahini on Toast,Greece,280,9,18,22,Muscle Gain,Breakfast,0
89,Cucumber and Tomato,Greece,25,1,0.2,5,Muscle Gain,Breakfast,0
89,Baked Rice Pudding,Greece,130,4,3,22,Muscle Gain,Breakfast,0
89,Grapefruit with Mint,Greece,42,0.8,0.1,11,Muscle Gain,Breakfast,0
89,Greek Salad (Horiatiki),Greece,110,4,9,5,Muscle Gain,Lunch,0
89,Chicken Souvlaki,Greece,160,24,6,1,Muscle Gain,Lunch,1
89,Moussaka (Healthy Style),Greece,180,10,11,12,Muscle Gain,Lunch,0
89,Lentil Soup (Fakes),Greece,105,8,3,14,Muscle Gain,Lunch,0
89,Grilled Octopus,Greece,160,30,2,0,Muscle Gain,Lunch,1
89,Stuffed Grape Leaves,Greece,140,4,8,15,Muscle Gain,Lunch,0
89,Baked Cod with Herbs,Greece,110,22,2,0,Muscle Gain,Lunch,1
89,Chickpea Stew,Greece,130,7,4,18,Muscle Gain,Lunch,0
89,Roasted Eggplant Dip,Greece,75,2,5,7,Muscle Gain,Lunch,0
89,Shrimp Saganaki,Greece,140,18,6,4,Muscle Gain,Lunch,0
89,Lamb Chops (Trimmed),Greece,260,25,18,0,Muscle Gain,Dinner,1
89,Baked Sea Bream,Greece,130,22,4,0,Muscle Gain,Dinner,1
89,Chicken Gyro Plate (Lean),Greece,190,22,10,3,Muscle Gain,Dinner,1
89,Stuffed Peppers (Gemista),Greece,110,6,4,14,Muscle Gain,Dinner,0
89,Beef Stifado Stew,Greece,180,20,10,4,Muscle Gain,Dinner,1
89,Grilled Sardines,Greece,200,25,11,0,Muscle Gain,Dinner,1
89,Gigantes Plaki (Beans),Greece,125,7,4,16,Muscle Gain,Dinner,0
89,Roasted Chicken & Lemon,Greece,160,24,7,2,Muscle Gain,Dinner,1
89,Grilled Squid,Greece,95,18,2,1,Muscle Gain,Dinner,0
89,Vegetable Briam,Greece,85,2,5,9,Muscle Gain,Dinner,0
90,Acai Bowl (Unsweetened),Brazil,100,2,5,14,Weight Loss,Breakfast,1
90,Pao de Queijo (Small),Brazil,310,6,18,34,Weight Loss,Breakfast,0
90,Tapioca with Cheese,Brazil,180,4,6,30,Weight Loss,Breakfast,0
90,Papaya Fruit,Brazil,43,0.5,0.1,11,Weight Loss,Breakfast,1
90,Bolo de Fuba (Corn),Brazil,320,5,14,45,Weight Loss,Breakfast,0
90,Grilled Pineapple,Brazil,50,0.5,0.2,13,Weight Loss,Breakfast,1
90,Scrambled Eggs (2),Brazil,145,12,10,1,Weight Loss,Breakfast,1
90,Whole Wheat Bread,Brazil,250,9,3,48,Weight Loss,Breakfast,0
90,Couscous (Nordestino),Brazil,110,4,0.5,23,Weight Loss,Breakfast,1
90,Fruit Smoothie,Brazil,60,2,0.5,12,Weight Loss,Breakfast,1
90,Feijoada (Lean Version),Brazil,170,14,9,10,Weight Loss,Lunch,0
90,Moqueca (Fish Stew),Brazil,150,12,9,6,Weight Loss,Lunch,1
90,Picanha (Lean Fat Cap),Brazil,240,25,15,0,Weight Loss,Lunch,0
90,Chicken Coxinha (Baked),Brazil,220,12,10,22,Weight Loss,Lunch,0
90,Rice and Black Beans,Brazil,130,6,1,25,Weight Loss,Lunch,1
90,Grilled Chicken Breast,Brazil,165,31,3.6,0,Weight Loss,Lunch,0
90,Shrimp Bobo,Brazil,180,15,11,8,Weight Loss,Lunch,0
90,Hearts of Palm Salad,Brazil,30,2,0.2,5,Weight Loss,Lunch,1
90,Roasted Pumpkin,Brazil,50,1,2,8,Weight Loss,Lunch,1
90,Farofa (Toasted Cassava),Brazil,350,3,12,60,Weight Loss,Lunch,0
90,Churrasco Skewer,Brazil,230,26,14,0,Weight Loss,Dinner,0
90,Baked Snapper,Brazil,120,23,3,0,Weight Loss,Dinner,1
90,Chicken Stroganoff,Brazil,190,16,12,7,Weight Loss,Dinner,0
90,Mandioka (Boiled Yuca),Brazil,160,1.5,0.3,38,Weight Loss,Dinner,0
90,Mixed Green Salad,Brazil,20,2,0.2,4,Weight Loss,Dinner,1
90,Grilled Lobster Tail,Brazil,110,22,2,1,Weight Loss,Dinner,1
90,Beef Kofta (Brazilian),Brazil,210,22,13,1,Weight Loss,Dinner,0
90,Sauteed Kale (Couve),Brazil,50,3,3,6,Weight Loss,Dinner,1
90,Garlic Shrimp,Brazil,130,20,5,2,Weight Loss,Dinner,1
90,Veggie Moqueca,Brazil,110,4,7,9,Weight Loss,Dinner,1
91,Masala Dosa,India,170,4,7,26,Maintenance,Breakfast,0
91,Poha,India,160,3,4,28,Maintenance,Breakfast,0
91,Idli,India,130,4,0.5,28,Maintenance,Breakfast,0
91,Upma,India,180,5,8,25,Maintenance,Breakfast,0
91,Sprouted Moong,India,105,7,0.5,19,Maintenance,Breakfast,0
91,Oatmeal Upma,India,140,5,4,22,Maintenance,Breakfast,0
91,Egg Bhurji,India,160,12,11,2,Maintenance,Breakfast,1
91,Dhokla,India,160,6,4,26,Maintenance,Breakfast,0
91,Fruit Salad,India,50,1,0.3,12,Maintenance,Breakfast,0
91,Almonds and Walnuts,India,600,20,52,18,Maintenance,Breakfast,1
91,Palak Paneer,India,160,9,12,6,Maintenance,Lunch,0
91,Chicken Biryani (Lean),India,195,12,8,23,Maintenance,Lunch,1
91,Rajma (Kidney Beans),India,135,6,3,24,Maintenance,Lunch,0
91,Fish Curry,India,145,15,8,4,Maintenance,Lunch,1
91,Mixed Vegetable Curry,India,110,3,6,12,Maintenance,Lunch,0
91,Dal Tadka,India,115,7,4,15,Maintenance,Lunch,0
91,Curd Rice,India,130,3,4,20,Maintenance,Lunch,0
91,Tandoori Fish,India,120,20,4,1,Maintenance,Lunch,1
91,Millet Roti,India,250,8,2,50,Maintenance,Lunch,0
91,Cabbage Sabzi,India,60,2,3,8,Maintenance,Lunch,0
91,Tandoori Chicken,India,150,24,5,1,Maintenance,Dinner,1
91,Yellow Moong Dal,India,100,7,2,14,Maintenance,Dinner,0
91,Roasted Baingan Bharta,India,80,2,5,8,Maintenance,Dinner,0
91,Lean Mutton Curry,India,210,18,14,4,Maintenance,Dinner,1
91,Stir Fried Paneer,India,230,18,16,4,Maintenance,Dinner,1
91,Soybean Curry,India,150,14,7,10,Maintenance,Dinner,1
91,Lauki Sabzi,India,45,1,2,6,Maintenance,Dinner,0
91,Chicken Saag,India,140,18,7,4,Maintenance,Dinner,1
91,Boiled Brown Rice,India,110,3,1,23,Maintenance,Dinner,0
91,Kadhai Mushroom,India,100,4,7,6,Maintenance,Dinner,0
92,Greek Yogurt (Fat Free),USA,59,10,0.4,3.6,Muscle Gain,Breakfast,0
92,Steel Cut Oats,USA,70,3,1.5,12,Muscle Gain,Breakfast,0
92,Scrambled Egg Whites,USA,52,11,0.2,0.7,Muscle Gain,Breakfast,0
92,Whole Grain Toast,USA,250,12,4,42,Muscle Gain,Breakfast,0
92,Blueberries,USA,57,0.7,0.3,14,Muscle Gain,Breakfast,0
92,Turkey Bacon,USA,230,20,15,1,Muscle Gain,Breakfast,1
92,Cottage Cheese,USA,98,11,4,3,Muscle Gain,Breakfast,0
92,Avocado Toast,USA,160,4,12,12,Muscle Gain,Breakfast,0
92,Peanut Butter on Apple,USA,110,3,8,10,Muscle Gain,Breakfast,0
92,Green Smoothie,USA,50,2,0.5,10,Muscle Gain,Breakfast,0
92,Grilled Chicken Breast,USA,165,31,3.6,0,Muscle Gain,Lunch,1
92,Tuna Salad (Light),USA,120,20,4,0,Muscle Gain,Lunch,1
92,Turkey Sandwich (WW),USA,190,15,6,20,Muscle Gain,Lunch,0
92,Quinoa Veggie Bowl,USA,140,5,3,22,Muscle Gain,Lunch,0
92,Grilled Salmon,USA,200,22,12,0,Muscle Gain,Lunch,1
92,Spinach Salad,USA,23,3,0.4,3.6,Muscle Gain,Lunch,0
92,Lentil Soup,USA,116,9,0.4,20,Muscle Gain,Lunch,0
92,Roast Beef (Lean),USA,150,25,5,0,Muscle Gain,Lunch,1
92,Steam Broccoli,USA,35,3,0.4,7,Muscle Gain,Lunch,0
92,Chickpea Salad,USA,160,8,6,18,Muscle Gain,Lunch,0
92,Baked Cod,USA,105,23,0.9,0,Muscle Gain,Dinner,1
92,Roasted Turkey Breast,USA,140,29,2,0,Muscle Gain,Dinner,1
92,Sirloin Steak (Lean),USA,240,27,14,0,Muscle Gain,Dinner,1
92,Grilled Asparagus,USA,20,2,0.1,4,Muscle Gain,Dinner,0
92,Baked Sweet Potato,USA,86,1.6,0.1,20,Muscle Gain,Dinner,0
92,Spaghetti Squash,USA,31,0.6,0.6,7,Muscle Gain,Dinner,0
92,Venison Roast,USA,150,30,3,0,Muscle Gain,Dinner,1
92,Boiled Shrimp,USA,99,24,0.3,0,Muscle Gain,Dinner,1
92,Chicken Noodle Soup,USA,40,3,1,5,Muscle Gain,Dinner,0
92,Tofu Stir Fry,USA,100,10,5,4,Muscle Gain,Dinner,0
93,Steamed Shrimp Dim Sum,China,160,9,6,18,Weight Loss,Breakfast,0
93,Rice Congee (Plain),China,50,1,0.2,11,Weight Loss,Breakfast,1
93,Pork Baozi (Steamed),China,230,10,8,30,Weight Loss,Breakfast,0
93,Scallion Pancake,China,280,5,14,34,Weight Loss,Breakfast,0
93,Soy Milk (Unsweetened),China,35,3,2,2,Weight Loss,Breakfast,1
93,Tea Leaf Egg,China,155,13,11,1,Weight Loss,Breakfast,0
93,Wonton Soup,China,80,5,3,9,Weight Loss,Breakfast,1
93,Steamed Rice Rolls,China,140,3,0.5,31,Weight Loss,Breakfast,1
93,Millet Porridge,China,60,2,1,12,Weight Loss,Breakfast,1
93,Red Bean Bun,China,250,6,4,48,Weight Loss,Breakfast,0
93,Kung Pao Chicken (Lean),China,180,16,11,7,Weight Loss,Lunch,0
93,Mapo Tofu (Low Fat),China,115,9,7,4,Weight Loss,Lunch,1
93,Beef and Broccoli,China,130,14,6,6,Weight Loss,Lunch,1
93,Steamed Sea Bass,China,110,21,3,0,Weight Loss,Lunch,1
93,Buddha's Delight (Veg),China,80,4,3,10,Weight Loss,Lunch,1
93,Chicken Cashew Nut,China,200,18,12,8,Weight Loss,Lunch,0
93,Hot and Sour Soup,China,65,4,3,7,Weight Loss,Lunch,1
93,Shrimp Fried Rice (Small),China,170,7,5,24,Weight Loss,Lunch,0
93,Stir Fried Spinach,China,45,3,2,4,Weight Loss,Lunch,1
93,Chicken Dumplings,China,190,12,8,18,Weight Loss,Lunch,0
93,Peking Duck (No Skin),China,220,25,13,0,Weight Loss,Dinner,0
93,Twice Cooked Pork (Lean),China,240,20,17,3,Weight Loss,Dinner,0
93,Szechuan Fish,China,150,18,8,2,Weight Loss,Dinner,1
93,Ants Climbing a Tree,China,210,12,11,16,Weight Loss,Dinner,0
93,Bitter Melon with Egg,China,90,6,6,4,Weight Loss,Dinner,1
93,Lemon Chicken (Baked),China,180,21,8,7,Weight Loss,Dinner,0
93,Bok Choy with Garlic,China,35,2,2,3,Weight Loss,Dinner,1
93,Ma Po Eggplant,China,100,2,7,8,Weight Loss,Dinner,1
93,Braised Beef Noodle,China,160,10,6,16,Weight Loss,Dinner,0
93,Egg Drop Soup,China,40,2,3,2,Weight Loss,Dinner,1
94,Huevos Rancheros,Mexico,165,8,11,12,Maintenance,Breakfast,0
94,Chilaquiles (Baked),Mexico,190,6,10,22,Maintenance,Breakfast,0
94,Pork Tamales,Mexico,230,9,14,20,Maintenance,Breakfast,0
94,Molletes (Whole Wheat),Mexico,200,10,7,25,Maintenance,Breakfast,0
94,Fruit Salad with Lime,Mexico,55,1,0.5,13,Maintenance,Breakfast,0
94,Scrambled Eggs with Salsa,Mexico,140,10,11,2,Maintenance,Breakfast,0
94,Refried Black Beans,Mexico,120,7,3,16,Maintenance,Breakfast,0
94,Mexican Papaya,Mexico,43,0.5,0.1,11,Maintenance,Breakfast,0
94,Nopalitos (Cactus Eggs),Mexico,90,6,6,4,Maintenance,Breakfast,0
94,Oatmeal with Cinnamon,Mexico,110,4,2,18,Maintenance,Breakfast,0
94,Tacos al Pastor (Lean),Mexico,200,14,9,16,Maintenance,Lunch,1
94,Chicken Enchiladas,Mexico,185,12,10,14,Maintenance,Lunch,1
94,Pozole Soup (Chicken),Mexico,105,9,3,11,Maintenance,Lunch,0
94,Chicken Mole (Lean),Mexico,220,16,12,13,Maintenance,Lunch,1
94,Fish Ceviche,Mexico,95,15,2,5,Maintenance,Lunch,1
94,Grilled Shrimp Tacos,Mexico,160,14,6,14,Maintenance,Lunch,1
94,Black Bean Soup,Mexico,90,6,1,16,Maintenance,Lunch,0
94,Guacamole & Jicama,Mexico,120,2,10,8,Maintenance,Lunch,0
94,Fajita Chicken Salad,Mexico,140,20,6,5,Maintenance,Lunch,1
94,Grilled Corn (Elote),Mexico,150,4,6,25,Maintenance,Lunch,0
94,Pork Carnitas (Lean),Mexico,240,22,16,0,Maintenance,Dinner,1
94,Cheese Quesadilla (WW),Mexico,270,12,16,22,Maintenance,Dinner,1
94,Chile Relleno (Baked),Mexico,170,8,11,10,Maintenance,Dinner,0
94,Carne Asada,Mexico,210,26,12,0,Maintenance,Dinner,0
94,Tortilla Soup,Mexico,110,6,6,9,Maintenance,Dinner,0
94,Baked Red Snapper,Mexico,120,24,3,0,Maintenance,Dinner,1
94,Beef Barbacoa,Mexico,200,22,12,2,Maintenance,Dinner,1
94,Grilled Vegetables,Mexico,70,2,4,8,Maintenance,Dinner,0
94,Turkey Tostadas,Mexico,180,15,8,14,Maintenance,Dinner,1
94,Lentil Sopa,Mexico,100,7,2,15,Maintenance,Dinner,0
95,Rice Porridge (Jok),Thailand,60,3,1,11,Maintenance,Breakfast,0
95,Thai Omelette,Thailand,180,12,14,2,Maintenance,Breakfast,1
95,Sticky Rice with Mango,Thailand,190,3,6,35,Maintenance,Breakfast,0
95,Boiled Egg & Soy,Thailand,150,12,10,1,Maintenance,Breakfast,1
95,Fresh Dragon Fruit,Thailand,60,1,1,12,Maintenance,Breakfast,0
95,Coconut Yogurt,Thailand,100,2,8,6,Maintenance,Breakfast,0
95,Thai Tea with Milk,Thailand,80,2,3,12,Maintenance,Breakfast,0
95,Khao Tom (Rice Soup),Thailand,90,6,2,13,Maintenance,Breakfast,0
95,Grilled Pork Skewer,Thailand,250,18,18,4,Maintenance,Breakfast,1
95,Papaya with Lime,Thailand,43,0.5,0.1,11,Maintenance,Breakfast,0
95,Pad Thai (Lean),Thailand,200,8,8,26,Maintenance,Lunch,0
95,Som Tum (Papaya Salad),Thailand,80,2,0.5,18,Maintenance,Lunch,0
95,Green Curry Chicken,Thailand,165,12,11,6,Maintenance,Lunch,1
95,Tom Yum Goong,Thailand,90,12,3,5,Maintenance,Lunch,1
95,Chicken Satay,Thailand,185,20,10,4,Maintenance,Lunch,1
95,Thai Beef Salad,Thailand,150,22,6,4,Maintenance,Lunch,1
95,Red Curry Fish,Thailand,170,18,10,5,Maintenance,Lunch,1
95,Stir Fried Morning Glory,Thailand,60,3,4,4,Maintenance,Lunch,0
95,Steamed Jasmine Rice,Thailand,130,3,0.3,28,Maintenance,Lunch,0
95,Larb Gai (Chicken),Thailand,140,18,6,4,Maintenance,Lunch,1
95,Massaman Curry (Lean),Thailand,180,11,12,9,Maintenance,Dinner,1
95,Cashew Chicken,Thailand,200,19,12,8,Maintenance,Dinner,1
95,Steamed Lemon Fish,Thailand,110,22,2,1,Maintenance,Dinner,1
95,Pad See Ew (Lean),Thailand,190,10,8,22,Maintenance,Dinner,0
95,Panang Curry Chicken,Thailand,175,14,11,6,Maintenance,Dinner,1
95,Basil Chicken Stir Fry,Thailand,155,18,8,3,Maintenance,Dinner,1
95,Grilled Prawns,Thailand,100,21,2,1,Maintenance,Dinner,1
95,Glass Noodle Salad,Thailand,120,8,4,14,Maintenance,Dinner,0
95,Yellow Curry Veggie,Thailand,140,4,9,10,Maintenance,Dinner,0
95,Duck Curry (No Skin),Thailand,210,18,14,4,Maintenance,Dinner,1
96,Masala Dosa,India,170,4,7,26,Maintenance,Breakfast,0
96,Poha,India,160,3,4,28,Maintenance,Breakfast,0
96,Idli,India,130,4,0.5,28,Maintenance,Breakfast,0
96,Upma,India,180,5,8,25,Maintenance,Breakfast,0
96,Sprouted Moong,India,105,7,0.5,19,Maintenance,Breakfast,0
96,Oatmeal Upma,India,140,5,4,22,Maintenance,Breakfast,0
96,Egg Bhurji,India,160,12,11,2,Maintenance,Breakfast,1
96,Dhokla,India,160,6,4,26,Maintenance,Breakfast,0
96,Fruit Salad,India,50,1,0.3,12,Maintenance,Breakfast,0
96,Almonds and Walnuts,India,600,20,52,18,Maintenance,Breakfast,1
96,Palak Paneer,India,160,9,12,6,Maintenance,Lunch,0
96,Chicken Biryani (Lean),India,195,12,8,23,Maintenance,Lunch,1
96,Rajma (Kidney Beans),India,135,6,3,24,Maintenance,Lunch,0
96,Fish Curry,India,145,15,8,4,Maintenance,Lunch,1
96,Mixed Vegetable Curry,India,110,3,6,12,Maintenance,Lunch,0
96,Dal Tadka,India,115,7,4,15,Maintenance,Lunch,0
96,Curd Rice,India,130,3,4,20,Maintenance,Lunch,0
96,Tandoori Fish,India,120,20,4,1,Maintenance,Lunch,1
96,Millet Roti,India,250,8,2,50,Maintenance,Lunch,0
96,Cabbage Sabzi,India,60,2,3,8,Maintenance,Lunch,0
96,Tandoori Chicken,India,150,24,5,1,Maintenance,Dinner,1
96,Yellow Moong Dal,India,100,7,2,14,Maintenance,Dinner,0
96,Roasted Baingan Bharta,India,80,2,5,8,Maintenance,Dinner,0
96,Lean Mutton Curry,India,210,18,14,4,Maintenance,Dinner,1
96,Stir Fried Paneer,India,230,18,16,4,Maintenance,Dinner,1
96,Soybean Curry,India,150,14,7,10,Maintenance,Dinner,1
96,Lauki Sabzi,India,45,1,2,6,Maintenance,Dinner,0
96,Chicken Saag,India,140,18,7,4,Maintenance,Dinner,1
96,Boiled Brown Rice,India,110,3,1,23,Maintenance,Dinner,0
96,Kadhai Mushroom,India,100,4,7,6,Maintenance,Dinner,0
97,Zaatar Manakish (WW),Lebanon,260,7,12,32,Muscle Gain,Breakfast,0
97,Labneh with Olive Oil,Lebanon,160,8,13,5,Muscle Gain,Breakfast,0
97,Shakshuka (Eggs),Lebanon,115,8,8,4,Muscle Gain,Breakfast,0
97,Foul Medames,Lebanon,110,7,3,17,Muscle Gain,Breakfast,0
97,Grilled Halloumi,Lebanon,320,22,25,2,Muscle Gain,Breakfast,1
97,Arabic Coffee & Dates,Lebanon,280,2,0.4,75,Muscle Gain,Breakfast,0
97,Cheese Knefeh (Small),Lebanon,360,9,20,38,Muscle Gain,Breakfast,0
97,Thyme and Cucumber,Lebanon,30,1,2,4,Muscle Gain,Breakfast,0
97,Boiled Egg & Zaatar,Lebanon,155,12,11,2,Muscle Gain,Breakfast,0
97,Honey & Ricotta,Lebanon,170,9,10,12,Muscle Gain,Breakfast,0
97,Tabbouleh Salad,Lebanon,110,2,7,11,Muscle Gain,Lunch,0
97,Fattoush Salad,Lebanon,95,2,5,10,Muscle Gain,Lunch,0
97,Hummus with Pine Nuts,Lebanon,180,8,12,12,Muscle Gain,Lunch,0
97,Baked Kibbeh (Lean),Lebanon,220,16,12,14,Muscle Gain,Lunch,0
97,Shish Tawook (Chicken),Lebanon,155,24,6,1,Muscle Gain,Lunch,1
97,Falafel (Baked),Lebanon,260,12,14,24,Muscle Gain,Lunch,0
97,Baba Ganoush,Lebanon,120,2,9,8,Muscle Gain,Lunch,0
97,Lentil Soup (Adas),Lebanon,80,5,1,13,Muscle Gain,Lunch,0
97,Stuffed Cabbage,Lebanon,130,8,7,10,Muscle Gain,Lunch,0
97,Fried Cauliflower,Lebanon,140,3,12,8,Muscle Gain,Lunch,0
97,Grilled Beef Kafta,Lebanon,230,24,15,1,Muscle Gain,Dinner,1
97,Baked Sea Bass,Lebanon,130,23,4,0,Muscle Gain,Dinner,1
97,Lamb Chops (Lean),Lebanon,250,26,16,0,Muscle Gain,Dinner,1
97,Mujadara (Lentil/Rice),Lebanon,145,6,4,24,Muscle Gain,Dinner,0
97,Green Bean Stew,Lebanon,90,3,5,9,Muscle Gain,Dinner,0
97,Okra in Oil,Lebanon,80,2,5,8,Muscle Gain,Dinner,0
97,Grilled Prawns,Lebanon,110,22,2,1,Muscle Gain,Dinner,1
97,Lebanese Moussaka,Lebanon,120,4,7,11,Muscle Gain,Dinner,0
97,Roast Chicken & Garlic,Lebanon,165,30,5,1,Muscle Gain,Dinner,1
97,Beef Shawarma Plate,Lebanon,210,22,12,3,Muscle Gain,Dinner,1
98,Zaatar Manakish (WW),Lebanon,260,7,12,32,Maintenance,Breakfast,0
98,Labneh with Olive Oil,Lebanon,160,8,13,5,Maintenance,Breakfast,0
98,Shakshuka (Eggs),Lebanon,115,8,8,4,Maintenance,Breakfast,0
98,Foul Medames,Lebanon,110,7,3,17,Maintenance,Breakfast,0
98,Grilled Halloumi,Lebanon,320,22,25,2,Maintenance,Breakfast,1
98,Arabic Coffee & Dates,Lebanon,280,2,0.4,75,Maintenance,Breakfast,0
98,Cheese Knefeh (Small),Lebanon,360,9,20,38,Maintenance,Breakfast,0
98,Thyme and Cucumber,Lebanon,30,1,2,4,Maintenance,Breakfast,0
98,Boiled Egg & Zaatar,Lebanon,155,12,11,2,Maintenance,Breakfast,1
98,Honey & Ricotta,Lebanon,170,9,10,12,Maintenance,Breakfast,0
98,Tabbouleh Salad,Lebanon,110,2,7,11,Maintenance,Lunch,0
98,Fattoush Salad,Lebanon,95,2,5,10,Maintenance,Lunch,0
98,Hummus with Pine Nuts,Lebanon,180,8,12,12,Maintenance,Lunch,0
98,Baked Kibbeh (Lean),Lebanon,220,16,12,14,Maintenance,Lunch,1
98,Shish Tawook (Chicken),Lebanon,155,24,6,1,Maintenance,Lunch,1
98,Falafel (Baked),Lebanon,260,12,14,24,Maintenance,Lunch,1
98,Baba Ganoush,Lebanon,120,2,9,8,Maintenance,Lunch,0
98,Lentil Soup (Adas),Lebanon,80,5,1,13,Maintenance,Lunch,0
98,Stuffed Cabbage,Lebanon,130,8,7,10,Maintenance,Lunch,0
98,Fried Cauliflower,Lebanon,140,3,12,8,Maintenance,Lunch,0
98,Grilled Beef Kafta,Lebanon,230,24,15,1,Maintenance,Dinner,1
98,Baked Sea Bass,Lebanon,130,23,4,0,Maintenance,Dinner,1
98,Lamb Chops (Lean),Lebanon,250,26,16,0,Maintenance,Dinner,0
98,Mujadara (Lentil/Rice),Lebanon,145,6,4,24,Maintenance,Dinner,0
98,Green Bean Stew,Lebanon,90,3,5,9,Maintenance,Dinner,0
98,Okra in Oil,Lebanon,80,2,5,8,Maintenance,Dinner,0
98,Grilled Prawns,Lebanon,110,22,2,1,Maintenance,Dinner,1
98,Lebanese Moussaka,Lebanon,120,4,7,11,Maintenance,Dinner,0
98,Roast Chicken & Garlic,Lebanon,165,30,5,1,Maintenance,Dinner,0
98,Beef Shawarma Plate,Lebanon,210,22,12,3,Maintenance,Dinner,1
99,Menemen (Eggs),Turkey,120,7,9,4,Weight Loss,Breakfast,1
99,Simit (Sesame Bread),Turkey,270,9,5,50,Weight Loss,Breakfast,0
99,White Cheese (Feta),Turkey,260,18,20,2,Weight Loss,Breakfast,0
99,Olives and Tomatoes,Turkey,80,1,8,3,Weight Loss,Breakfast,1
99,Honey and Kaymak,Turkey,350,2,25,30,Weight Loss,Breakfast,0
99,Sucuk (Small Portion),Turkey,330,14,30,2,Weight Loss,Breakfast,0
99,Boiled Egg & Parsley,Turkey,145,12,10,1,Weight Loss,Breakfast,1
99,Tahini & Molasses,Turkey,400,10,25,38,Weight Loss,Breakfast,0
99,Acuka (Nut Spread),Turkey,250,5,22,10,Weight Loss,Breakfast,0
99,Cucumber with Dill,Turkey,20,1,0.1,4,Weight Loss,Breakfast,1
99,Doner Kebab (Chicken Lean),Turkey,180,20,10,4,Weight Loss,Lunch,0
99,Lentil Soup (Mercimek),Turkey,75,5,1,12,Weight Loss,Lunch,1
99,Lahmacun (One Piece),Turkey,190,9,8,22,Weight Loss,Lunch,0
99,Bulgur Pilaf,Turkey,120,4,1,25,Weight Loss,Lunch,1
99,Cacik (Yogurt Dip),Turkey,50,4,2,4,Weight Loss,Lunch,1
99,Kofte (Grilled Meatball),Turkey,220,24,13,2,Weight Loss,Lunch,0
99,Vegetable Pide,Turkey,240,8,9,32,Weight Loss,Lunch,0
99,Stuffed Eggplant,Turkey,110,2,8,10,Weight Loss,Lunch,1
99,Shepherd Salad,Turkey,40,1,2,5,Weight Loss,Lunch,1
99,Chicken Shish Kebab,Turkey,155,24,6,0,Weight Loss,Lunch,0
99,Lamb Shish Kebab,Turkey,230,25,14,0,Weight Loss,Dinner,0
99,Baked Sea Bass,Turkey,130,23,4,0,Weight Loss,Dinner,1
99,Beef Manti (Small Portion),Turkey,200,11,9,20,Weight Loss,Dinner,0
99,Iskender (Lean Meat),Turkey,240,18,16,10,Weight Loss,Dinner,0
99,Okra Stew with Lamb,Turkey,120,12,7,4,Weight Loss,Dinner,1
99,Borek (Spinach/Cheese),Turkey,300,10,18,26,Weight Loss,Dinner,0
99,Kurnu Yaruk (Eggplant),Turkey,140,10,10,4,Weight Loss,Dinner,1
99,Grilled Quail,Turkey,200,25,11,0,Weight Loss,Dinner,0
99,White Bean Stew,Turkey,125,8,3,17,Weight Loss,Dinner,1
99,Stuffed Cabbage Rolls,Turkey,135,9,7,10,Weight Loss,Dinner,1
100,Ricotta with Berries,Italy,150,9,10,8,Maintenance,Breakfast,0
100,Fresh Fruit Salad,Italy,50,1,0.3,12,Maintenance,Breakfast,0
100,Whole Wheat Biscotti,Italy,380,8,12,60,Maintenance,Breakfast,0
100,Greek Yogurt with Nuts,Italy,130,11,8,6,Maintenance,Breakfast,1
100,Boiled Egg with Spinach,Italy,140,11,10,1,Maintenance,Breakfast,1
100,Focaccia with Tomato,Italy,250,7,9,36,Maintenance,Breakfast,0
100,Bruschetta (Tomato),Italy,180,4,6,28,Maintenance,Breakfast,0
100,Baked Peaches,Italy,60,1,0.2,15,Maintenance,Breakfast,0
100,Plain Cornetto,Italy,340,6,17,40,Maintenance,Breakfast,0
100,Espresso with Milk,Italy,30,2,1,3,Maintenance,Breakfast,0
100,Caprese Salad,Italy,170,9,14,3,Maintenance,Lunch,0
100,Minestrone Soup,Italy,60,3,1,10,Maintenance,Lunch,0
100,Mushroom Risotto,Italy,140,4,5,21,Maintenance,Lunch,0
100,Pasta e Fagioli,Italy,150,7,3,24,Maintenance,Lunch,0
100,Grilled Calamari,Italy,100,18,2,2,Maintenance,Lunch,1
100,Tuna & White Bean Salad,Italy,160,15,8,10,Maintenance,Lunch,1
100,Whole Wheat Margherita,Italy,220,10,8,28,Maintenance,Lunch,0
100,Lentil Pasta,Italy,180,12,2,30,Maintenance,Lunch,1
100,Seafood Pasta (Lean),Italy,160,14,4,18,Maintenance,Lunch,1
100,Roasted Eggplant,Italy,75,2,5,7,Maintenance,Lunch,0
100,Grilled Branzino,Italy,120,23,3,0,Maintenance,Dinner,1
100,Osso Buco (Lean),Italy,180,22,10,3,Maintenance,Dinner,1
100,Chicken Piccata,Italy,175,21,9,4,Maintenance,Dinner,1
100,Veal Marsala (Lean),Italy,200,24,10,5,Maintenance,Dinner,1
100,Baked Sea Bream,Italy,130,22,4,0,Maintenance,Dinner,1
100,Bresaola with Arugula,Italy,150,25,4,2,Maintenance,Dinner,0
100,Stuffed Zucchini,Italy,110,6,5,12,Maintenance,Dinner,0
100,Tomato Basil Cod,Italy,105,22,1,2,Maintenance,Dinner,1
100,Beef Tagliata,Italy,210,26,12,0,Maintenance,Dinner,0
100,Vegetable Lasagna,Italy,160,8,7,18,Maintenance,Dinner,0
1,Roasted Pistachios,Lebanon,562,20,45,27,Weight Loss,Snack,0
1,Pumpkin Seeds,Lebanon,559,30,49,10,Weight Loss,Snack,0
1,Dried Figs,Lebanon,249,3,1,64,Weight Loss,Snack,0
1,Roasted Almonds,Lebanon,579,21,50,22,Weight Loss,Snack,0
1,Walnuts,Lebanon,654,15,65,14,Weight Loss,Snack,0
1,Hummus with Veggies,Lebanon,166,8,10,14,Weight Loss,Snack,1
1,Baked Sambousek,Lebanon,250,10,12,25,Weight Loss,Snack,0
1,Sliced Dates,Lebanon,282,2.5,0.4,75,Weight Loss,Snack,0
1,Sliced Apricots,Lebanon,48,1.4,0.3,11,Weight Loss,Snack,1
1,Labneh Dip,Lebanon,155,8,12,5,Weight Loss,Snack,1
2,Roasted Chickpeas,Pakistan,164,19,6,27,Weight Loss,Snack,1
2,Mixed Dry Fruits,Pakistan,600,15,45,20,Weight Loss,Snack,0
2,Corn on the Cob,Pakistan,90,3,1,19,Weight Loss,Snack,1
2,Fruit Chaat,Pakistan,80,1,0.5,18,Weight Loss,Snack,1
2,Roasted Almonds,Pakistan,579,21,50,22,Weight Loss,Snack,0
2,Walnuts,Pakistan,654,15,65,14,Weight Loss,Snack,0
2,Baked Veggie Samosa,Pakistan,180,4,8,22,Weight Loss,Snack,1
2,Guava with Chaat Masala,Pakistan,68,2.6,1,14,Weight Loss,Snack,1
2,Puffed Rice,Pakistan,400,6,0.5,90,Weight Loss,Snack,0
2,Dried Apricots,Pakistan,241,3,0.5,62,Weight Loss,Snack,0
3,Pine Nuts,Italy,673,14,68,13,Maintenance,Snack,0
3,Pistachios,Italy,562,20,45,27,Maintenance,Snack,0
3,Parmesan Chunks,Italy,430,38,29,4,Maintenance,Snack,0
3,Cherry Tomatoes with Basil,Italy,20,1,0.2,4,Maintenance,Snack,0
3,Baked Taralli,Italy,450,9,18,65,Maintenance,Snack,0
3,Sliced Melon,Italy,34,0.8,0.2,8,Maintenance,Snack,0
3,Walnuts,Italy,654,15,65,14,Maintenance,Snack,0
3,Roasted Chestnuts,Italy,245,3,2,53,Maintenance,Snack,1
3,Low-fat Ricotta,Italy,138,11,8,5,Maintenance,Snack,1
3,Olives,Italy,115,0.8,11,6,Maintenance,Snack,1
4,Brazil Nuts,Brazil,656,14,66,12,Maintenance,Snack,0
4,Cashew Nuts,Brazil,553,18,44,30,Maintenance,Snack,0
4,Sliced Guava,Brazil,68,2.6,1,14,Maintenance,Snack,0
4,Baked Mini Empada,Brazil,280,8,15,28,Maintenance,Snack,1
4,Tapioca Cubes,Brazil,350,0.2,0.1,85,Maintenance,Snack,1
4,Roasted Peanuts,Brazil,567,26,49,16,Maintenance,Snack,0
4,Sliced Pineapple,Brazil,50,0.5,0.1,13,Maintenance,Snack,0
4,Sunflower Seeds,Brazil,584,21,51,20,Maintenance,Snack,0
4,Dried Mango,Brazil,320,2,1,78,Maintenance,Snack,1
4,Sliced Coconut,Brazil,354,3,33,15,Maintenance,Snack,1
5,Roasted Hazelnuts,Turkey,628,15,60,17,Muscle Gain,Snack,0
5,Dried Apricots,Turkey,241,3,0.5,62,Muscle Gain,Snack,0
5,Pistachios,Turkey,562,20,45,27,Muscle Gain,Snack,1
5,Sunflower Seeds,Turkey,584,21,51,20,Muscle Gain,Snack,1
5,Dried Figs,Turkey,249,3,1,64,Muscle Gain,Snack,0
5,Sliced Quince,Turkey,57,0.4,0.1,15,Muscle Gain,Snack,0
5,Walnuts,Turkey,654,15,65,14,Muscle Gain,Snack,0
5,Roasted Pumpkin Seeds,Turkey,559,30,49,10,Muscle Gain,Snack,1
5,Labneh with Herbs,Turkey,155,8,12,5,Muscle Gain,Snack,0
5,Sliced Melon,Turkey,34,0.8,0.2,8,Muscle Gain,Snack,0
6,Edamame,Japan,122,11,5,10,Weight Loss,Snack,1
6,Seaweed Snacks,Japan,35,6,0.5,5,Weight Loss,Snack,1
6,Roasted Soybeans,Japan,450,40,20,33,Weight Loss,Snack,0
6,Rice Crackers,Japan,380,7,1,85,Weight Loss,Snack,0
6,Dried Squid,Japan,300,60,3,2,Weight Loss,Snack,0
6,Tamagoyaki,Japan,150,10,10,4,Weight Loss,Snack,1
6,Green Tea Mochi,Japan,230,2,0.5,55,Weight Loss,Snack,0
6,Small Onigiri,Japan,130,3,0.3,28,Weight Loss,Snack,1
6,Dried Shiitake,Japan,290,10,1,75,Weight Loss,Snack,0
6,Sliced Persimmon,Japan,70,0.6,0.2,19,Weight Loss,Snack,1
7,Brazil Nuts,Brazil,656,14,66,12,Maintenance,Snack,0
7,Cashew Nuts,Brazil,553,18,44,30,Maintenance,Snack,0
7,Sliced Guava,Brazil,68,2.6,1,14,Maintenance,Snack,0
7,Baked Mini Empada,Brazil,280,8,15,28,Maintenance,Snack,1
7,Tapioca Cubes,Brazil,350,0.2,0.1,85,Maintenance,Snack,1
7,Roasted Peanuts,Brazil,567,26,49,16,Maintenance,Snack,0
7,Sliced Pineapple,Brazil,50,0.5,0.1,13,Maintenance,Snack,0
7,Sunflower Seeds,Brazil,584,21,51,20,Maintenance,Snack,0
7,Dried Mango,Brazil,320,2,1,78,Maintenance,Snack,1
7,Sliced Coconut,Brazil,354,3,33,15,Maintenance,Snack,1
8,Roasted Pumpkin Seeds,Mexico,559,30,49,10,Maintenance,Snack,0
8,Jicama with Chili/Lime,Mexico,38,0.7,0.1,9,Maintenance,Snack,0
8,Sliced Mango,Mexico,60,0.8,0.4,15,Maintenance,Snack,0
8,Baked Tortilla Chips,Mexico,450,7,20,65,Maintenance,Snack,0
8,Toasted Chickpeas,Mexico,164,19,6,27,Maintenance,Snack,1
8,Guacamole (Small),Mexico,160,2,15,9,Maintenance,Snack,1
8,Pico de Gallo,Mexico,25,1,0.2,5,Maintenance,Snack,0
8,Sliced Papaya,Mexico,43,0.5,0.1,11,Maintenance,Snack,0
8,Toasted Corn (Esquites),Mexico,150,4,6,25,Maintenance,Snack,1
8,Walnuts,Mexico,654,15,65,14,Maintenance,Snack,0
9,Roasted Makhana,India,350,9,0.5,77,Maintenance,Snack,1
9,Roasted Chana,India,164,19,6,27,Maintenance,Snack,1
9,Sprouted Moong Salad,India,105,7,0.5,19,Maintenance,Snack,1
9,Masala Oats,India,389,13,7,66,Maintenance,Snack,1
9,Roasted Peanuts,India,567,26,49,16,Maintenance,Snack,0
9,Paneer Cubes (Grilled),India,265,18,20,1,Maintenance,Snack,1
9,Masala Corn,India,90,3,1,19,Maintenance,Snack,0
9,Guava slices,India,68,2.6,1,14,Maintenance,Snack,0
9,Roasted Cashews,India,553,18,44,30,Maintenance,Snack,0
9,Steamed Dhokla,India,160,6,4,26,Maintenance,Snack,1
10,Roasted Chickpeas,Pakistan,164,19,6,27,Muscle Gain,Snack,1
10,Mixed Dry Fruits,Pakistan,600,15,45,20,Muscle Gain,Snack,0
10,Corn on the Cob,Pakistan,90,3,1,19,Muscle Gain,Snack,0
10,Fruit Chaat,Pakistan,80,1,0.5,18,Muscle Gain,Snack,0
10,Roasted Almonds,Pakistan,579,21,50,22,Muscle Gain,Snack,1
10,Walnuts,Pakistan,654,15,65,14,Muscle Gain,Snack,0
10,Baked Veggie Samosa,Pakistan,180,4,8,22,Muscle Gain,Snack,0
10,Guava with Chaat Masala,Pakistan,68,2.6,1,14,Muscle Gain,Snack,0
10,Puffed Rice,Pakistan,400,6,0.5,90,Muscle Gain,Snack,0
10,Dried Apricots,Pakistan,241,3,0.5,62,Muscle Gain,Snack,0
11,Marcona Almonds,Spain,600,20,54,18,Weight Loss,Snack,0
11,Sliced Jam?n (Lean),Spain,145,30,3,0,Weight Loss,Snack,1
11,Sliced Orange,Spain,47,0.9,0.1,12,Weight Loss,Snack,1
11,Toasted Hazelnuts,Spain,628,15,60,17,Weight Loss,Snack,0
11,Roasted Broad Beans,Spain,340,25,2,50,Weight Loss,Snack,0
11,Walnuts,Spain,654,15,65,14,Weight Loss,Snack,0
11,Olives,Spain,115,0.8,11,6,Weight Loss,Snack,1
11,Sliced Peaches,Spain,39,0.9,0.3,10,Weight Loss,Snack,1
11,Picos (Breadsticks),Spain,400,10,5,75,Weight Loss,Snack,0
11,Sliced Cantaloupe,Spain,34,0.8,0.2,8,Weight Loss,Snack,1
12,Edamame,Japan,122,11,5,10,Weight Loss,Snack,1
12,Seaweed Snacks,Japan,35,6,0.5,5,Weight Loss,Snack,1
12,Roasted Soybeans,Japan,450,40,20,33,Weight Loss,Snack,0
12,Rice Crackers,Japan,380,7,1,85,Weight Loss,Snack,0
12,Dried Squid,Japan,300,60,3,2,Weight Loss,Snack,0
12,Tamagoyaki,Japan,150,10,10,4,Weight Loss,Snack,1
12,Green Tea Mochi,Japan,230,2,0.5,55,Weight Loss,Snack,0
12,Small Onigiri,Japan,130,3,0.3,28,Weight Loss,Snack,1
12,Dried Shiitake,Japan,290,10,1,75,Weight Loss,Snack,0
12,Sliced Persimmon,Japan,70,0.6,0.2,19,Weight Loss,Snack,1
13,Sliced Mango,Thailand,60,0.8,0.4,15,Muscle Gain,Snack,0
13,Steamed Corn,Thailand,96,3.4,1.5,21,Muscle Gain,Snack,0
13,Roasted Cashews,Thailand,553,18,44,30,Muscle Gain,Snack,1
13,Dried Jackfruit,Thailand,280,2,0.6,72,Muscle Gain,Snack,0
13,Sliced Papaya,Thailand,43,0.5,0.1,11,Muscle Gain,Snack,0
13,Sliced Dragon Fruit,Thailand,60,1.2,0.8,13,Muscle Gain,Snack,0
13,Small Rice Cracker,Thailand,380,7,1,85,Muscle Gain,Snack,0
13,Roasted Peanuts,Thailand,567,26,49,16,Muscle Gain,Snack,1
13,Sliced Starfruit,Thailand,31,1,0.3,7,Muscle Gain,Snack,0
13,Sliced Watermelon,Thailand,30,0.6,0.2,8,Muscle Gain,Snack,0
14,Sliced Mango,Thailand,60,0.8,0.4,15,Muscle Gain,Snack,0
14,Steamed Corn,Thailand,96,3.4,1.5,21,Muscle Gain,Snack,0
14,Roasted Cashews,Thailand,553,18,44,30,Muscle Gain,Snack,1
14,Dried Jackfruit,Thailand,280,2,0.6,72,Muscle Gain,Snack,0
14,Sliced Papaya,Thailand,43,0.5,0.1,11,Muscle Gain,Snack,0
14,Sliced Dragon Fruit,Thailand,60,1.2,0.8,13,Muscle Gain,Snack,0
14,Small Rice Cracker,Thailand,380,7,1,85,Muscle Gain,Snack,0
14,Roasted Peanuts,Thailand,567,26,49,16,Muscle Gain,Snack,1
14,Sliced Starfruit,Thailand,31,1,0.3,7,Muscle Gain,Snack,0
14,Sliced Watermelon,Thailand,30,0.6,0.2,8,Muscle Gain,Snack,0
15,Roasted Hazelnuts,Turkey,628,15,60,17,Weight Loss,Snack,0
15,Dried Apricots,Turkey,241,3,0.5,62,Weight Loss,Snack,0
15,Pistachios,Turkey,562,20,45,27,Weight Loss,Snack,0
15,Sunflower Seeds,Turkey,584,21,51,20,Weight Loss,Snack,0
15,Dried Figs,Turkey,249,3,1,64,Weight Loss,Snack,0
15,Sliced Quince,Turkey,57,0.4,0.1,15,Weight Loss,Snack,1
15,Walnuts,Turkey,654,15,65,14,Weight Loss,Snack,0
15,Roasted Pumpkin Seeds,Turkey,559,30,49,10,Weight Loss,Snack,0
15,Labneh with Herbs,Turkey,155,8,12,5,Weight Loss,Snack,1
15,Sliced Melon,Turkey,34,0.8,0.2,8,Weight Loss,Snack,1
16,Edamame,Japan,122,11,5,10,Muscle Gain,Snack,0
16,Seaweed Snacks,Japan,35,6,0.5,5,Muscle Gain,Snack,0
16,Roasted Soybeans,Japan,450,40,20,33,Muscle Gain,Snack,1
16,Rice Crackers,Japan,380,7,1,85,Muscle Gain,Snack,0
16,Dried Squid,Japan,300,60,3,2,Muscle Gain,Snack,1
16,Tamagoyaki,Japan,150,10,10,4,Muscle Gain,Snack,0
16,Green Tea Mochi,Japan,230,2,0.5,55,Muscle Gain,Snack,0
16,Small Onigiri,Japan,130,3,0.3,28,Muscle Gain,Snack,0
16,Dried Shiitake,Japan,290,10,1,75,Muscle Gain,Snack,0
16,Sliced Persimmon,Japan,70,0.6,0.2,19,Muscle Gain,Snack,0
17,Roasted Chickpeas,Pakistan,164,19,6,27,Muscle Gain,Snack,1
17,Mixed Dry Fruits,Pakistan,600,15,45,20,Muscle Gain,Snack,0
17,Corn on the Cob,Pakistan,90,3,1,19,Muscle Gain,Snack,0
17,Fruit Chaat,Pakistan,80,1,0.5,18,Muscle Gain,Snack,0
17,Roasted Almonds,Pakistan,579,21,50,22,Muscle Gain,Snack,1
17,Walnuts,Pakistan,654,15,65,14,Muscle Gain,Snack,0
17,Baked Veggie Samosa,Pakistan,180,4,8,22,Muscle Gain,Snack,0
17,Guava with Chaat Masala,Pakistan,68,2.6,1,14,Muscle Gain,Snack,0
17,Puffed Rice,Pakistan,400,6,0.5,90,Muscle Gain,Snack,0
17,Dried Apricots,Pakistan,241,3,0.5,62,Muscle Gain,Snack,0
18,Roasted Pistachios,Greece,562,20,45,27,Muscle Gain,Snack,1
18,Kalamata Olives,Greece,115,0.8,11,6,Muscle Gain,Snack,0
18,Feta Cubes,Greece,264,14,21,4,Muscle Gain,Snack,0
18,Dried Figs,Greece,249,3,1,64,Muscle Gain,Snack,0
18,Walnuts,Greece,654,15,65,14,Muscle Gain,Snack,0
18,Greek Yogurt (Small),Greece,59,10,0.4,3.6,Muscle Gain,Snack,0
18,Sliced Cucumber,Greece,15,0.7,0.1,3.6,Muscle Gain,Snack,0
18,Roasted Chickpeas,Greece,164,19,6,27,Muscle Gain,Snack,1
18,Pomegranate Seeds,Greece,83,1.7,1.2,19,Muscle Gain,Snack,0
18,Sliced Grapes,Greece,69,0.7,0.2,18,Muscle Gain,Snack,0
19,Ajwa Dates,Saudi Arabia,282,2.5,0.4,75,Maintenance,Snack,1
19,Roasted Pistachios,Saudi Arabia,562,20,45,27,Maintenance,Snack,0
19,Roasted Almonds,Saudi Arabia,579,21,50,22,Maintenance,Snack,0
19,Pumpkin Seeds,Saudi Arabia,559,30,49,10,Maintenance,Snack,0
19,Dried Figs,Saudi Arabia,249,3,1,64,Maintenance,Snack,1
19,Baked Falafel,Saudi Arabia,180,13,10,20,Maintenance,Snack,1
19,Labneh Dip with Veggies,Saudi Arabia,155,8,12,5,Maintenance,Snack,1
19,Walnuts,Saudi Arabia,654,15,65,14,Maintenance,Snack,0
19,Roasted Hazelnuts,Saudi Arabia,628,15,60,17,Maintenance,Snack,0
19,Dried Apricots,Saudi Arabia,241,3,0.5,62,Maintenance,Snack,1
20,Ajwa Dates,Saudi Arabia,282,2.5,0.4,75,Weight Loss,Snack,0
20,Roasted Pistachios,Saudi Arabia,562,20,45,27,Weight Loss,Snack,0
20,Roasted Almonds,Saudi Arabia,579,21,50,22,Weight Loss,Snack,0
20,Pumpkin Seeds,Saudi Arabia,559,30,49,10,Weight Loss,Snack,0
20,Dried Figs,Saudi Arabia,249,3,1,64,Weight Loss,Snack,0
20,Baked Falafel,Saudi Arabia,180,13,10,20,Weight Loss,Snack,1
20,Labneh Dip with Veggies,Saudi Arabia,155,8,12,5,Weight Loss,Snack,1
20,Walnuts,Saudi Arabia,654,15,65,14,Weight Loss,Snack,0
20,Roasted Hazelnuts,Saudi Arabia,628,15,60,17,Weight Loss,Snack,0
20,Dried Apricots,Saudi Arabia,241,3,0.5,62,Weight Loss,Snack,0
21,Sliced Mango,Thailand,60,0.8,0.4,15,Weight Loss,Snack,1
21,Steamed Corn,Thailand,96,3.4,1.5,21,Weight Loss,Snack,1
21,Roasted Cashews,Thailand,553,18,44,30,Weight Loss,Snack,0
21,Dried Jackfruit,Thailand,280,2,0.6,72,Weight Loss,Snack,0
21,Sliced Papaya,Thailand,43,0.5,0.1,11,Weight Loss,Snack,1
21,Sliced Dragon Fruit,Thailand,60,1.2,0.8,13,Weight Loss,Snack,1
21,Small Rice Cracker,Thailand,380,7,1,85,Weight Loss,Snack,0
21,Roasted Peanuts,Thailand,567,26,49,16,Weight Loss,Snack,0
21,Sliced Starfruit,Thailand,31,1,0.3,7,Weight Loss,Snack,1
21,Sliced Watermelon,Thailand,30,0.6,0.2,8,Weight Loss,Snack,1
22,Sliced Mango,Thailand,60,0.8,0.4,15,Maintenance,Snack,0
22,Steamed Corn,Thailand,96,3.4,1.5,21,Maintenance,Snack,0
22,Roasted Cashews,Thailand,553,18,44,30,Maintenance,Snack,0
22,Dried Jackfruit,Thailand,280,2,0.6,72,Maintenance,Snack,1
22,Sliced Papaya,Thailand,43,0.5,0.1,11,Maintenance,Snack,0
22,Sliced Dragon Fruit,Thailand,60,1.2,0.8,13,Maintenance,Snack,0
22,Small Rice Cracker,Thailand,380,7,1,85,Maintenance,Snack,1
22,Roasted Peanuts,Thailand,567,26,49,16,Maintenance,Snack,0
22,Sliced Starfruit,Thailand,31,1,0.3,7,Maintenance,Snack,0
22,Sliced Watermelon,Thailand,30,0.6,0.2,8,Maintenance,Snack,0
23,Marcona Almonds,Spain,600,20,54,18,Weight Loss,Snack,0
23,Sliced Jam?n (Lean),Spain,145,30,3,0,Weight Loss,Snack,1
23,Sliced Orange,Spain,47,0.9,0.1,12,Weight Loss,Snack,1
23,Toasted Hazelnuts,Spain,628,15,60,17,Weight Loss,Snack,0
23,Roasted Broad Beans,Spain,340,25,2,50,Weight Loss,Snack,0
23,Walnuts,Spain,654,15,65,14,Weight Loss,Snack,0
23,Olives,Spain,115,0.8,11,6,Weight Loss,Snack,1
23,Sliced Peaches,Spain,39,0.9,0.3,10,Weight Loss,Snack,1
23,Picos (Breadsticks),Spain,400,10,5,75,Weight Loss,Snack,0
23,Sliced Cantaloupe,Spain,34,0.8,0.2,8,Weight Loss,Snack,1
24,Pine Nuts,Italy,673,14,68,13,Maintenance,Snack,0
24,Pistachios,Italy,562,20,45,27,Maintenance,Snack,0
24,Parmesan Chunks,Italy,430,38,29,4,Maintenance,Snack,0
24,Cherry Tomatoes with Basil,Italy,20,1,0.2,4,Maintenance,Snack,0
24,Baked Taralli,Italy,450,9,18,65,Maintenance,Snack,0
24,Sliced Melon,Italy,34,0.8,0.2,8,Maintenance,Snack,0
24,Walnuts,Italy,654,15,65,14,Maintenance,Snack,0
24,Roasted Chestnuts,Italy,245,3,2,53,Maintenance,Snack,1
24,Low-fat Ricotta,Italy,138,11,8,5,Maintenance,Snack,1
24,Olives,Italy,115,0.8,11,6,Maintenance,Snack,1
25,Roasted Hazelnuts,Turkey,628,15,60,17,Muscle Gain,Snack,0
25,Dried Apricots,Turkey,241,3,0.5,62,Muscle Gain,Snack,0
25,Pistachios,Turkey,562,20,45,27,Muscle Gain,Snack,1
25,Sunflower Seeds,Turkey,584,21,51,20,Muscle Gain,Snack,1
25,Dried Figs,Turkey,249,3,1,64,Muscle Gain,Snack,0
25,Sliced Quince,Turkey,57,0.4,0.1,15,Muscle Gain,Snack,0
25,Walnuts,Turkey,654,15,65,14,Muscle Gain,Snack,0
25,Roasted Pumpkin Seeds,Turkey,559,30,49,10,Muscle Gain,Snack,1
25,Labneh with Herbs,Turkey,155,8,12,5,Muscle Gain,Snack,0
25,Sliced Melon,Turkey,34,0.8,0.2,8,Muscle Gain,Snack,0
26,Roasted Chickpeas,Pakistan,164,19,6,27,Muscle Gain,Snack,1
26,Mixed Dry Fruits,Pakistan,600,15,45,20,Muscle Gain,Snack,0
26,Corn on the Cob,Pakistan,90,3,1,19,Muscle Gain,Snack,0
26,Fruit Chaat,Pakistan,80,1,0.5,18,Muscle Gain,Snack,0
26,Roasted Almonds,Pakistan,579,21,50,22,Muscle Gain,Snack,1
26,Walnuts,Pakistan,654,15,65,14,Muscle Gain,Snack,0
26,Baked Veggie Samosa,Pakistan,180,4,8,22,Muscle Gain,Snack,0
26,Guava with Chaat Masala,Pakistan,68,2.6,1,14,Muscle Gain,Snack,0
26,Puffed Rice,Pakistan,400,6,0.5,90,Muscle Gain,Snack,0
26,Dried Apricots,Pakistan,241,3,0.5,62,Muscle Gain,Snack,0
27,Ajwa Dates,Saudi Arabia,282,2.5,0.4,75,Maintenance,Snack,1
27,Roasted Pistachios,Saudi Arabia,562,20,45,27,Maintenance,Snack,0
27,Roasted Almonds,Saudi Arabia,579,21,50,22,Maintenance,Snack,0
27,Pumpkin Seeds,Saudi Arabia,559,30,49,10,Maintenance,Snack,0
27,Dried Figs,Saudi Arabia,249,3,1,64,Maintenance,Snack,1
27,Baked Falafel,Saudi Arabia,180,13,10,20,Maintenance,Snack,1
27,Labneh Dip with Veggies,Saudi Arabia,155,8,12,5,Maintenance,Snack,1
27,Walnuts,Saudi Arabia,654,15,65,14,Maintenance,Snack,0
27,Roasted Hazelnuts,Saudi Arabia,628,15,60,17,Maintenance,Snack,0
27,Dried Apricots,Saudi Arabia,241,3,0.5,62,Maintenance,Snack,1
28,Sliced Mango,Thailand,60,0.8,0.4,15,Weight Loss,Snack,1
28,Steamed Corn,Thailand,96,3.4,1.5,21,Weight Loss,Snack,1
28,Roasted Cashews,Thailand,553,18,44,30,Weight Loss,Snack,0
28,Dried Jackfruit,Thailand,280,2,0.6,72,Weight Loss,Snack,0
28,Sliced Papaya,Thailand,43,0.5,0.1,11,Weight Loss,Snack,1
28,Sliced Dragon Fruit,Thailand,60,1.2,0.8,13,Weight Loss,Snack,1
28,Small Rice Cracker,Thailand,380,7,1,85,Weight Loss,Snack,0
28,Roasted Peanuts,Thailand,567,26,49,16,Weight Loss,Snack,0
28,Sliced Starfruit,Thailand,31,1,0.3,7,Weight Loss,Snack,1
28,Sliced Watermelon,Thailand,30,0.6,0.2,8,Weight Loss,Snack,1
29,Brazil Nuts,Brazil,656,14,66,12,Weight Loss,Snack,0
29,Cashew Nuts,Brazil,553,18,44,30,Weight Loss,Snack,0
29,Sliced Guava,Brazil,68,2.6,1,14,Weight Loss,Snack,1
29,Baked Mini Empada,Brazil,280,8,15,28,Weight Loss,Snack,0
29,Tapioca Cubes,Brazil,350,0.2,0.1,85,Weight Loss,Snack,0
29,Roasted Peanuts,Brazil,567,26,49,16,Weight Loss,Snack,0
29,Sliced Pineapple,Brazil,50,0.5,0.1,13,Weight Loss,Snack,1
29,Sunflower Seeds,Brazil,584,21,51,20,Weight Loss,Snack,0
29,Dried Mango,Brazil,320,2,1,78,Weight Loss,Snack,0
29,Sliced Coconut,Brazil,354,3,33,15,Weight Loss,Snack,0
30,Roasted Chickpeas,Pakistan,164,19,6,27,Weight Loss,Snack,1
30,Mixed Dry Fruits,Pakistan,600,15,45,20,Weight Loss,Snack,0
30,Corn on the Cob,Pakistan,90,3,1,19,Weight Loss,Snack,1
30,Fruit Chaat,Pakistan,80,1,0.5,18,Weight Loss,Snack,1
30,Roasted Almonds,Pakistan,579,21,50,22,Weight Loss,Snack,0
30,Walnuts,Pakistan,654,15,65,14,Weight Loss,Snack,0
30,Baked Veggie Samosa,Pakistan,180,4,8,22,Weight Loss,Snack,1
30,Guava with Chaat Masala,Pakistan,68,2.6,1,14,Weight Loss,Snack,1
30,Puffed Rice,Pakistan,400,6,0.5,90,Weight Loss,Snack,0
30,Dried Apricots,Pakistan,241,3,0.5,62,Weight Loss,Snack,0
31,Marcona Almonds,Spain,600,20,54,18,Weight Loss,Snack,0
31,Sliced Jam?n (Lean),Spain,145,30,3,0,Weight Loss,Snack,1
31,Sliced Orange,Spain,47,0.9,0.1,12,Weight Loss,Snack,1
31,Toasted Hazelnuts,Spain,628,15,60,17,Weight Loss,Snack,0
31,Roasted Broad Beans,Spain,340,25,2,50,Weight Loss,Snack,0
31,Walnuts,Spain,654,15,65,14,Weight Loss,Snack,0
31,Olives,Spain,115,0.8,11,6,Weight Loss,Snack,1
31,Sliced Peaches,Spain,39,0.9,0.3,10,Weight Loss,Snack,1
31,Picos (Breadsticks),Spain,400,10,5,75,Weight Loss,Snack,0
31,Sliced Cantaloupe,Spain,34,0.8,0.2,8,Weight Loss,Snack,1
32,Roasted Hazelnuts,Turkey,628,15,60,17,Maintenance,Snack,0
32,Dried Apricots,Turkey,241,3,0.5,62,Maintenance,Snack,1
32,Pistachios,Turkey,562,20,45,27,Maintenance,Snack,0
32,Sunflower Seeds,Turkey,584,21,51,20,Maintenance,Snack,0
32,Dried Figs,Turkey,249,3,1,64,Maintenance,Snack,1
32,Sliced Quince,Turkey,57,0.4,0.1,15,Maintenance,Snack,0
32,Walnuts,Turkey,654,15,65,14,Maintenance,Snack,0
32,Roasted Pumpkin Seeds,Turkey,559,30,49,10,Maintenance,Snack,0
32,Labneh with Herbs,Turkey,155,8,12,5,Maintenance,Snack,1
32,Sliced Melon,Turkey,34,0.8,0.2,8,Maintenance,Snack,0
33,Brazil Nuts,Brazil,656,14,66,12,Maintenance,Snack,0
33,Cashew Nuts,Brazil,553,18,44,30,Maintenance,Snack,0
33,Sliced Guava,Brazil,68,2.6,1,14,Maintenance,Snack,0
33,Baked Mini Empada,Brazil,280,8,15,28,Maintenance,Snack,1
33,Tapioca Cubes,Brazil,350,0.2,0.1,85,Maintenance,Snack,1
33,Roasted Peanuts,Brazil,567,26,49,16,Maintenance,Snack,0
33,Sliced Pineapple,Brazil,50,0.5,0.1,13,Maintenance,Snack,0
33,Sunflower Seeds,Brazil,584,21,51,20,Maintenance,Snack,0
33,Dried Mango,Brazil,320,2,1,78,Maintenance,Snack,1
33,Sliced Coconut,Brazil,354,3,33,15,Maintenance,Snack,1
34,Walnuts,France,654,15,65,14,Muscle Gain,Snack,0
34,Hard Cheese (Comte),France,410,27,33,1,Muscle Gain,Snack,1
34,Sliced Pear,France,57,0.4,0.1,15,Muscle Gain,Snack,0
34,Radishes with Salt,France,16,0.7,0.1,3.4,Muscle Gain,Snack,0
34,Almonds,France,579,21,50,22,Muscle Gain,Snack,1
34,Baked Apple,France,60,0.5,0.2,15,Muscle Gain,Snack,0
34,Mini Quiche (Veg),France,250,8,18,14,Muscle Gain,Snack,0
34,Yogurt with Honey,France,115,9,4,12,Muscle Gain,Snack,0
34,Hazelnuts,France,628,15,60,17,Muscle Gain,Snack,0
34,Dark Chocolate (85%),France,598,8,45,24,Muscle Gain,Snack,0
35,Sliced Mango,Thailand,60,0.8,0.4,15,Muscle Gain,Snack,0
35,Steamed Corn,Thailand,96,3.4,1.5,21,Muscle Gain,Snack,0
35,Roasted Cashews,Thailand,553,18,44,30,Muscle Gain,Snack,1
35,Dried Jackfruit,Thailand,280,2,0.6,72,Muscle Gain,Snack,0
35,Sliced Papaya,Thailand,43,0.5,0.1,11,Muscle Gain,Snack,0
35,Sliced Dragon Fruit,Thailand,60,1.2,0.8,13,Muscle Gain,Snack,0
35,Small Rice Cracker,Thailand,380,7,1,85,Muscle Gain,Snack,0
35,Roasted Peanuts,Thailand,567,26,49,16,Muscle Gain,Snack,1
35,Sliced Starfruit,Thailand,31,1,0.3,7,Muscle Gain,Snack,0
35,Sliced Watermelon,Thailand,30,0.6,0.2,8,Muscle Gain,Snack,0
36,Edamame,Japan,122,11,5,10,Weight Loss,Snack,1
36,Seaweed Snacks,Japan,35,6,0.5,5,Weight Loss,Snack,1
36,Roasted Soybeans,Japan,450,40,20,33,Weight Loss,Snack,0
36,Rice Crackers,Japan,380,7,1,85,Weight Loss,Snack,0
36,Dried Squid,Japan,300,60,3,2,Weight Loss,Snack,0
36,Tamagoyaki,Japan,150,10,10,4,Weight Loss,Snack,1
36,Green Tea Mochi,Japan,230,2,0.5,55,Weight Loss,Snack,0
36,Small Onigiri,Japan,130,3,0.3,28,Weight Loss,Snack,1
36,Dried Shiitake,Japan,290,10,1,75,Weight Loss,Snack,0
36,Sliced Persimmon,Japan,70,0.6,0.2,19,Weight Loss,Snack,1
37,Walnuts,France,654,15,65,14,Maintenance,Snack,0
37,Hard Cheese (Comte),France,410,27,33,1,Maintenance,Snack,0
37,Sliced Pear,France,57,0.4,0.1,15,Maintenance,Snack,0
37,Radishes with Salt,France,16,0.7,0.1,3.4,Maintenance,Snack,0
37,Almonds,France,579,21,50,22,Maintenance,Snack,0
37,Baked Apple,France,60,0.5,0.2,15,Maintenance,Snack,0
37,Mini Quiche (Veg),France,250,8,18,14,Maintenance,Snack,1
37,Yogurt with Honey,France,115,9,4,12,Maintenance,Snack,1
37,Hazelnuts,France,628,15,60,17,Maintenance,Snack,0
37,Dark Chocolate (85%),France,598,8,45,24,Maintenance,Snack,0
38,Ajwa Dates,Saudi Arabia,282,2.5,0.4,75,Maintenance,Snack,1
38,Roasted Pistachios,Saudi Arabia,562,20,45,27,Maintenance,Snack,0
38,Roasted Almonds,Saudi Arabia,579,21,50,22,Maintenance,Snack,0
38,Pumpkin Seeds,Saudi Arabia,559,30,49,10,Maintenance,Snack,0
38,Dried Figs,Saudi Arabia,249,3,1,64,Maintenance,Snack,1
38,Baked Falafel,Saudi Arabia,180,13,10,20,Maintenance,Snack,1
38,Labneh Dip with Veggies,Saudi Arabia,155,8,12,5,Maintenance,Snack,1
38,Walnuts,Saudi Arabia,654,15,65,14,Maintenance,Snack,0
38,Roasted Hazelnuts,Saudi Arabia,628,15,60,17,Maintenance,Snack,0
38,Dried Apricots,Saudi Arabia,241,3,0.5,62,Maintenance,Snack,1
39,Roasted Chickpeas,Pakistan,164,19,6,27,Muscle Gain,Snack,1
39,Mixed Dry Fruits,Pakistan,600,15,45,20,Muscle Gain,Snack,0
39,Corn on the Cob,Pakistan,90,3,1,19,Muscle Gain,Snack,0
39,Fruit Chaat,Pakistan,80,1,0.5,18,Muscle Gain,Snack,0
39,Roasted Almonds,Pakistan,579,21,50,22,Muscle Gain,Snack,1
39,Walnuts,Pakistan,654,15,65,14,Muscle Gain,Snack,0
39,Baked Veggie Samosa,Pakistan,180,4,8,22,Muscle Gain,Snack,0
39,Guava with Chaat Masala,Pakistan,68,2.6,1,14,Muscle Gain,Snack,0
39,Puffed Rice,Pakistan,400,6,0.5,90,Muscle Gain,Snack,0
39,Dried Apricots,Pakistan,241,3,0.5,62,Muscle Gain,Snack,0
40,Sliced Mango,Thailand,60,0.8,0.4,15,Weight Loss,Snack,1
40,Steamed Corn,Thailand,96,3.4,1.5,21,Weight Loss,Snack,1
40,Roasted Cashews,Thailand,553,18,44,30,Weight Loss,Snack,0
40,Dried Jackfruit,Thailand,280,2,0.6,72,Weight Loss,Snack,0
40,Sliced Papaya,Thailand,43,0.5,0.1,11,Weight Loss,Snack,1
40,Sliced Dragon Fruit,Thailand,60,1.2,0.8,13,Weight Loss,Snack,1
40,Small Rice Cracker,Thailand,380,7,1,85,Weight Loss,Snack,0
40,Roasted Peanuts,Thailand,567,26,49,16,Weight Loss,Snack,0
40,Sliced Starfruit,Thailand,31,1,0.3,7,Weight Loss,Snack,1
40,Sliced Watermelon,Thailand,30,0.6,0.2,8,Weight Loss,Snack,1
41,Roasted Pumpkin Seeds,Mexico,559,30,49,10,Weight Loss,Snack,0
41,Jicama with Chili/Lime,Mexico,38,0.7,0.1,9,Weight Loss,Snack,1
41,Sliced Mango,Mexico,60,0.8,0.4,15,Weight Loss,Snack,1
41,Baked Tortilla Chips,Mexico,450,7,20,65,Weight Loss,Snack,0
41,Toasted Chickpeas,Mexico,164,19,6,27,Weight Loss,Snack,1
41,Guacamole (Small),Mexico,160,2,15,9,Weight Loss,Snack,1
41,Pico de Gallo,Mexico,25,1,0.2,5,Weight Loss,Snack,1
41,Sliced Papaya,Mexico,43,0.5,0.1,11,Weight Loss,Snack,1
41,Toasted Corn (Esquites),Mexico,150,4,6,25,Weight Loss,Snack,1
41,Walnuts,Mexico,654,15,65,14,Weight Loss,Snack,0
42,Almonds,USA,579,21,50,22,Muscle Gain,Snack,1
42,Celery with Peanut Butter,USA,190,7,16,10,Muscle Gain,Snack,0
42,Beef Jerky (Lean),USA,410,33,25,11,Muscle Gain,Snack,1
42,Apple Slices,USA,52,0.3,0.2,14,Muscle Gain,Snack,0
42,Greek Yogurt,USA,59,10,0.4,3.6,Muscle Gain,Snack,0
42,Trail Mix,USA,460,13,31,45,Muscle Gain,Snack,0
42,Hard Boiled Egg,USA,155,13,11,1,Muscle Gain,Snack,0
42,Pumpkin Seeds,USA,559,30,49,10,Muscle Gain,Snack,1
42,Blueberries,USA,57,0.7,0.3,14,Muscle Gain,Snack,0
42,String Cheese,USA,280,24,20,2,Muscle Gain,Snack,1
43,Sliced Mango,Thailand,60,0.8,0.4,15,Maintenance,Snack,0
43,Steamed Corn,Thailand,96,3.4,1.5,21,Maintenance,Snack,0
43,Roasted Cashews,Thailand,553,18,44,30,Maintenance,Snack,0
43,Dried Jackfruit,Thailand,280,2,0.6,72,Maintenance,Snack,1
43,Sliced Papaya,Thailand,43,0.5,0.1,11,Maintenance,Snack,0
43,Sliced Dragon Fruit,Thailand,60,1.2,0.8,13,Maintenance,Snack,0
43,Small Rice Cracker,Thailand,380,7,1,85,Maintenance,Snack,1
43,Roasted Peanuts,Thailand,567,26,49,16,Maintenance,Snack,0
43,Sliced Starfruit,Thailand,31,1,0.3,7,Maintenance,Snack,0
43,Sliced Watermelon,Thailand,30,0.6,0.2,8,Maintenance,Snack,0
44,Edamame,Japan,122,11,5,10,Weight Loss,Snack,1
44,Seaweed Snacks,Japan,35,6,0.5,5,Weight Loss,Snack,1
44,Roasted Soybeans,Japan,450,40,20,33,Weight Loss,Snack,0
44,Rice Crackers,Japan,380,7,1,85,Weight Loss,Snack,0
44,Dried Squid,Japan,300,60,3,2,Weight Loss,Snack,0
44,Tamagoyaki,Japan,150,10,10,4,Weight Loss,Snack,1
44,Green Tea Mochi,Japan,230,2,0.5,55,Weight Loss,Snack,0
44,Small Onigiri,Japan,130,3,0.3,28,Weight Loss,Snack,1
44,Dried Shiitake,Japan,290,10,1,75,Weight Loss,Snack,0
44,Sliced Persimmon,Japan,70,0.6,0.2,19,Weight Loss,Snack,1
45,Sliced Mango,Thailand,60,0.8,0.4,15,Weight Loss,Snack,1
45,Steamed Corn,Thailand,96,3.4,1.5,21,Weight Loss,Snack,1
45,Roasted Cashews,Thailand,553,18,44,30,Weight Loss,Snack,0
45,Dried Jackfruit,Thailand,280,2,0.6,72,Weight Loss,Snack,0
45,Sliced Papaya,Thailand,43,0.5,0.1,11,Weight Loss,Snack,1
45,Sliced Dragon Fruit,Thailand,60,1.2,0.8,13,Weight Loss,Snack,1
45,Small Rice Cracker,Thailand,380,7,1,85,Weight Loss,Snack,0
45,Roasted Peanuts,Thailand,567,26,49,16,Weight Loss,Snack,0
45,Sliced Starfruit,Thailand,31,1,0.3,7,Weight Loss,Snack,1
45,Sliced Watermelon,Thailand,30,0.6,0.2,8,Weight Loss,Snack,1
46,Brazil Nuts,Brazil,656,14,66,12,Weight Loss,Snack,0
46,Cashew Nuts,Brazil,553,18,44,30,Weight Loss,Snack,0
46,Sliced Guava,Brazil,68,2.6,1,14,Weight Loss,Snack,1
46,Baked Mini Empada,Brazil,280,8,15,28,Weight Loss,Snack,0
46,Tapioca Cubes,Brazil,350,0.2,0.1,85,Weight Loss,Snack,0
46,Roasted Peanuts,Brazil,567,26,49,16,Weight Loss,Snack,0
46,Sliced Pineapple,Brazil,50,0.5,0.1,13,Weight Loss,Snack,1
46,Sunflower Seeds,Brazil,584,21,51,20,Weight Loss,Snack,0
46,Dried Mango,Brazil,320,2,1,78,Weight Loss,Snack,0
46,Sliced Coconut,Brazil,354,3,33,15,Weight Loss,Snack,0
47,Sliced Mango,Thailand,60,0.8,0.4,15,Muscle Gain,Snack,0
47,Steamed Corn,Thailand,96,3.4,1.5,21,Muscle Gain,Snack,0
47,Roasted Cashews,Thailand,553,18,44,30,Muscle Gain,Snack,1
47,Dried Jackfruit,Thailand,280,2,0.6,72,Muscle Gain,Snack,0
47,Sliced Papaya,Thailand,43,0.5,0.1,11,Muscle Gain,Snack,0
47,Sliced Dragon Fruit,Thailand,60,1.2,0.8,13,Muscle Gain,Snack,0
47,Small Rice Cracker,Thailand,380,7,1,85,Muscle Gain,Snack,0
47,Roasted Peanuts,Thailand,567,26,49,16,Muscle Gain,Snack,1
47,Sliced Starfruit,Thailand,31,1,0.3,7,Muscle Gain,Snack,0
47,Sliced Watermelon,Thailand,30,0.6,0.2,8,Muscle Gain,Snack,0
48,Roasted Pistachios,Greece,562,20,45,27,Muscle Gain,Snack,1
48,Kalamata Olives,Greece,115,0.8,11,6,Muscle Gain,Snack,0
48,Feta Cubes,Greece,264,14,21,4,Muscle Gain,Snack,0
48,Dried Figs,Greece,249,3,1,64,Muscle Gain,Snack,0
48,Walnuts,Greece,654,15,65,14,Muscle Gain,Snack,0
48,Greek Yogurt (Small),Greece,59,10,0.4,3.6,Muscle Gain,Snack,0
48,Sliced Cucumber,Greece,15,0.7,0.1,3.6,Muscle Gain,Snack,0
48,Roasted Chickpeas,Greece,164,19,6,27,Muscle Gain,Snack,1
48,Pomegranate Seeds,Greece,83,1.7,1.2,19,Muscle Gain,Snack,0
48,Sliced Grapes,Greece,69,0.7,0.2,18,Muscle Gain,Snack,0
49,Roasted Hazelnuts,Turkey,628,15,60,17,Muscle Gain,Snack,0
49,Dried Apricots,Turkey,241,3,0.5,62,Muscle Gain,Snack,0
49,Pistachios,Turkey,562,20,45,27,Muscle Gain,Snack,1
49,Sunflower Seeds,Turkey,584,21,51,20,Muscle Gain,Snack,1
49,Dried Figs,Turkey,249,3,1,64,Muscle Gain,Snack,0
49,Sliced Quince,Turkey,57,0.4,0.1,15,Muscle Gain,Snack,0
49,Walnuts,Turkey,654,15,65,14,Muscle Gain,Snack,0
49,Roasted Pumpkin Seeds,Turkey,559,30,49,10,Muscle Gain,Snack,1
49,Labneh with Herbs,Turkey,155,8,12,5,Muscle Gain,Snack,0
49,Sliced Melon,Turkey,34,0.8,0.2,8,Muscle Gain,Snack,0
50,Pine Nuts,Italy,673,14,68,13,Muscle Gain,Snack,0
50,Pistachios,Italy,562,20,45,27,Muscle Gain,Snack,1
50,Parmesan Chunks,Italy,430,38,29,4,Muscle Gain,Snack,1
50,Cherry Tomatoes with Basil,Italy,20,1,0.2,4,Muscle Gain,Snack,0
50,Baked Taralli,Italy,450,9,18,65,Muscle Gain,Snack,0
50,Sliced Melon,Italy,34,0.8,0.2,8,Muscle Gain,Snack,0
50,Walnuts,Italy,654,15,65,14,Muscle Gain,Snack,0
50,Roasted Chestnuts,Italy,245,3,2,53,Muscle Gain,Snack,0
50,Low-fat Ricotta,Italy,138,11,8,5,Muscle Gain,Snack,0
50,Olives,Italy,115,0.8,11,6,Muscle Gain,Snack,0
51,Roasted Pumpkin Seeds,Mexico,559,30,49,10,Maintenance,Snack,0
51,Jicama with Chili/Lime,Mexico,38,0.7,0.1,9,Maintenance,Snack,0
51,Sliced Mango,Mexico,60,0.8,0.4,15,Maintenance,Snack,0
51,Baked Tortilla Chips,Mexico,450,7,20,65,Maintenance,Snack,0
51,Toasted Chickpeas,Mexico,164,19,6,27,Maintenance,Snack,1
51,Guacamole (Small),Mexico,160,2,15,9,Maintenance,Snack,1
51,Pico de Gallo,Mexico,25,1,0.2,5,Maintenance,Snack,0
51,Sliced Papaya,Mexico,43,0.5,0.1,11,Maintenance,Snack,0
51,Toasted Corn (Esquites),Mexico,150,4,6,25,Maintenance,Snack,1
51,Walnuts,Mexico,654,15,65,14,Maintenance,Snack,0
52,Sliced Mango,Thailand,60,0.8,0.4,15,Muscle Gain,Snack,0
52,Steamed Corn,Thailand,96,3.4,1.5,21,Muscle Gain,Snack,0
52,Roasted Cashews,Thailand,553,18,44,30,Muscle Gain,Snack,1
52,Dried Jackfruit,Thailand,280,2,0.6,72,Muscle Gain,Snack,0
52,Sliced Papaya,Thailand,43,0.5,0.1,11,Muscle Gain,Snack,0
52,Sliced Dragon Fruit,Thailand,60,1.2,0.8,13,Muscle Gain,Snack,0
52,Small Rice Cracker,Thailand,380,7,1,85,Muscle Gain,Snack,0
52,Roasted Peanuts,Thailand,567,26,49,16,Muscle Gain,Snack,1
52,Sliced Starfruit,Thailand,31,1,0.3,7,Muscle Gain,Snack,0
52,Sliced Watermelon,Thailand,30,0.6,0.2,8,Muscle Gain,Snack,0
53,Marcona Almonds,Spain,600,20,54,18,Weight Loss,Snack,0
53,Sliced Jam?n (Lean),Spain,145,30,3,0,Weight Loss,Snack,1
53,Sliced Orange,Spain,47,0.9,0.1,12,Weight Loss,Snack,1
53,Toasted Hazelnuts,Spain,628,15,60,17,Weight Loss,Snack,0
53,Roasted Broad Beans,Spain,340,25,2,50,Weight Loss,Snack,0
53,Walnuts,Spain,654,15,65,14,Weight Loss,Snack,0
53,Olives,Spain,115,0.8,11,6,Weight Loss,Snack,1
53,Sliced Peaches,Spain,39,0.9,0.3,10,Weight Loss,Snack,1
53,Picos (Breadsticks),Spain,400,10,5,75,Weight Loss,Snack,0
53,Sliced Cantaloupe,Spain,34,0.8,0.2,8,Weight Loss,Snack,1
54,Roasted Pumpkin Seeds,Mexico,559,30,49,10,Maintenance,Snack,0
54,Jicama with Chili/Lime,Mexico,38,0.7,0.1,9,Maintenance,Snack,0
54,Sliced Mango,Mexico,60,0.8,0.4,15,Maintenance,Snack,0
54,Baked Tortilla Chips,Mexico,450,7,20,65,Maintenance,Snack,0
54,Toasted Chickpeas,Mexico,164,19,6,27,Maintenance,Snack,1
54,Guacamole (Small),Mexico,160,2,15,9,Maintenance,Snack,1
54,Pico de Gallo,Mexico,25,1,0.2,5,Maintenance,Snack,0
54,Sliced Papaya,Mexico,43,0.5,0.1,11,Maintenance,Snack,0
54,Toasted Corn (Esquites),Mexico,150,4,6,25,Maintenance,Snack,1
54,Walnuts,Mexico,654,15,65,14,Maintenance,Snack,0
55,Roasted Chestnuts,China,245,3,2,53,Weight Loss,Snack,0
55,Dried Hawthorn,China,260,1,0.5,65,Weight Loss,Snack,0
55,Steamed Bun (Small),China,230,8,2,45,Weight Loss,Snack,0
55,Roasted Soy Nuts,China,450,40,20,33,Weight Loss,Snack,0
55,Sliced Dragon Fruit,China,60,1.2,0.8,13,Weight Loss,Snack,1
55,Pumpkin Seeds,China,559,30,49,10,Weight Loss,Snack,0
55,Dried Lychee,China,280,3,1,70,Weight Loss,Snack,0
55,Baked Dumplings,China,195,9,10,18,Weight Loss,Snack,1
55,Walnut Halves,China,654,15,65,14,Weight Loss,Snack,0
55,Sliced Pear,China,57,0.4,0.1,15,Weight Loss,Snack,1
56,Roasted Hazelnuts,Turkey,628,15,60,17,Muscle Gain,Snack,0
56,Dried Apricots,Turkey,241,3,0.5,62,Muscle Gain,Snack,0
56,Pistachios,Turkey,562,20,45,27,Muscle Gain,Snack,1
56,Sunflower Seeds,Turkey,584,21,51,20,Muscle Gain,Snack,1
56,Dried Figs,Turkey,249,3,1,64,Muscle Gain,Snack,0
56,Sliced Quince,Turkey,57,0.4,0.1,15,Muscle Gain,Snack,0
56,Walnuts,Turkey,654,15,65,14,Muscle Gain,Snack,0
56,Roasted Pumpkin Seeds,Turkey,559,30,49,10,Muscle Gain,Snack,1
56,Labneh with Herbs,Turkey,155,8,12,5,Muscle Gain,Snack,0
56,Sliced Melon,Turkey,34,0.8,0.2,8,Muscle Gain,Snack,0
57,Edamame,Japan,122,11,5,10,Maintenance,Snack,1
57,Seaweed Snacks,Japan,35,6,0.5,5,Maintenance,Snack,0
57,Roasted Soybeans,Japan,450,40,20,33,Maintenance,Snack,0
57,Rice Crackers,Japan,380,7,1,85,Maintenance,Snack,1
57,Dried Squid,Japan,300,60,3,2,Maintenance,Snack,1
57,Tamagoyaki,Japan,150,10,10,4,Maintenance,Snack,1
57,Green Tea Mochi,Japan,230,2,0.5,55,Maintenance,Snack,1
57,Small Onigiri,Japan,130,3,0.3,28,Maintenance,Snack,1
57,Dried Shiitake,Japan,290,10,1,75,Maintenance,Snack,1
57,Sliced Persimmon,Japan,70,0.6,0.2,19,Maintenance,Snack,0
58,Marcona Almonds,Spain,600,20,54,18,Maintenance,Snack,0
58,Sliced Jam?n (Lean),Spain,145,30,3,0,Maintenance,Snack,1
58,Sliced Orange,Spain,47,0.9,0.1,12,Maintenance,Snack,0
58,Toasted Hazelnuts,Spain,628,15,60,17,Maintenance,Snack,0
58,Roasted Broad Beans,Spain,340,25,2,50,Maintenance,Snack,1
58,Walnuts,Spain,654,15,65,14,Maintenance,Snack,0
58,Olives,Spain,115,0.8,11,6,Maintenance,Snack,1
58,Sliced Peaches,Spain,39,0.9,0.3,10,Maintenance,Snack,0
58,Picos (Breadsticks),Spain,400,10,5,75,Maintenance,Snack,0
58,Sliced Cantaloupe,Spain,34,0.8,0.2,8,Maintenance,Snack,0
59,Walnuts,France,654,15,65,14,Weight Loss,Snack,0
59,Hard Cheese (Comte),France,410,27,33,1,Weight Loss,Snack,0
59,Sliced Pear,France,57,0.4,0.1,15,Weight Loss,Snack,1
59,Radishes with Salt,France,16,0.7,0.1,3.4,Weight Loss,Snack,1
59,Almonds,France,579,21,50,22,Weight Loss,Snack,0
59,Baked Apple,France,60,0.5,0.2,15,Weight Loss,Snack,1
59,Mini Quiche (Veg),France,250,8,18,14,Weight Loss,Snack,0
59,Yogurt with Honey,France,115,9,4,12,Weight Loss,Snack,1
59,Hazelnuts,France,628,15,60,17,Weight Loss,Snack,0
59,Dark Chocolate (85%),France,598,8,45,24,Weight Loss,Snack,0
60,Brazil Nuts,Brazil,656,14,66,12,Maintenance,Snack,0
60,Cashew Nuts,Brazil,553,18,44,30,Maintenance,Snack,0
60,Sliced Guava,Brazil,68,2.6,1,14,Maintenance,Snack,0
60,Baked Mini Empada,Brazil,280,8,15,28,Maintenance,Snack,1
60,Tapioca Cubes,Brazil,350,0.2,0.1,85,Maintenance,Snack,1
60,Roasted Peanuts,Brazil,567,26,49,16,Maintenance,Snack,0
60,Sliced Pineapple,Brazil,50,0.5,0.1,13,Maintenance,Snack,0
60,Sunflower Seeds,Brazil,584,21,51,20,Maintenance,Snack,0
60,Dried Mango,Brazil,320,2,1,78,Maintenance,Snack,1
60,Sliced Coconut,Brazil,354,3,33,15,Maintenance,Snack,1
61,Ajwa Dates,Saudi Arabia,282,2.5,0.4,75,Muscle Gain,Snack,0
61,Roasted Pistachios,Saudi Arabia,562,20,45,27,Muscle Gain,Snack,1
61,Roasted Almonds,Saudi Arabia,579,21,50,22,Muscle Gain,Snack,1
61,Pumpkin Seeds,Saudi Arabia,559,30,49,10,Muscle Gain,Snack,1
61,Dried Figs,Saudi Arabia,249,3,1,64,Muscle Gain,Snack,0
61,Baked Falafel,Saudi Arabia,180,13,10,20,Muscle Gain,Snack,0
61,Labneh Dip with Veggies,Saudi Arabia,155,8,12,5,Muscle Gain,Snack,0
61,Walnuts,Saudi Arabia,654,15,65,14,Muscle Gain,Snack,0
61,Roasted Hazelnuts,Saudi Arabia,628,15,60,17,Muscle Gain,Snack,0
61,Dried Apricots,Saudi Arabia,241,3,0.5,62,Muscle Gain,Snack,0
62,Roasted Pistachios,Greece,562,20,45,27,Weight Loss,Snack,0
62,Kalamata Olives,Greece,115,0.8,11,6,Weight Loss,Snack,1
62,Feta Cubes,Greece,264,14,21,4,Weight Loss,Snack,0
62,Dried Figs,Greece,249,3,1,64,Weight Loss,Snack,0
62,Walnuts,Greece,654,15,65,14,Weight Loss,Snack,0
62,Greek Yogurt (Small),Greece,59,10,0.4,3.6,Weight Loss,Snack,1
62,Sliced Cucumber,Greece,15,0.7,0.1,3.6,Weight Loss,Snack,1
62,Roasted Chickpeas,Greece,164,19,6,27,Weight Loss,Snack,1
62,Pomegranate Seeds,Greece,83,1.7,1.2,19,Weight Loss,Snack,1
62,Sliced Grapes,Greece,69,0.7,0.2,18,Weight Loss,Snack,1
63,Walnuts,France,654,15,65,14,Weight Loss,Snack,0
63,Hard Cheese (Comte),France,410,27,33,1,Weight Loss,Snack,0
63,Sliced Pear,France,57,0.4,0.1,15,Weight Loss,Snack,1
63,Radishes with Salt,France,16,0.7,0.1,3.4,Weight Loss,Snack,1
63,Almonds,France,579,21,50,22,Weight Loss,Snack,0
63,Baked Apple,France,60,0.5,0.2,15,Weight Loss,Snack,1
63,Mini Quiche (Veg),France,250,8,18,14,Weight Loss,Snack,0
63,Yogurt with Honey,France,115,9,4,12,Weight Loss,Snack,1
63,Hazelnuts,France,628,15,60,17,Weight Loss,Snack,0
63,Dark Chocolate (85%),France,598,8,45,24,Weight Loss,Snack,0
64,Roasted Pistachios,Greece,562,20,45,27,Muscle Gain,Snack,1
64,Kalamata Olives,Greece,115,0.8,11,6,Muscle Gain,Snack,0
64,Feta Cubes,Greece,264,14,21,4,Muscle Gain,Snack,0
64,Dried Figs,Greece,249,3,1,64,Muscle Gain,Snack,0
64,Walnuts,Greece,654,15,65,14,Muscle Gain,Snack,0
64,Greek Yogurt (Small),Greece,59,10,0.4,3.6,Muscle Gain,Snack,0
64,Sliced Cucumber,Greece,15,0.7,0.1,3.6,Muscle Gain,Snack,0
64,Roasted Chickpeas,Greece,164,19,6,27,Muscle Gain,Snack,1
64,Pomegranate Seeds,Greece,83,1.7,1.2,19,Muscle Gain,Snack,0
64,Sliced Grapes,Greece,69,0.7,0.2,18,Muscle Gain,Snack,0
65,Roasted Chickpeas,Pakistan,164,19,6,27,Maintenance,Snack,1
65,Mixed Dry Fruits,Pakistan,600,15,45,20,Maintenance,Snack,0
65,Corn on the Cob,Pakistan,90,3,1,19,Maintenance,Snack,0
65,Fruit Chaat,Pakistan,80,1,0.5,18,Maintenance,Snack,0
65,Roasted Almonds,Pakistan,579,21,50,22,Maintenance,Snack,0
65,Walnuts,Pakistan,654,15,65,14,Maintenance,Snack,0
65,Baked Veggie Samosa,Pakistan,180,4,8,22,Maintenance,Snack,1
65,Guava with Chaat Masala,Pakistan,68,2.6,1,14,Maintenance,Snack,0
65,Puffed Rice,Pakistan,400,6,0.5,90,Maintenance,Snack,0
65,Dried Apricots,Pakistan,241,3,0.5,62,Maintenance,Snack,1
66,Brazil Nuts,Brazil,656,14,66,12,Weight Loss,Snack,0
66,Cashew Nuts,Brazil,553,18,44,30,Weight Loss,Snack,0
66,Sliced Guava,Brazil,68,2.6,1,14,Weight Loss,Snack,1
66,Baked Mini Empada,Brazil,280,8,15,28,Weight Loss,Snack,0
66,Tapioca Cubes,Brazil,350,0.2,0.1,85,Weight Loss,Snack,0
66,Roasted Peanuts,Brazil,567,26,49,16,Weight Loss,Snack,0
66,Sliced Pineapple,Brazil,50,0.5,0.1,13,Weight Loss,Snack,1
66,Sunflower Seeds,Brazil,584,21,51,20,Weight Loss,Snack,0
66,Dried Mango,Brazil,320,2,1,78,Weight Loss,Snack,0
66,Sliced Coconut,Brazil,354,3,33,15,Weight Loss,Snack,0
67,Almonds,USA,579,21,50,22,Weight Loss,Snack,0
67,Celery with Peanut Butter,USA,190,7,16,10,Weight Loss,Snack,1
67,Beef Jerky (Lean),USA,410,33,25,11,Weight Loss,Snack,0
67,Apple Slices,USA,52,0.3,0.2,14,Weight Loss,Snack,1
67,Greek Yogurt,USA,59,10,0.4,3.6,Weight Loss,Snack,1
67,Trail Mix,USA,460,13,31,45,Weight Loss,Snack,0
67,Hard Boiled Egg,USA,155,13,11,1,Weight Loss,Snack,1
67,Pumpkin Seeds,USA,559,30,49,10,Weight Loss,Snack,0
67,Blueberries,USA,57,0.7,0.3,14,Weight Loss,Snack,1
67,String Cheese,USA,280,24,20,2,Weight Loss,Snack,0
68,Roasted Chickpeas,Pakistan,164,19,6,27,Weight Loss,Snack,1
68,Mixed Dry Fruits,Pakistan,600,15,45,20,Weight Loss,Snack,0
68,Corn on the Cob,Pakistan,90,3,1,19,Weight Loss,Snack,1
68,Fruit Chaat,Pakistan,80,1,0.5,18,Weight Loss,Snack,1
68,Roasted Almonds,Pakistan,579,21,50,22,Weight Loss,Snack,0
68,Walnuts,Pakistan,654,15,65,14,Weight Loss,Snack,0
68,Baked Veggie Samosa,Pakistan,180,4,8,22,Weight Loss,Snack,1
68,Guava with Chaat Masala,Pakistan,68,2.6,1,14,Weight Loss,Snack,1
68,Puffed Rice,Pakistan,400,6,0.5,90,Weight Loss,Snack,0
68,Dried Apricots,Pakistan,241,3,0.5,62,Weight Loss,Snack,0
69,Roasted Chickpeas,Pakistan,164,19,6,27,Maintenance,Snack,1
69,Mixed Dry Fruits,Pakistan,600,15,45,20,Maintenance,Snack,0
69,Corn on the Cob,Pakistan,90,3,1,19,Maintenance,Snack,0
69,Fruit Chaat,Pakistan,80,1,0.5,18,Maintenance,Snack,0
69,Roasted Almonds,Pakistan,579,21,50,22,Maintenance,Snack,0
69,Walnuts,Pakistan,654,15,65,14,Maintenance,Snack,0
69,Baked Veggie Samosa,Pakistan,180,4,8,22,Maintenance,Snack,1
69,Guava with Chaat Masala,Pakistan,68,2.6,1,14,Maintenance,Snack,0
69,Puffed Rice,Pakistan,400,6,0.5,90,Maintenance,Snack,0
69,Dried Apricots,Pakistan,241,3,0.5,62,Maintenance,Snack,1
70,Marcona Almonds,Spain,600,20,54,18,Maintenance,Snack,0
70,Sliced Jam?n (Lean),Spain,145,30,3,0,Maintenance,Snack,1
70,Sliced Orange,Spain,47,0.9,0.1,12,Maintenance,Snack,0
70,Toasted Hazelnuts,Spain,628,15,60,17,Maintenance,Snack,0
70,Roasted Broad Beans,Spain,340,25,2,50,Maintenance,Snack,1
70,Walnuts,Spain,654,15,65,14,Maintenance,Snack,0
70,Olives,Spain,115,0.8,11,6,Maintenance,Snack,1
70,Sliced Peaches,Spain,39,0.9,0.3,10,Maintenance,Snack,0
70,Picos (Breadsticks),Spain,400,10,5,75,Maintenance,Snack,0
70,Sliced Cantaloupe,Spain,34,0.8,0.2,8,Maintenance,Snack,0
71,Sliced Mango,Thailand,60,0.8,0.4,15,Weight Loss,Snack,1
71,Steamed Corn,Thailand,96,3.4,1.5,21,Weight Loss,Snack,1
71,Roasted Cashews,Thailand,553,18,44,30,Weight Loss,Snack,0
71,Dried Jackfruit,Thailand,280,2,0.6,72,Weight Loss,Snack,0
71,Sliced Papaya,Thailand,43,0.5,0.1,11,Weight Loss,Snack,1
71,Sliced Dragon Fruit,Thailand,60,1.2,0.8,13,Weight Loss,Snack,1
71,Small Rice Cracker,Thailand,380,7,1,85,Weight Loss,Snack,0
71,Roasted Peanuts,Thailand,567,26,49,16,Weight Loss,Snack,0
71,Sliced Starfruit,Thailand,31,1,0.3,7,Weight Loss,Snack,1
71,Sliced Watermelon,Thailand,30,0.6,0.2,8,Weight Loss,Snack,1
72,Roasted Chickpeas,Pakistan,164,19,6,27,Weight Loss,Snack,1
72,Mixed Dry Fruits,Pakistan,600,15,45,20,Weight Loss,Snack,0
72,Corn on the Cob,Pakistan,90,3,1,19,Weight Loss,Snack,1
72,Fruit Chaat,Pakistan,80,1,0.5,18,Weight Loss,Snack,1
72,Roasted Almonds,Pakistan,579,21,50,22,Weight Loss,Snack,0
72,Walnuts,Pakistan,654,15,65,14,Weight Loss,Snack,0
72,Baked Veggie Samosa,Pakistan,180,4,8,22,Weight Loss,Snack,1
72,Guava with Chaat Masala,Pakistan,68,2.6,1,14,Weight Loss,Snack,1
72,Puffed Rice,Pakistan,400,6,0.5,90,Weight Loss,Snack,0
72,Dried Apricots,Pakistan,241,3,0.5,62,Weight Loss,Snack,0
73,Roasted Pistachios,Greece,562,20,45,27,Muscle Gain,Snack,1
73,Kalamata Olives,Greece,115,0.8,11,6,Muscle Gain,Snack,0
73,Feta Cubes,Greece,264,14,21,4,Muscle Gain,Snack,0
73,Dried Figs,Greece,249,3,1,64,Muscle Gain,Snack,0
73,Walnuts,Greece,654,15,65,14,Muscle Gain,Snack,0
73,Greek Yogurt (Small),Greece,59,10,0.4,3.6,Muscle Gain,Snack,0
73,Sliced Cucumber,Greece,15,0.7,0.1,3.6,Muscle Gain,Snack,0
73,Roasted Chickpeas,Greece,164,19,6,27,Muscle Gain,Snack,1
73,Pomegranate Seeds,Greece,83,1.7,1.2,19,Muscle Gain,Snack,0
73,Sliced Grapes,Greece,69,0.7,0.2,18,Muscle Gain,Snack,0
74,Walnuts,France,654,15,65,14,Weight Loss,Snack,0
74,Hard Cheese (Comte),France,410,27,33,1,Weight Loss,Snack,0
74,Sliced Pear,France,57,0.4,0.1,15,Weight Loss,Snack,1
74,Radishes with Salt,France,16,0.7,0.1,3.4,Weight Loss,Snack,1
74,Almonds,France,579,21,50,22,Weight Loss,Snack,0
74,Baked Apple,France,60,0.5,0.2,15,Weight Loss,Snack,1
74,Mini Quiche (Veg),France,250,8,18,14,Weight Loss,Snack,0
74,Yogurt with Honey,France,115,9,4,12,Weight Loss,Snack,1
74,Hazelnuts,France,628,15,60,17,Weight Loss,Snack,0
74,Dark Chocolate (85%),France,598,8,45,24,Weight Loss,Snack,0
75,Roasted Chickpeas,Pakistan,164,19,6,27,Weight Loss,Snack,1
75,Mixed Dry Fruits,Pakistan,600,15,45,20,Weight Loss,Snack,0
75,Corn on the Cob,Pakistan,90,3,1,19,Weight Loss,Snack,1
75,Fruit Chaat,Pakistan,80,1,0.5,18,Weight Loss,Snack,1
75,Roasted Almonds,Pakistan,579,21,50,22,Weight Loss,Snack,0
75,Walnuts,Pakistan,654,15,65,14,Weight Loss,Snack,0
75,Baked Veggie Samosa,Pakistan,180,4,8,22,Weight Loss,Snack,1
75,Guava with Chaat Masala,Pakistan,68,2.6,1,14,Weight Loss,Snack,1
75,Puffed Rice,Pakistan,400,6,0.5,90,Weight Loss,Snack,0
75,Dried Apricots,Pakistan,241,3,0.5,62,Weight Loss,Snack,0
76,Roasted Makhana,India,350,9,0.5,77,Weight Loss,Snack,0
76,Roasted Chana,India,164,19,6,27,Weight Loss,Snack,1
76,Sprouted Moong Salad,India,105,7,0.5,19,Weight Loss,Snack,1
76,Masala Oats,India,389,13,7,66,Weight Loss,Snack,0
76,Roasted Peanuts,India,567,26,49,16,Weight Loss,Snack,0
76,Paneer Cubes (Grilled),India,265,18,20,1,Weight Loss,Snack,0
76,Masala Corn,India,90,3,1,19,Weight Loss,Snack,1
76,Guava slices,India,68,2.6,1,14,Weight Loss,Snack,1
76,Roasted Cashews,India,553,18,44,30,Weight Loss,Snack,0
76,Steamed Dhokla,India,160,6,4,26,Weight Loss,Snack,1
77,Walnuts,France,654,15,65,14,Muscle Gain,Snack,0
77,Hard Cheese (Comte),France,410,27,33,1,Muscle Gain,Snack,1
77,Sliced Pear,France,57,0.4,0.1,15,Muscle Gain,Snack,0
77,Radishes with Salt,France,16,0.7,0.1,3.4,Muscle Gain,Snack,0
77,Almonds,France,579,21,50,22,Muscle Gain,Snack,1
77,Baked Apple,France,60,0.5,0.2,15,Muscle Gain,Snack,0
77,Mini Quiche (Veg),France,250,8,18,14,Muscle Gain,Snack,0
77,Yogurt with Honey,France,115,9,4,12,Muscle Gain,Snack,0
77,Hazelnuts,France,628,15,60,17,Muscle Gain,Snack,0
77,Dark Chocolate (85%),France,598,8,45,24,Muscle Gain,Snack,0
78,Roasted Pistachios,Lebanon,562,20,45,27,Maintenance,Snack,0
78,Pumpkin Seeds,Lebanon,559,30,49,10,Maintenance,Snack,0
78,Dried Figs,Lebanon,249,3,1,64,Maintenance,Snack,1
78,Roasted Almonds,Lebanon,579,21,50,22,Maintenance,Snack,0
78,Walnuts,Lebanon,654,15,65,14,Maintenance,Snack,0
78,Hummus with Veggies,Lebanon,166,8,10,14,Maintenance,Snack,1
78,Baked Sambousek,Lebanon,250,10,12,25,Maintenance,Snack,1
78,Sliced Dates,Lebanon,282,2.5,0.4,75,Maintenance,Snack,1
78,Sliced Apricots,Lebanon,48,1.4,0.3,11,Maintenance,Snack,0
78,Labneh Dip,Lebanon,155,8,12,5,Maintenance,Snack,1
79,Roasted Chickpeas,Pakistan,164,19,6,27,Weight Loss,Snack,1
79,Mixed Dry Fruits,Pakistan,600,15,45,20,Weight Loss,Snack,0
79,Corn on the Cob,Pakistan,90,3,1,19,Weight Loss,Snack,1
79,Fruit Chaat,Pakistan,80,1,0.5,18,Weight Loss,Snack,1
79,Roasted Almonds,Pakistan,579,21,50,22,Weight Loss,Snack,0
79,Walnuts,Pakistan,654,15,65,14,Weight Loss,Snack,0
79,Baked Veggie Samosa,Pakistan,180,4,8,22,Weight Loss,Snack,1
79,Guava with Chaat Masala,Pakistan,68,2.6,1,14,Weight Loss,Snack,1
79,Puffed Rice,Pakistan,400,6,0.5,90,Weight Loss,Snack,0
79,Dried Apricots,Pakistan,241,3,0.5,62,Weight Loss,Snack,0
80,Roasted Makhana,India,350,9,0.5,77,Maintenance,Snack,1
80,Roasted Chana,India,164,19,6,27,Maintenance,Snack,1
80,Sprouted Moong Salad,India,105,7,0.5,19,Maintenance,Snack,1
80,Masala Oats,India,389,13,7,66,Maintenance,Snack,1
80,Roasted Peanuts,India,567,26,49,16,Maintenance,Snack,0
80,Paneer Cubes (Grilled),India,265,18,20,1,Maintenance,Snack,1
80,Masala Corn,India,90,3,1,19,Maintenance,Snack,0
80,Guava slices,India,68,2.6,1,14,Maintenance,Snack,0
80,Roasted Cashews,India,553,18,44,30,Maintenance,Snack,0
80,Steamed Dhokla,India,160,6,4,26,Maintenance,Snack,1
81,Sliced Mango,Thailand,60,0.8,0.4,15,Maintenance,Snack,0
81,Steamed Corn,Thailand,96,3.4,1.5,21,Maintenance,Snack,0
81,Roasted Cashews,Thailand,553,18,44,30,Maintenance,Snack,0
81,Dried Jackfruit,Thailand,280,2,0.6,72,Maintenance,Snack,1
81,Sliced Papaya,Thailand,43,0.5,0.1,11,Maintenance,Snack,0
81,Sliced Dragon Fruit,Thailand,60,1.2,0.8,13,Maintenance,Snack,0
81,Small Rice Cracker,Thailand,380,7,1,85,Maintenance,Snack,1
81,Roasted Peanuts,Thailand,567,26,49,16,Maintenance,Snack,0
81,Sliced Starfruit,Thailand,31,1,0.3,7,Maintenance,Snack,0
81,Sliced Watermelon,Thailand,30,0.6,0.2,8,Maintenance,Snack,0
82,Almonds,USA,579,21,50,22,Maintenance,Snack,0
82,Celery with Peanut Butter,USA,190,7,16,10,Maintenance,Snack,1
82,Beef Jerky (Lean),USA,410,33,25,11,Maintenance,Snack,0
82,Apple Slices,USA,52,0.3,0.2,14,Maintenance,Snack,0
82,Greek Yogurt,USA,59,10,0.4,3.6,Maintenance,Snack,0
82,Trail Mix,USA,460,13,31,45,Maintenance,Snack,0
82,Hard Boiled Egg,USA,155,13,11,1,Maintenance,Snack,1
82,Pumpkin Seeds,USA,559,30,49,10,Maintenance,Snack,0
82,Blueberries,USA,57,0.7,0.3,14,Maintenance,Snack,0
82,String Cheese,USA,280,24,20,2,Maintenance,Snack,1
83,Marcona Almonds,Spain,600,20,54,18,Muscle Gain,Snack,1
83,Sliced Jam?n (Lean),Spain,145,30,3,0,Muscle Gain,Snack,1
83,Sliced Orange,Spain,47,0.9,0.1,12,Muscle Gain,Snack,0
83,Toasted Hazelnuts,Spain,628,15,60,17,Muscle Gain,Snack,0
83,Roasted Broad Beans,Spain,340,25,2,50,Muscle Gain,Snack,1
83,Walnuts,Spain,654,15,65,14,Muscle Gain,Snack,0
83,Olives,Spain,115,0.8,11,6,Muscle Gain,Snack,0
83,Sliced Peaches,Spain,39,0.9,0.3,10,Muscle Gain,Snack,0
83,Picos (Breadsticks),Spain,400,10,5,75,Muscle Gain,Snack,0
83,Sliced Cantaloupe,Spain,34,0.8,0.2,8,Muscle Gain,Snack,0
84,Ajwa Dates,Saudi Arabia,282,2.5,0.4,75,Weight Loss,Snack,0
84,Roasted Pistachios,Saudi Arabia,562,20,45,27,Weight Loss,Snack,0
84,Roasted Almonds,Saudi Arabia,579,21,50,22,Weight Loss,Snack,0
84,Pumpkin Seeds,Saudi Arabia,559,30,49,10,Weight Loss,Snack,0
84,Dried Figs,Saudi Arabia,249,3,1,64,Weight Loss,Snack,0
84,Baked Falafel,Saudi Arabia,180,13,10,20,Weight Loss,Snack,1
84,Labneh Dip with Veggies,Saudi Arabia,155,8,12,5,Weight Loss,Snack,1
84,Walnuts,Saudi Arabia,654,15,65,14,Weight Loss,Snack,0
84,Roasted Hazelnuts,Saudi Arabia,628,15,60,17,Weight Loss,Snack,0
84,Dried Apricots,Saudi Arabia,241,3,0.5,62,Weight Loss,Snack,0
85,Roasted Chestnuts,China,245,3,2,53,Weight Loss,Snack,0
85,Dried Hawthorn,China,260,1,0.5,65,Weight Loss,Snack,0
85,Steamed Bun (Small),China,230,8,2,45,Weight Loss,Snack,0
85,Roasted Soy Nuts,China,450,40,20,33,Weight Loss,Snack,0
85,Sliced Dragon Fruit,China,60,1.2,0.8,13,Weight Loss,Snack,1
85,Pumpkin Seeds,China,559,30,49,10,Weight Loss,Snack,0
85,Dried Lychee,China,280,3,1,70,Weight Loss,Snack,0
85,Baked Dumplings,China,195,9,10,18,Weight Loss,Snack,1
85,Walnut Halves,China,654,15,65,14,Weight Loss,Snack,0
85,Sliced Pear,China,57,0.4,0.1,15,Weight Loss,Snack,1
86,Sliced Mango,Thailand,60,0.8,0.4,15,Weight Loss,Snack,1
86,Steamed Corn,Thailand,96,3.4,1.5,21,Weight Loss,Snack,1
86,Roasted Cashews,Thailand,553,18,44,30,Weight Loss,Snack,0
86,Dried Jackfruit,Thailand,280,2,0.6,72,Weight Loss,Snack,0
86,Sliced Papaya,Thailand,43,0.5,0.1,11,Weight Loss,Snack,1
86,Sliced Dragon Fruit,Thailand,60,1.2,0.8,13,Weight Loss,Snack,1
86,Small Rice Cracker,Thailand,380,7,1,85,Weight Loss,Snack,0
86,Roasted Peanuts,Thailand,567,26,49,16,Weight Loss,Snack,0
86,Sliced Starfruit,Thailand,31,1,0.3,7,Weight Loss,Snack,1
86,Sliced Watermelon,Thailand,30,0.6,0.2,8,Weight Loss,Snack,1
87,Marcona Almonds,Spain,600,20,54,18,Weight Loss,Snack,0
87,Sliced Jam?n (Lean),Spain,145,30,3,0,Weight Loss,Snack,1
87,Sliced Orange,Spain,47,0.9,0.1,12,Weight Loss,Snack,1
87,Toasted Hazelnuts,Spain,628,15,60,17,Weight Loss,Snack,0
87,Roasted Broad Beans,Spain,340,25,2,50,Weight Loss,Snack,0
87,Walnuts,Spain,654,15,65,14,Weight Loss,Snack,0
87,Olives,Spain,115,0.8,11,6,Weight Loss,Snack,1
87,Sliced Peaches,Spain,39,0.9,0.3,10,Weight Loss,Snack,1
87,Picos (Breadsticks),Spain,400,10,5,75,Weight Loss,Snack,0
87,Sliced Cantaloupe,Spain,34,0.8,0.2,8,Weight Loss,Snack,1
88,Almonds,USA,579,21,50,22,Maintenance,Snack,0
88,Celery with Peanut Butter,USA,190,7,16,10,Maintenance,Snack,1
88,Beef Jerky (Lean),USA,410,33,25,11,Maintenance,Snack,0
88,Apple Slices,USA,52,0.3,0.2,14,Maintenance,Snack,0
88,Greek Yogurt,USA,59,10,0.4,3.6,Maintenance,Snack,0
88,Trail Mix,USA,460,13,31,45,Maintenance,Snack,0
88,Hard Boiled Egg,USA,155,13,11,1,Maintenance,Snack,1
88,Pumpkin Seeds,USA,559,30,49,10,Maintenance,Snack,0
88,Blueberries,USA,57,0.7,0.3,14,Maintenance,Snack,0
88,String Cheese,USA,280,24,20,2,Maintenance,Snack,1
89,Roasted Hazelnuts,Turkey,628,15,60,17,Muscle Gain,Snack,0
89,Dried Apricots,Turkey,241,3,0.5,62,Muscle Gain,Snack,0
89,Pistachios,Turkey,562,20,45,27,Muscle Gain,Snack,1
89,Sunflower Seeds,Turkey,584,21,51,20,Muscle Gain,Snack,1
89,Dried Figs,Turkey,249,3,1,64,Muscle Gain,Snack,0
89,Sliced Quince,Turkey,57,0.4,0.1,15,Muscle Gain,Snack,0
89,Walnuts,Turkey,654,15,65,14,Muscle Gain,Snack,0
89,Roasted Pumpkin Seeds,Turkey,559,30,49,10,Muscle Gain,Snack,1
89,Labneh with Herbs,Turkey,155,8,12,5,Muscle Gain,Snack,0
89,Sliced Melon,Turkey,34,0.8,0.2,8,Muscle Gain,Snack,0
90,Roasted Chickpeas,Pakistan,164,19,6,27,Muscle Gain,Snack,1
90,Mixed Dry Fruits,Pakistan,600,15,45,20,Muscle Gain,Snack,0
90,Corn on the Cob,Pakistan,90,3,1,19,Muscle Gain,Snack,0
90,Fruit Chaat,Pakistan,80,1,0.5,18,Muscle Gain,Snack,0
90,Roasted Almonds,Pakistan,579,21,50,22,Muscle Gain,Snack,1
90,Walnuts,Pakistan,654,15,65,14,Muscle Gain,Snack,0
90,Baked Veggie Samosa,Pakistan,180,4,8,22,Muscle Gain,Snack,0
90,Guava with Chaat Masala,Pakistan,68,2.6,1,14,Muscle Gain,Snack,0
90,Puffed Rice,Pakistan,400,6,0.5,90,Muscle Gain,Snack,0
90,Dried Apricots,Pakistan,241,3,0.5,62,Muscle Gain,Snack,0
91,Marcona Almonds,Spain,600,20,54,18,Weight Loss,Snack,0
91,Sliced Jam?n (Lean),Spain,145,30,3,0,Weight Loss,Snack,1
91,Sliced Orange,Spain,47,0.9,0.1,12,Weight Loss,Snack,1
91,Toasted Hazelnuts,Spain,628,15,60,17,Weight Loss,Snack,0
91,Roasted Broad Beans,Spain,340,25,2,50,Weight Loss,Snack,0
91,Walnuts,Spain,654,15,65,14,Weight Loss,Snack,0
91,Olives,Spain,115,0.8,11,6,Weight Loss,Snack,1
91,Sliced Peaches,Spain,39,0.9,0.3,10,Weight Loss,Snack,1
91,Picos (Breadsticks),Spain,400,10,5,75,Weight Loss,Snack,0
91,Sliced Cantaloupe,Spain,34,0.8,0.2,8,Weight Loss,Snack,1
92,Roasted Pistachios,Lebanon,562,20,45,27,Weight Loss,Snack,0
92,Pumpkin Seeds,Lebanon,559,30,49,10,Weight Loss,Snack,0
92,Dried Figs,Lebanon,249,3,1,64,Weight Loss,Snack,0
92,Roasted Almonds,Lebanon,579,21,50,22,Weight Loss,Snack,0
92,Walnuts,Lebanon,654,15,65,14,Weight Loss,Snack,0
92,Hummus with Veggies,Lebanon,166,8,10,14,Weight Loss,Snack,1
92,Baked Sambousek,Lebanon,250,10,12,25,Weight Loss,Snack,0
92,Sliced Dates,Lebanon,282,2.5,0.4,75,Weight Loss,Snack,0
92,Sliced Apricots,Lebanon,48,1.4,0.3,11,Weight Loss,Snack,1
92,Labneh Dip,Lebanon,155,8,12,5,Weight Loss,Snack,1
93,Roasted Makhana,India,350,9,0.5,77,Weight Loss,Snack,0
93,Roasted Chana,India,164,19,6,27,Weight Loss,Snack,1
93,Sprouted Moong Salad,India,105,7,0.5,19,Weight Loss,Snack,1
93,Masala Oats,India,389,13,7,66,Weight Loss,Snack,0
93,Roasted Peanuts,India,567,26,49,16,Weight Loss,Snack,0
93,Paneer Cubes (Grilled),India,265,18,20,1,Weight Loss,Snack,0
93,Masala Corn,India,90,3,1,19,Weight Loss,Snack,1
93,Guava slices,India,68,2.6,1,14,Weight Loss,Snack,1
93,Roasted Cashews,India,553,18,44,30,Weight Loss,Snack,0
93,Steamed Dhokla,India,160,6,4,26,Weight Loss,Snack,1
94,Roasted Chickpeas,Pakistan,164,19,6,27,Maintenance,Snack,1
94,Mixed Dry Fruits,Pakistan,600,15,45,20,Maintenance,Snack,0
94,Corn on the Cob,Pakistan,90,3,1,19,Maintenance,Snack,0
94,Fruit Chaat,Pakistan,80,1,0.5,18,Maintenance,Snack,0
94,Roasted Almonds,Pakistan,579,21,50,22,Maintenance,Snack,0
94,Walnuts,Pakistan,654,15,65,14,Maintenance,Snack,0
94,Baked Veggie Samosa,Pakistan,180,4,8,22,Maintenance,Snack,1
94,Guava with Chaat Masala,Pakistan,68,2.6,1,14,Maintenance,Snack,0
94,Puffed Rice,Pakistan,400,6,0.5,90,Maintenance,Snack,0
94,Dried Apricots,Pakistan,241,3,0.5,62,Maintenance,Snack,1
95,Roasted Pistachios,Greece,562,20,45,27,Maintenance,Snack,0
95,Kalamata Olives,Greece,115,0.8,11,6,Maintenance,Snack,1
95,Feta Cubes,Greece,264,14,21,4,Maintenance,Snack,1
95,Dried Figs,Greece,249,3,1,64,Maintenance,Snack,1
95,Walnuts,Greece,654,15,65,14,Maintenance,Snack,0
95,Greek Yogurt (Small),Greece,59,10,0.4,3.6,Maintenance,Snack,0
95,Sliced Cucumber,Greece,15,0.7,0.1,3.6,Maintenance,Snack,0
95,Roasted Chickpeas,Greece,164,19,6,27,Maintenance,Snack,1
95,Pomegranate Seeds,Greece,83,1.7,1.2,19,Maintenance,Snack,0
95,Sliced Grapes,Greece,69,0.7,0.2,18,Maintenance,Snack,0
96,Marcona Almonds,Spain,600,20,54,18,Muscle Gain,Snack,1
96,Sliced Jam?n (Lean),Spain,145,30,3,0,Muscle Gain,Snack,1
96,Sliced Orange,Spain,47,0.9,0.1,12,Muscle Gain,Snack,0
96,Toasted Hazelnuts,Spain,628,15,60,17,Muscle Gain,Snack,0
96,Roasted Broad Beans,Spain,340,25,2,50,Muscle Gain,Snack,1
96,Walnuts,Spain,654,15,65,14,Muscle Gain,Snack,0
96,Olives,Spain,115,0.8,11,6,Muscle Gain,Snack,0
96,Sliced Peaches,Spain,39,0.9,0.3,10,Muscle Gain,Snack,0
96,Picos (Breadsticks),Spain,400,10,5,75,Muscle Gain,Snack,0
96,Sliced Cantaloupe,Spain,34,0.8,0.2,8,Muscle Gain,Snack,0
97,Ajwa Dates,Saudi Arabia,282,2.5,0.4,75,Weight Loss,Snack,0
97,Roasted Pistachios,Saudi Arabia,562,20,45,27,Weight Loss,Snack,0
97,Roasted Almonds,Saudi Arabia,579,21,50,22,Weight Loss,Snack,0
97,Pumpkin Seeds,Saudi Arabia,559,30,49,10,Weight Loss,Snack,0
97,Dried Figs,Saudi Arabia,249,3,1,64,Weight Loss,Snack,0
97,Baked Falafel,Saudi Arabia,180,13,10,20,Weight Loss,Snack,1
97,Labneh Dip with Veggies,Saudi Arabia,155,8,12,5,Weight Loss,Snack,1
97,Walnuts,Saudi Arabia,654,15,65,14,Weight Loss,Snack,0
97,Roasted Hazelnuts,Saudi Arabia,628,15,60,17,Weight Loss,Snack,0
97,Dried Apricots,Saudi Arabia,241,3,0.5,62,Weight Loss,Snack,0
98,Roasted Pistachios,Greece,562,20,45,27,Muscle Gain,Snack,1
98,Kalamata Olives,Greece,115,0.8,11,6,Muscle Gain,Snack,0
98,Feta Cubes,Greece,264,14,21,4,Muscle Gain,Snack,0
98,Dried Figs,Greece,249,3,1,64,Muscle Gain,Snack,0
98,Walnuts,Greece,654,15,65,14,Muscle Gain,Snack,0
98,Greek Yogurt (Small),Greece,59,10,0.4,3.6,Muscle Gain,Snack,0
98,Sliced Cucumber,Greece,15,0.7,0.1,3.6,Muscle Gain,Snack,0
98,Roasted Chickpeas,Greece,164,19,6,27,Muscle Gain,Snack,1
98,Pomegranate Seeds,Greece,83,1.7,1.2,19,Muscle Gain,Snack,0
98,Sliced Grapes,Greece,69,0.7,0.2,18,Muscle Gain,Snack,0
99,Ajwa Dates,Saudi Arabia,282,2.5,0.4,75,Muscle Gain,Snack,0
99,Roasted Pistachios,Saudi Arabia,562,20,45,27,Muscle Gain,Snack,1
99,Roasted Almonds,Saudi Arabia,579,21,50,22,Muscle Gain,Snack,1
99,Pumpkin Seeds,Saudi Arabia,559,30,49,10,Muscle Gain,Snack,1
99,Dried Figs,Saudi Arabia,249,3,1,64,Muscle Gain,Snack,0
99,Baked Falafel,Saudi Arabia,180,13,10,20,Muscle Gain,Snack,0
99,Labneh Dip with Veggies,Saudi Arabia,155,8,12,5,Muscle Gain,Snack,0
99,Walnuts,Saudi Arabia,654,15,65,14,Muscle Gain,Snack,0
99,Roasted Hazelnuts,Saudi Arabia,628,15,60,17,Muscle Gain,Snack,0
99,Dried Apricots,Saudi Arabia,241,3,0.5,62,Muscle Gain,Snack,0
100,Roasted Pistachios,Greece,562,20,45,27,Muscle Gain,Snack,1
100,Kalamata Olives,Greece,115,0.8,11,6,Muscle Gain,Snack,0
100,Feta Cubes,Greece,264,14,21,4,Muscle Gain,Snack,0
100,Dried Figs,Greece,249,3,1,64,Muscle Gain,Snack,0
100,Walnuts,Greece,654,15,65,14,Muscle Gain,Snack,0
100,Greek Yogurt (Small),Greece,59,10,0.4,3.6,Muscle Gain,Snack,0
100,Sliced Cucumber,Greece,15,0.7,0.1,3.6,Muscle Gain,Snack,0
100,Roasted Chickpeas,Greece,164,19,6,27,Muscle Gain,Snack,1
100,Pomegranate Seeds,Greece,83,1.7,1.2,19,Muscle Gain,Snack,0
100,Sliced Grapes,Greece,69,0.7,0.2,18,Muscle Gain,Snack,0
